source,review_id,date,rating,text,author,app_version,clean_text,word_count,day,week,p_negative,p_neutral,p_positive,sentiment,confidence
Google Play,9c84ef03-6860-4a2e-bced-b7da42c06c54,2026-10-01 16:24:53,4,I paid for it now I need premium to listen to songs,Yolanda Tasi,9.1.86.2432,i paid for it now i need premium to listen to songs,12,2026-10-01,2026-09-28,0.1066,0.7949,0.0986,neutral,0.7949
Google Play,b384eed2-0825-4cc0-ad67-061e2d44f7bc,2026-10-01 16:19:49,5,nice app,Punniyakotti Mani,9.1.84.2231,nice app,2,2026-10-01,2026-09-28,0.0221,0.086,0.8919,positive,0.8919
Google Play,147de9d8-1c2a-4798-b484-ac9989dbdc9a,2026-10-01 16:19:34,4,iam only sad about the thing that they remove some songs for my location but other than that I love Spotify,Aashish Aashish,9.1.72.1891,iam only sad about the thing that they remove some songs for my location but other than that i love spotify,21,2026-10-01,2026-09-28,0.4478,0.3509,0.2012,negative,0.4478
Google Play,63529602-2f91-4f81-9501-6db20208d9f1,2026-10-01 16:19:05,5,"If I could give this app more than 100000 stars I will, I tried all the music apps but this one is really the best for music, I've been using it for over 15 years even before it starts to be available in my region and it can't be replaced with any other apps, thanks for the fascinating app.",Passent Badry,9.1.86.2432,if i could give this app more than 100000 stars i will i tried all the music apps but this one is really the best for music i've been using it for over 15 years even before it starts to be available in my region and it can't be replaced with any other apps thanks for the fascinating app,59,2026-10-01,2026-09-28,0.006,0.0164,0.9776,positive,0.9776
Google Play,b9d5dee9-1fac-4f67-b648-6d672cb58b79,2026-10-01 16:18:34,5,"Spotify is very good app,you can play any music of your choice. the music are well arranged and easy to find. I really like it 😁",Samuel Ajayi Agboola,9.1.86.2432,spotify is very good app you can play any music of your choice the music are well arranged and easy to find i really like it,26,2026-10-01,2026-09-28,0.0026,0.0096,0.9878,positive,0.9878
Google Play,e93fd3e0-e9b3-41fe-89cf-f1b747c71168,2026-10-01 16:17:44,4,"Good, very good but many ads I'M lazy to write more sorry",Robi Jules Monter Ligad,,good very good but many ads i'm lazy to write more sorry,12,2026-10-01,2026-09-28,0.6091,0.2049,0.186,negative,0.6091
Google Play,dd7725de-6600-4b6a-a410-071fca2c5d47,2026-10-01 16:16:53,5,Just wish there was a dislike button so the DJ stops playing songs I don't listen to.,Zach Vega,9.1.86.2432,just wish there was a dislike button so the dj stops playing songs i don't listen to,17,2026-10-01,2026-09-28,0.8044,0.1805,0.0151,negative,0.8044
Google Play,148bd9ea-def6-4554-812b-e9551bcf2b35,2026-10-01 16:07:40,3,Not to be rude or anything but u should really remove the forced shuffle it is so annoying and I mean Spotify is a great app but the forced shuffle is really pointless and annoying and it makes its hard to enjoy your songs the way u like could u please remove the forced shuffle,Senulya Vithanage,9.1.86.2432,not to be rude or anything but u should really remove the forced shuffle it is so annoying and i mean spotify is a great app but the forced shuffle is really pointless and annoying and it makes its hard to enjoy your songs the way u like could u please remove the forced shuffle,55,2026-10-01,2026-09-28,0.904,0.0853,0.0107,negative,0.904
Google Play,2f01d152-b6a9-4eae-bbdc-704b89e01ee1,2026-10-01 15:58:25,5,"it's the best app if you want to listen to any music like Soft,Dark,Sad, Happy and energetic music you can install this app it is the best app I have ever seen",Nidhi More,9.1.86.2432,it's the best app if you want to listen to any music like soft dark sad happy and energetic music you can install this app it is the best app i have ever seen,34,2026-10-01,2026-09-28,0.0034,0.0113,0.9853,positive,0.9853
Google Play,b46727bc-4771-40ca-8883-3ef5240a62a9,2026-10-01 15:55:45,1,kept getting ads every 7 minutes,Owen Watson,9.1.86.2432,kept getting ads every 7 minutes,6,2026-10-01,2026-09-28,0.6342,0.3503,0.0155,negative,0.6342
Google Play,a4245fc4-ba37-4735-9ca7-863455f44c3e,2026-10-01 15:53:56,5,I like the fact that am likely to find the song am looking for anytime I search🥂💕👍,Danny Shansonde,9.1.80.2221,i like the fact that am likely to find the song am looking for anytime i search,17,2026-10-01,2026-09-28,0.0025,0.0181,0.9794,positive,0.9794
Google Play,26de4766-92f9-44bd-8bf6-38f4d7a47335,2026-10-01 15:51:01,4,Good for music listening and podcast,Ronald Laurecio,9.1.84.2231,good for music listening and podcast,6,2026-10-01,2026-09-28,0.0036,0.1027,0.8937,positive,0.8937
Google Play,1326696f-6228-4168-8d62-5118cdb701e1,2026-10-01 15:46:56,5,Okay this is super obvi but this is THE BEST music app in the world!!😝😝😝,Krishnanjana Lilly,9.1.86.2432,okay this is super obvi but this is the best music app in the world,15,2026-10-01,2026-09-28,0.0047,0.0082,0.9871,positive,0.9871
Google Play,cecb629b-0509-412e-a39d-f96c978e806a,2026-10-01 15:39:20,4,"Local music album art doesn't loaded, shows empty cover art",Asri Arriffin,9.1.88.2204,local music album art doesn't loaded shows empty cover art,10,2026-10-01,2026-09-28,0.7399,0.2471,0.013,negative,0.7399
Google Play,bbfaab11-e361-45b2-b941-2bd456caee98,2026-10-01 15:36:31,5,it's been a lovely Spotify experience,Armstrong Dauda,9.1.86.2432,it's been a lovely spotify experience,6,2026-10-01,2026-09-28,0.0049,0.0144,0.9807,positive,0.9807
Google Play,a89b8e4a-7cc2-4297-a04b-bbeaf4bdd77e,2026-10-01 15:34:20,1,Ads and Ads and Ads . I'm hear to listen music not ads..,Saira Hasan,,ads and ads and ads i'm hear to listen music not ads,12,2026-10-01,2026-09-28,0.6676,0.2989,0.0335,negative,0.6676
Google Play,1636b1fe-8904-4562-8308-3db9844ed2df,2026-10-01 15:30:19,4,I like this app I didnt hive 5 stat because that add is very long😔,Pramila Bhandari,9.1.86.2432,i like this app i didnt hive 5 stat because that add is very long,15,2026-10-01,2026-09-28,0.2477,0.3276,0.4248,positive,0.4248
Google Play,5598f057-2f61-4912-948e-4320f6c33479,2026-10-01 15:28:12,5,i love their mix,oyeleye kehinde,9.1.78.2218,i love their mix,4,2026-10-01,2026-09-28,0.0032,0.0211,0.9757,positive,0.9757
Google Play,57919d3b-855a-43eb-8f86-d630ee2121e1,2026-10-01 15:24:21,5,found what music I was looking for in 2023.,Teresa C Roslan,9.1.86.2432,found what music i was looking for in 2023,9,2026-10-01,2026-09-28,0.0121,0.384,0.6039,positive,0.6039
Google Play,0b7cab8c-1f75-4e69-988f-3d0eb2fb944e,2026-10-01 15:22:09,5,yyuiiii m,Kanta Devi,9.1.86.2432,yyuiiii m,2,2026-10-01,2026-09-28,0.0726,0.7545,0.1729,neutral,0.7545
Google Play,eb17e31d-7011-4f10-bef0-915f1703dd49,2026-10-01 15:19:22,5,"I saw your mom on here,next time I'll give it 6 stars",Shikha Mittal,9.1.72.1891,i saw your mom on here next time i'll give it 6 stars,13,2026-10-01,2026-09-28,0.0207,0.4474,0.5318,positive,0.5318
Google Play,0b6e7be9-b390-4a61-bbae-84c09033e5c2,2026-10-01 15:16:11,1,"I cant play the song I want I hate it. what's the point of this app then. it also mixes song that aren't in my Playlist with it and even when i report an add, it still gives me those. Annoying.",Sandhya Goyal,9.1.88.2204,i cant play the song i want i hate it what's the point of this app then it also mixes song that aren't in my playlist with it and even when i report an add it still gives me those annoying,41,2026-10-01,2026-09-28,0.9311,0.0634,0.0055,negative,0.9311
Google Play,52363142-bacf-4d03-a124-90fbd89a02a6,2026-10-01 15:14:07,5,it gives offline music which is good and awesome it serves quality music,Unathi Skosana,9.1.80.2221,it gives offline music which is good and awesome it serves quality music,13,2026-10-01,2026-09-28,0.0032,0.0354,0.9614,positive,0.9614
Google Play,c9772102-6065-46f6-886e-6ddc5208cdf4,2026-10-01 15:08:33,3,"Good app but the shuffle feature doesn't constantly shuffle so ends up playing the same songs. Only way to reshuffle is to go into the app on the phone and reshuffle, which isn't a problem unless you are driving.",Glen Bowden (CliMa),9.1.88.2204,good app but the shuffle feature doesn't constantly shuffle so ends up playing the same songs only way to reshuffle is to go into the app on the phone and reshuffle which isn't a problem unless you are driving,39,2026-10-01,2026-09-28,0.4607,0.41,0.1293,negative,0.4607
Google Play,fb42c2aa-7ddd-4f3c-9702-5e215ef43289,2026-10-01 14:58:40,5,easy to work with songs play beautifully and it doesn't change the playlist on its own but the repeat button is hard to find,Grace Chambwera,9.1.84.2231,easy to work with songs play beautifully and it doesn't change the playlist on its own but the repeat button is hard to find,24,2026-10-01,2026-09-28,0.1156,0.4022,0.4822,positive,0.4822
Google Play,9a15d1f2-c652-4fbd-a045-18ed8a38d7c8,2026-10-01 14:54:51,5,world best song app,anil Mithbavkar,9.0.88.1405,world best song app,4,2026-10-01,2026-09-28,0.0054,0.0393,0.9553,positive,0.9553
Google Play,e1f1ed53-5833-4033-b725-f057bdabee86,2026-10-01 14:53:02,5,great playlist,Din Din P.,,great playlist,2,2026-10-01,2026-09-28,0.01,0.0383,0.9517,positive,0.9517
Google Play,a0360e29-e0d7-4ae8-a3cb-b5270863e310,2026-10-01 14:52:24,5,good experience 😃😁,Ansar Ahmad,9.1.86.2432,good experience,2,2026-10-01,2026-09-28,0.0041,0.0164,0.9795,positive,0.9795
Google Play,ad916568-4f2d-4a9e-ba48-dbcdf8571abd,2026-10-01 14:49:47,1,offline music,Awais SomRo,,offline music,2,2026-10-01,2026-09-28,0.0434,0.8866,0.07,neutral,0.8866
Google Play,119782f6-a599-4d90-b8cb-7cef2f4612fe,2026-10-01 14:46:03,5,excellent app for listening songs,Ayush singh,9.1.88.2204,excellent app for listening songs,5,2026-10-01,2026-09-28,0.0035,0.0286,0.9679,positive,0.9679
Google Play,6db6e266-003e-4eb8-a9f9-fe7edd8c3873,2026-10-01 14:44:51,2,start of every song the volume changes it'll tried everything please fix this big please,Paul,9.1.86.2432,start of every song the volume changes it'll tried everything please fix this big please,15,2026-10-01,2026-09-28,0.7657,0.2076,0.0267,negative,0.7657
Google Play,fbb35b5e-4342-41ec-8450-2e82acf75186,2026-10-01 14:40:23,3,lots of ads,Jinia Afroz,9.1.86.2432,lots of ads,3,2026-10-01,2026-09-28,0.7532,0.2289,0.0179,negative,0.7532
Google Play,47359309-0676-4836-873c-76bc2a5425b3,2026-10-01 14:33:19,5,oh nice to hear,AKKALA JANARDHAN,9.1.86.2432,oh nice to hear,4,2026-10-01,2026-09-28,0.0113,0.0369,0.9518,positive,0.9518
Google Play,360b0a1b-3df4-4097-b8e9-e4529d3a3d8d,2026-10-01 14:32:32,5,the songs are so satisfying,Vergel Samortin,,the songs are so satisfying,5,2026-10-01,2026-09-28,0.0066,0.0197,0.9737,positive,0.9737
Google Play,a899f0c2-f390-4b95-98fe-c506d24247bd,2026-10-01 14:30:49,5,ot the best 1,Nomsa Hlophe,,ot the best 1,4,2026-10-01,2026-09-28,0.0186,0.1538,0.8275,positive,0.8275
Google Play,c45d528b-603f-4236-a473-e3bcd9f49982,2026-10-01 14:28:29,1,why premium,Karthik,9.1.28.2252,why premium,2,2026-10-01,2026-09-28,0.4385,0.5205,0.041,neutral,0.5205
Google Play,a5343e1f-ab81-4306-906f-bc078f5362f3,2026-10-01 14:26:31,5,It is stress free app I heard many heart melting songs,Manjula Sathish,9.1.86.2432,it is stress free app i heard many heart melting songs,11,2026-10-01,2026-09-28,0.0042,0.0183,0.9776,positive,0.9776
Google Play,2f720263-9c8d-431a-a889-6ae20fc533cc,2026-10-01 14:26:07,3,Look I love It But I Hate The Damm Commercial After Listening To A Few Songs,shark scorpion solis,9.1.86.2432,look i love it but i hate the damm commercial after listening to a few songs,16,2026-10-01,2026-09-28,0.6412,0.2968,0.0621,negative,0.6412
Google Play,6f366f83-9580-4152-af17-e61be82d04a3,2026-10-01 14:20:14,5,the best,Emile Daunor,,the best,2,2026-10-01,2026-09-28,0.0178,0.0646,0.9176,positive,0.9176
Google Play,60c762c8-449f-4069-8eba-015f7a476540,2026-10-01 14:17:00,1,"Cant learn music tastes and constantly plays 'recomended' tracks on the middle of a gym session. Adverts are mind bendingly repetitive. Nothing would tempme to pay for the same app, without the ads.",Jim H,9.0.68.613,cant learn music tastes and constantly plays 'recomended' tracks on the middle of a gym session adverts are mind bendingly repetitive nothing would tempme to pay for the same app without the ads,33,2026-10-01,2026-09-28,0.8898,0.1024,0.0079,negative,0.8898
Google Play,6b177d09-cfd9-42e4-b838-c52c7bd4c881,2026-10-01 14:14:26,5,it is very nice,Satish B G,9.1.84.2231,it is very nice,4,2026-10-01,2026-09-28,0.0088,0.0297,0.9615,positive,0.9615
Google Play,e6e3d49c-20a1-4097-bb80-6f30e6b8ebec,2026-10-01 14:12:25,5,just woooow 🥹🫠🥀,Shandana Singh,9.1.80.2221,just woooow,2,2026-10-01,2026-09-28,0.3923,0.4871,0.1206,neutral,0.4871
Google Play,bffc7e6f-8c59-45d3-84ef-21a6312ad707,2026-10-01 14:07:02,5,Love this app! Cheap premium always offer for u 👍,Khairul H,9.1.86.2432,love this app cheap premium always offer for u,9,2026-10-01,2026-09-28,0.0032,0.0111,0.9857,positive,0.9857
Google Play,effd9b68-188f-45d2-821e-085c5947f7c7,2026-10-01 14:04:41,1,"one worst app that I used it don't paly any song which I want, but ios phone there is no problem .",Mojtaba Askari,9.1.56.574,one worst app that i used it don't paly any song which i want but ios phone there is no problem,21,2026-10-01,2026-09-28,0.9228,0.0698,0.0074,negative,0.9228
Google Play,4feb3ab1-72cf-47c6-be67-e425c28510a5,2026-10-01 14:03:09,1,no sound playing,clins,9.1.80.2221,no sound playing,3,2026-10-01,2026-09-28,0.1673,0.7554,0.0773,neutral,0.7554
Google Play,137655c9-fa89-4629-87bd-e410d2a59062,2026-10-01 13:55:50,5,so goooookd except for the adds am too broke for premimium,Juliana Maduakor,9.1.86.2432,so goooookd except for the adds am too broke for premimium,11,2026-10-01,2026-09-28,0.7393,0.2117,0.049,negative,0.7393
Google Play,7ec0698b-ebd7-4c45-be77-81d6ab8755d0,2026-10-01 13:52:02,4,"easy to use, fantastic app",karabo Gosebo,9.1.82.2161,easy to use fantastic app,5,2026-10-01,2026-09-28,0.0053,0.0131,0.9816,positive,0.9816
Google Play,71a96a2d-1863-47ad-808b-5112f9a34bc3,2026-10-01 13:51:11,4,"good app, but adds that come when we dont use Premium is just simply irritating",Rupesh S,9.1.72.1891,good app but adds that come when we dont use premium is just simply irritating,15,2026-10-01,2026-09-28,0.8252,0.1516,0.0232,negative,0.8252
App Store,14613944608,2026-10-01 07:24:11,5,Hi. I love Spotify it is my favourite app bc all of my favourite songs are on here for free with no adds love it and u can scroll on songs but one thing u can add is song finder so u just sing a bit of the song or the backtrack and it finds the song u are looking forg I love Spotify this is my favourite app ty to who created this app,Sawadika there she goes,9.1.86,hi i love spotify it is my favourite app bc all of my favourite songs are on here for free with no adds love it and u can scroll on songs but one thing u can add is song finder so u just sing a bit of the song or the backtrack and it finds the song u are looking forg i love spotify this is my favourite app ty to who created this app,75,2026-10-01,2026-09-28,0.03496666666666667,0.16456666666666667,0.8005,positive,0.8005
App Store,14613944200,2026-10-01 07:24:01,5,Music. Greatest app to ever exist,Soundcloudfan69,9.1.86,music greatest app to ever exist,6,2026-10-01,2026-09-28,0.0048,0.0151,0.9802,positive,0.9802
App Store,14613885395,2026-10-01 06:58:26,3,"SHUFFLE 24hrs RESET. Please, I don’t need my playlist restating from a song I started the playlist with 24hrs before while I have the shuffle option on, just allow all the songs play to the end before reseting to the song I started the playlist with",TyMarvee,9.1.86,shuffle 24hrs reset please i don t need my playlist restating from a song i started the playlist with 24hrs before while i have the shuffle option on just allow all the songs play to the end before reseting to the song i started the playlist with,47,2026-10-01,2026-09-28,0.6653,0.3168,0.0179,negative,0.6653
App Store,14613880064,2026-10-01 06:56:07,1,I hate it thanks for infinity ads. Hope founeder will find his happiness in hell,Вистис,9.1.86,i hate it thanks for infinity ads hope founeder will find his happiness in hell,15,2026-10-01,2026-09-28,0.9573,0.0361,0.0066,negative,0.9573
App Store,14613867709,2026-10-01 06:50:42,2,Payment system. Bad experience for payment,Tnnvrr,9.1.86,payment system bad experience for payment,6,2026-10-01,2026-09-28,0.9082,0.0817,0.0101,negative,0.9082
App Store,14613863776,2026-10-01 06:48:57,2,"AI ruins the experience. I enjoy the platform, but AI has been quickly ruining my experience. Protect real artists.",CoolCookieGames,9.1.86,ai ruins the experience i enjoy the platform but ai has been quickly ruining my experience protect real artists,19,2026-10-01,2026-09-28,0.8997,0.0895,0.0108,negative,0.8997
App Store,14613859277,2026-10-01 06:46:59,1,Pay artists better. Pay the artists on your platform better.,Zaddycat,9.1.86,pay artists better pay the artists on your platform better,10,2026-10-01,2026-09-28,0.1224,0.5657,0.3119,neutral,0.5657
App Store,14613836494,2026-10-01 06:36:47,5,Ben. CNN T,Vxnjyz ball,9.1.86,ben cnn t,3,2026-10-01,2026-09-28,0.0327,0.877,0.0903,neutral,0.877
App Store,14613835776,2026-10-01 06:36:27,2,What the hell is going on in this app?!. We've released an update that limits the line for free tier users to 15 identical tracks from the playlist!,Silence.76,9.1.86,what the hell is going on in this app we've released an update that limits the line for free tier users to 15 identical tracks from the playlist,28,2026-10-01,2026-09-28,0.8861,0.1048,0.0091,negative,0.8861
App Store,14613726201,2026-10-01 05:48:16,5,Ehh. Gud music ig,kimgston montgomery&&&@,9.1.86,ehh gud music ig,4,2026-10-01,2026-09-28,0.0069,0.0659,0.9272,positive,0.9272
App Store,14613712128,2026-10-01 05:42:08,5,Best app. 🤤,クリアカイ,9.1.86,best app,2,2026-10-01,2026-09-28,0.0047,0.011,0.9843,positive,0.9843
App Store,14613702683,2026-10-01 05:37:57,5,"SPOTIFY>APPLE. You can actually navigate Spotify easily, constantly recommending music, curated playlists, and DJ X. Also Spotify is intergraded in more products than Apple",Gronkman89,9.1.86,spotify apple you can actually navigate spotify easily constantly recommending music curated playlists and dj x also spotify is intergraded in more products than apple,25,2026-10-01,2026-09-28,0.0037,0.0956,0.9006,positive,0.9006
App Store,14613648813,2026-10-01 05:14:27,5,"Best dam DJ 🇬🇾✌🏼👍🏽💙🕊️🇺🇸🙏🏽🫡🫂🧽🥯😎. I love Spotify they’re big shots now tho, I had Spotify since the beginning",BIGFish456,9.1.86,best dam dj i love spotify they re big shots now tho i had spotify since the beginning,18,2026-10-01,2026-09-28,0.0037,0.0161,0.9802,positive,0.9802
App Store,14613594597,2026-10-01 04:50:49,5,5 star. Love it all my music and podcast in one place!,shoeshow34,9.1.86,5 star love it all my music and podcast in one place,12,2026-10-01,2026-09-28,0.0037,0.0096,0.9866,positive,0.9866
App Store,14613584493,2026-10-01 04:46:25,5,GREAT. This is actually a great app for music I’m mainly writing this out of bias but it’s really good and Beabadoobee carries,zezewannabe me,9.1.86,great this is actually a great app for music i m mainly writing this out of bias but it s really good and beabadoobee carries,25,2026-10-01,2026-09-28,0.0068,0.0128,0.9804,positive,0.9804
App Store,14613562698,2026-10-01 04:36:57,5,Outstanding. I love Spotify!,Eighthstreetcommunity,9.1.86,outstanding i love spotify,4,2026-10-01,2026-09-28,0.0057,0.0118,0.9825,positive,0.9825
App Store,14613538682,2026-10-01 04:26:32,5,Great. Love it,Zeke-The-Sleek,9.1.86,great love it,3,2026-10-01,2026-09-28,0.0054,0.0142,0.9804,positive,0.9804
App Store,14613516122,2026-10-01 04:16:55,5,Spotify. SPOTIFY IS AMAZING!!!!!!!!!!!!!!!!!!!!!!!!!!!!!!!!!!!!!!!!!!!!!!!!!!!!!!!!!!!!! Just wish that all of the OBOB audio books would be available to listen to.,Gughghgffygctyytty,9.1.86,spotify spotify is amazing just wish that all of the obob audio books would be available to listen to,19,2026-10-01,2026-09-28,0.0056,0.0119,0.9825,positive,0.9825
App Store,14613516014,2026-10-01 04:16:52,4,"Hate the amount of ads but... This app is amazing if you don’t think about the ads, would recommend if you are fine with about 3 minute breaks every like 5 songs",lcon4ever,9.1.86,hate the amount of ads but this app is amazing if you don t think about the ads would recommend if you are fine with about 3 minute breaks every like 5 songs,33,2026-10-01,2026-09-28,0.1132,0.1469,0.7399,positive,0.7399
App Store,14613512938,2026-10-01 04:15:32,3,“Whats New” tab selection. I like the app but your platform got rid of the “what’s new” tab selection when you click on your name or initial at the upper left of the screen. So on Fridays I have to go to other platforms to see “What’s new” for all genres.,Infinity g3nius,9.1.86,whats new tab selection i like the app but your platform got rid of the what s new tab selection when you click on your name or initial at the upper left of the screen so on fridays i have to go to other platforms to see what s new for all genres,53,2026-10-01,2026-09-28,0.4616,0.4818,0.0565,neutral,0.4818
App Store,14613499098,2026-10-01 04:09:35,5,Great App. The best,ReezTio50,9.1.86,great app the best,4,2026-10-01,2026-09-28,0.0042,0.0108,0.985,positive,0.985
App Store,14613497848,2026-10-01 04:09:05,5,"Take my money. Honestly love it! I use the app everyday! Music, podcast, and books. And I also love that it gives me updates on concerts and new music and also plays music very similar to the artist or music I listen to and the other things I’ve mentioned. This is my #1 app I use on my phone!",Danquin25,9.1.86,take my money honestly love it i use the app everyday music podcast and books and i also love that it gives me updates on concerts and new music and also plays music very similar to the artist or music i listen to and the other things i ve mentioned this is my 1 app i use on my phone,60,2026-10-01,2026-09-28,0.003,0.0116,0.9854,positive,0.9854
App Store,14613493683,2026-10-01 04:07:21,4,Who is y’all. Why can’t we put the songs that we want in order like who are you guys,Csucdcisdifhsdifh Sudbury,9.1.86,who is y all why can t we put the songs that we want in order like who are you guys,21,2026-10-01,2026-09-28,0.7331,0.2542,0.0128,negative,0.7331
App Store,14613492332,2026-10-01 04:06:48,5,Good. My favorite songs are good and sound raelly smooth🤩,Dj12eli,9.1.86,good my favorite songs are good and sound raelly smooth,10,2026-10-01,2026-09-28,0.0037,0.0119,0.9844,positive,0.9844
App Store,14613490705,2026-10-01 04:06:07,1,Adds. Too many adds,Unknown_big_back,9.1.86,adds too many adds,4,2026-10-01,2026-09-28,0.354,0.5266,0.1194,neutral,0.5266
App Store,14613486309,2026-10-01 04:04:16,5,love ittt. love spotify sorry for you brokies who can’t afford premium. either way it’s good,gillson mimo,9.1.86,love ittt love spotify sorry for you brokies who can t afford premium either way it s good,18,2026-10-01,2026-09-28,0.0194,0.0407,0.9399,positive,0.9399
App Store,14613484001,2026-10-01 04:03:19,1,Price. Too expensive,E-mm@n,9.1.86,price too expensive,3,2026-10-01,2026-09-28,0.7948,0.1874,0.0178,negative,0.7948
App Store,14613453914,2026-10-01 03:50:37,1,"Bing. I need them to stop asking me to review their app i because they keep asking me to review their I am writing a review for an app. I don’t wanna write a review. They’re dumb for making me write a review but here I am I’m writing a review and I’m trying to get the numbers up so that I can support this review trying to get those numbers up apparently I need to write out like 200 words maybe more I don’t know either way Spotify I mean what you want you know

Also, can you see where the Dawn’s are really late but so proudly we hailed by the twilight, less climbing who’s brought stripes and bright stars through the powerless fight or the Ramp parts we brought were so gallantly screaming, and the rockets were glare. The bombs bursting in air gave proof through the night that our flag was still there that bard banner Yet wave or the land of the free in the home of the brave.",guitarheroX,9.1.86,bing i need them to stop asking me to review their app i because they keep asking me to review their i am writing a review for an app i don t wanna write a review they re dumb for making me write a review but here i am i m writing a review and i m trying to get the numbers up so that i can support this review trying to get those numbers up apparently i need to write out like 200 words maybe more i don t know either way spotify i mean what you want you know also can you see where the dawn s are really late but so proudly we hailed by the twilight less climbing who s brought stripes and bright stars through the powerless fight or the ramp parts we brought were so gallantly screaming and the rockets were glare the bombs bursting in air gave proof through the night that our flag was still there that bard banner yet wave or the land of the free in the home of the brave,181,2026-10-01,2026-09-28,0.452525,0.415575,0.13192500000000001,negative,0.4525
App Store,14613450146,2026-10-01 03:49:02,5,My refit. Why does my redit story not work for me when I’m at work and why it is that it takes so long for it to load and the title says on thing and the story is one that I already heard the before,otherwise love this app,9.1.86,my refit why does my redit story not work for me when i m at work and why it is that it takes so long for it to load and the title says on thing and the story is one that i already heard the before,46,2026-10-01,2026-09-28,0.858,0.1338,0.0082,negative,0.858
App Store,14613449626,2026-10-01 03:48:49,5,Awesome. Best music app everrrrr,Matthewlovesdodgers17,9.1.86,awesome best music app everrrrr,5,2026-10-01,2026-09-28,0.0034,0.0077,0.9889,positive,0.9889
App Store,14613434077,2026-10-01 03:42:14,5,"SO MUCH BETTER. I’ve loved spotify so much better than any other music apps i’ve used. it like combines all the different things you can do without paying on other apps and puts them all together as available for free and unlike most apps, the premium is way worth it. the app is totally usable and the free version is also amazing but the perks you get with premium are so nice. 100% recommend! 5 stars",UncleStuReview,9.1.86,so much better i ve loved spotify so much better than any other music apps i ve used it like combines all the different things you can do without paying on other apps and puts them all together as available for free and unlike most apps the premium is way worth it the app is totally usable and the free version is also amazing but the perks you get with premium are so nice 100 recommend 5 stars,78,2026-10-01,2026-09-28,0.005900000000000001,0.01315,0.98095,positive,0.981
App Store,14613398670,2026-10-01 03:27:33,5,Marco Antonio Solís. Great job,Xiomara Benavides,9.1.86,marco antonio sol s great job,6,2026-10-01,2026-09-28,0.005,0.0324,0.9625,positive,0.9625
App Store,14613392132,2026-10-01 03:24:55,5,Greatest app. I find so much music on Spotify.,slp77235,9.1.86,greatest app i find so much music on spotify,9,2026-10-01,2026-09-28,0.0046,0.0128,0.9827,positive,0.9827
App Store,14613388885,2026-10-01 03:23:37,5,"The Rules Say Don't Talk About It. They say if you speak their name, you invite them in—so I shouldn't even be writing this. The skinwalker stories on this podcast are absolutely spot on and capture that forbidden dread perfectly. But it doesn't stop there; the show is also packed with other incredibly engaging, creepy stories that keep you completely hooked. The narration and deep-woods atmosphere deliver pure terror every time. Listen at your own risk, just don't talk about it afterward!",lilycharming,9.1.86,the rules say don't talk about it they say if you speak their name you invite them in so i shouldn't even be writing this the skinwalker stories on this podcast are absolutely spot on and capture that forbidden dread perfectly but it doesn't stop there the show is also packed with other incredibly engaging creepy stories that keep you completely hooked the narration and deep woods atmosphere deliver pure terror every time listen at your own risk just don't talk about it afterward,84,2026-10-01,2026-09-28,0.35705,0.23695,0.40599999999999997,positive,0.406
App Store,14613382684,2026-10-01 03:21:03,5,Ads. Stop putting 5 ads in a row thanks,Cheneel,9.1.86,ads stop putting 5 ads in a row thanks,9,2026-10-01,2026-09-28,0.8429,0.1449,0.0123,negative,0.8429
App Store,14613337894,2026-10-01 03:03:14,4,Good. I like it but the box doesn’t have clean version,Lebroooooooooooooo,9.1.86,good i like it but the box doesn t have clean version,12,2026-10-01,2026-09-28,0.1243,0.3502,0.5254,positive,0.5254
App Store,14613325756,2026-10-01 02:58:24,3,No. Not good without premium,Cindy my mini,9.1.86,no not good without premium,5,2026-10-01,2026-09-28,0.7278,0.24,0.0322,negative,0.7278
App Store,14613318401,2026-10-01 02:55:27,5,10/10. w spotify,=&4 4$4*;(;,9.1.86,10 10 w spotify,4,2026-10-01,2026-09-28,0.008,0.1822,0.8099,positive,0.8099
App Store,14613317727,2026-10-01 02:55:12,1,Stop with the ai garbage. Stop adding random ai features no one cares about and fix your algorithm!,Wariothegreat,9.1.86,stop with the ai garbage stop adding random ai features no one cares about and fix your algorithm,18,2026-10-01,2026-09-28,0.9268,0.0671,0.0061,negative,0.9268
App Store,14613314339,2026-10-01 02:53:52,4,Love. Genuinely only great if you use premium. Otherwise not worth it,Jayden🫥,9.1.86,love genuinely only great if you use premium otherwise not worth it,12,2026-10-01,2026-09-28,0.0289,0.0825,0.8886,positive,0.8886
App Store,14613312439,2026-10-01 02:53:07,5,Spotify. I love it because I can listen to music but please take away the ads even though I have no money to buy premium unless yall wanna buy me it if yall want but I love this app sooooo much💕,Liliana pablo,9.1.86,spotify i love it because i can listen to music but please take away the ads even though i have no money to buy premium unless yall wanna buy me it if yall want but i love this app sooooo much,41,2026-10-01,2026-09-28,0.0289,0.0648,0.9062,positive,0.9062
App Store,14613312398,2026-10-01 02:53:06,3,Pink blush. It won’t let me listen to pink blush,Raeleigh Decker,9.1.86,pink blush it won t let me listen to pink blush,11,2026-10-01,2026-09-28,0.7227,0.2595,0.0178,negative,0.7227
App Store,14613310249,2026-10-01 02:52:16,3,Ads. So many ads after like 2 songs of u don’t have premium other then that it’s ok,Saryn I,9.1.86,ads so many ads after like 2 songs of u don t have premium other then that it s ok,20,2026-10-01,2026-09-28,0.6411,0.3298,0.0291,negative,0.6411
App Store,14613309401,2026-10-01 02:51:56,5,"Amazing. It did not have all the songs I would want, but besides the fact that both everything is on there.. it helps me sleep, calm down, relax, and so many more!! Go explore and enjoy now!!",Jane Cloward,9.1.86,amazing it did not have all the songs i would want but besides the fact that both everything is on there it helps me sleep calm down relax and so many more go explore and enjoy now,37,2026-10-01,2026-09-28,0.0064,0.0151,0.9785,positive,0.9785
App Store,14613304975,2026-10-01 02:50:09,5,good but without pro don’t even use it. .,fggsfbffcb,9.1.86,good but without pro don t even use it,9,2026-10-01,2026-09-28,0.5418,0.2988,0.1594,negative,0.5418
App Store,14613301323,2026-10-01 02:48:42,4,I listen to my music. It’s ok i prefer Apple Music with zero ads but Spotify has many more songs so I’m okay with a few ads,* {Mayz} *,9.1.86,i listen to my music it s ok i prefer apple music with zero ads but spotify has many more songs so i m okay with a few ads,29,2026-10-01,2026-09-28,0.0372,0.3305,0.6323,positive,0.6323
App Store,14613296258,2026-10-01 02:46:41,5,My home. It is good why are sad or js want to get away from life,Me the best🫰🩷🩷,9.1.86,my home it is good why are sad or js want to get away from life,16,2026-10-01,2026-09-28,0.0778,0.1968,0.7253,positive,0.7253
App Store,14613287533,2026-10-01 02:43:19,5,Amaze balls!!!!!!. I,Phablets,9.1.86,amaze balls i,3,2026-10-01,2026-09-28,0.0109,0.0401,0.949,positive,0.949
App Store,14613271349,2026-10-01 02:37:00,5,Axell. Es una buena aplicación lo malo son los anuncios que aparecen a cada rato,Axell. Z,9.1.86,axell es una buena aplicaci n lo malo son los anuncios que aparecen a cada rato,16,2026-10-01,2026-09-28,0.052,0.8002,0.1479,neutral,0.8002
App Store,14613267429,2026-10-01 02:35:28,4,"Ope... Sorry about that comment, I was tweaking at the time because of college work and ads giving me headaches in between each song 💔",Nice (＾＾)ｂ,9.1.86,ope sorry about that comment i was tweaking at the time because of college work and ads giving me headaches in between each song,24,2026-10-01,2026-09-28,0.8813,0.11,0.0087,negative,0.8813
Google Play,4967e653-be8c-4ac4-84d4-c6e22e66c68a,2026-09-30 23:58:47,5,so much better with premium! But non-premium users will also have an amazing experience listening to music.,Myles Bennett,9.1.84.2231,so much better with premium but non premium users will also have an amazing experience listening to music,18,2026-09-30,2026-09-28,0.003,0.0245,0.9725,positive,0.9725
Google Play,8958b87d-8162-413b-b722-e029b472e693,2026-09-30 23:57:24,5,best app to listen the songs,Khushbu Chaurasiya,9.1.80.2221,best app to listen the songs,6,2026-09-30,2026-09-28,0.0123,0.4617,0.526,positive,0.526
Google Play,585dbaae-1e0f-4f63-be4f-5e2cb319bfad,2026-09-30 23:54:18,5,I ❤️ love Spotify ya'll rock!!,Tyree Tappin-Rodriguez,9.1.82.2161,i love spotify ya'll rock,5,2026-09-30,2026-09-28,0.004,0.0085,0.9875,positive,0.9875
Google Play,4c2d94d0-9516-403e-8cfd-cfc62e4b8628,2026-09-30 23:53:42,1,"The benefits of purchasing Spotify premium are limited, without premium, Spotify does not listen to its songs. so bad 😞",Aashish Jadhav,9.1.86.2432,the benefits of purchasing spotify premium are limited without premium spotify does not listen to its songs so bad,19,2026-09-30,2026-09-28,0.8645,0.12,0.0155,negative,0.8645
Google Play,9acfe934-dd25-49dc-85ea-b1281f7b7e5e,2026-09-30 23:50:23,4,without subscribtion too much ades to hear songs,ASHIT ROY,9.1.86.2432,without subscribtion too much ades to hear songs,8,2026-09-30,2026-09-28,0.2923,0.6678,0.04,neutral,0.6678
Google Play,b675fd4f-9bc0-4c17-8088-86a08c51a82b,2026-09-30 23:43:25,2,ads every 1-2 songs is outrages and buggy,Alexis Trujillo,9.1.80.2221,ads every 1 2 songs is outrages and buggy,9,2026-09-30,2026-09-28,0.8899,0.0991,0.011,negative,0.8899
Google Play,8204dc09-6c68-4d7c-a27d-5d8e962d9514,2026-09-30 23:43:13,1,"Mark my words. First is music videos, then it will be music reels, then it will be reel communities. That way the only safe space we had that was 'Off the grid"" will become like Instagram, TikTok and Youtube. Lets go! Lets be connected 24/7!!",Federico Cacciabue,9.1.86.2432,mark my words first is music videos then it will be music reels then it will be reel communities that way the only safe space we had that was 'off the grid will become like instagram tiktok and youtube lets go lets be connected 24 7,46,2026-09-30,2026-09-28,0.0083,0.2997,0.692,positive,0.692
Google Play,af52b4b4-b694-4d53-890a-90fb310f8db8,2026-09-30 23:42:49,5,good as hell,Katlego,9.1.86.2432,good as hell,3,2026-09-30,2026-09-28,0.0369,0.1154,0.8478,positive,0.8478
Google Play,ffe2ede3-f19a-4674-a566-0033d9b0f2cf,2026-09-30 23:39:57,2,"This app has a new glitch everyday, I swear 🙄",Portland Horton,9.1.86.2432,this app has a new glitch everyday i swear,9,2026-09-30,2026-09-28,0.9458,0.0465,0.0077,negative,0.9458
Google Play,d8c00c6d-fcb0-41dd-9308-65a9d4744581,2026-09-30 23:37:37,1,"De temps en temps il impossible d'écouter de la musique, rien n'est disponible",Nathan Mwansa,9.1.84.2231,de temps en temps il impossible d' couter de la musique rien n'est disponible,14,2026-09-30,2026-09-28,0.121,0.8362,0.0428,neutral,0.8362
Google Play,be0e129c-77c9-403e-8c5f-be3a700cb5f1,2026-09-30 23:37:24,1,worst add app.,nilesh singh,9.1.84.2231,worst add app,3,2026-09-30,2026-09-28,0.9401,0.0507,0.0093,negative,0.9401
Google Play,707fe205-ffc3-4a23-9fe4-f04d465a4522,2026-09-30 23:35:19,5,I love the app with all music and not much adds its very nice,Prosper James,,i love the app with all music and not much adds its very nice,14,2026-09-30,2026-09-28,0.0052,0.0151,0.9796,positive,0.9796
Google Play,e8836979-82d4-4097-b67c-6e227848a1ae,2026-09-30 23:34:43,5,You get to make your own playlist which is a great feature so there are so many different types of music to listen to and you can put them all in one spot.,Doug,9.1.86.2432,you get to make your own playlist which is a great feature so there are so many different types of music to listen to and you can put them all in one spot,33,2026-09-30,2026-09-28,0.0032,0.0325,0.9642,positive,0.9642
Google Play,44fed991-3b80-4a1d-91b0-47dc851f6195,2026-09-30 23:34:30,3,"(premium experience)shuffle usually shuffles the same songs sprinkled in no matter how many times you reshuffle(I have over 6000 songs) most of my discover weekly is stuff I heard and don't like or just stuff I don't like or vibe with the particular song style I'm looking for when I think related to this song,sometimes it's good though and also unless you have a good phone plan all of the background work it does that's unnecessary for the most part is bothersome how quick it takes your data",buc caboobear,9.1.86.2432,premium experience shuffle usually shuffles the same songs sprinkled in no matter how many times you reshuffle i have over 6000 songs most of my discover weekly is stuff i heard and don't like or just stuff i don't like or vibe with the particular song style i'm looking for when i think related to this song sometimes it's good though and also unless you have a good phone plan all of the background work it does that's unnecessary for the most part is bothersome how quick it takes your data,91,2026-09-30,2026-09-28,0.39995,0.49795,0.1021,neutral,0.498
Google Play,ca08d023-a2b4-41c2-a0de-e5be3820241c,2026-09-30 23:34:15,5,gran app,Brayan David Alonso Hernandez,9.1.86.2432,gran app,2,2026-09-30,2026-09-28,0.0716,0.6608,0.2676,neutral,0.6608
Google Play,06be1c0d-f9fe-4c50-b32d-0e36ef5e9af6,2026-09-30 23:30:17,1,Long ads after each song and multiple ads too. A increasingly bad experience.,abhinav jain,9.1.86.2432,long ads after each song and multiple ads too a increasingly bad experience,13,2026-09-30,2026-09-28,0.9086,0.0832,0.0082,negative,0.9086
Google Play,e8e99c63-8dd1-41ce-a190-e60cb5f62a8d,2026-09-30 23:29:07,5,Mchunu production,Andile Mchunu,9.1.86.2432,mchunu production,2,2026-09-30,2026-09-28,0.056,0.8216,0.1225,neutral,0.8216
Google Play,0b349d27-bb44-4f4b-97f7-4321aeed76d4,2026-09-30 23:28:28,1,ads over 👎,Praveen Raj,,ads over,2,2026-09-30,2026-09-28,0.7185,0.2559,0.0256,negative,0.7185
Google Play,7f6dfd7a-df87-42ce-a0a0-86a266429199,2026-09-30 23:27:11,5,best app,Pratyaksh Gupta,,best app,2,2026-09-30,2026-09-28,0.0142,0.0546,0.9311,positive,0.9311
Google Play,58ab4ffc-c295-4028-b16e-ed0161bbb2a1,2026-09-30 23:26:41,5,Spotify has become one of those apps I open almost every day. I like how quickly I can find a song or playlist depending on my mood. The recommendations are usually pretty good too.,Neha Pinky,,spotify has become one of those apps i open almost every day i like how quickly i can find a song or playlist depending on my mood the recommendations are usually pretty good too,34,2026-09-30,2026-09-28,0.0064,0.0322,0.9613,positive,0.9613
Google Play,31461c9c-2658-4520-8557-ee39e1c09e90,2026-09-30 23:25:04,1,this app is torturing to move premium now.only six skips for an hour.we can't choose another by own.very worst.kindly take this as complain change atleast these things I won't tell you not to give premium ads,Allen S Sharon,9.1.86.2432,this app is torturing to move premium now only six skips for an hour we can't choose another by own very worst kindly take this as complain change atleast these things i won't tell you not to give premium ads,40,2026-09-30,2026-09-28,0.9248,0.0689,0.0063,negative,0.9248
Google Play,86e8c440-0c7e-4825-a558-85c0707aa40b,2026-09-30 23:24:50,5,very good app,ks V,9.1.86.2432,very good app,3,2026-09-30,2026-09-28,0.0101,0.0341,0.9558,positive,0.9558
Google Play,7c97a145-63d0-427e-97eb-64e4fc37bee1,2026-09-30 23:24:29,5,now works great after they fixed the login,Jonathan Hay,9.1.86.2432,now works great after they fixed the login,8,2026-09-30,2026-09-28,0.0068,0.1001,0.8931,positive,0.8931
Google Play,343576c7-9c14-40a2-8181-ea841b7edf86,2026-09-30 23:20:28,5,"it's a great and lovely app, the best so far",Joshua Gallant,9.1.80.2221,it's a great and lovely app the best so far,10,2026-09-30,2026-09-28,0.0047,0.0077,0.9876,positive,0.9876
Google Play,4d81fa18-f2a2-4e83-9d5f-da55abd4a231,2026-09-30 23:17:42,2,thank you for fixing it,Matthew Pelucca,9.1.86.2432,thank you for fixing it,5,2026-09-30,2026-09-28,0.0315,0.2465,0.722,positive,0.722
Google Play,3100d1fd-382a-4183-a76a-4dbe0ddcc755,2026-09-30 23:16:12,5,nice aap,Sunil Kumar,9.1.84.2231,nice aap,2,2026-09-30,2026-09-28,0.0265,0.1447,0.8288,positive,0.8288
Google Play,2aefa43b-a632-4197-95c0-d6f6fd8f70ef,2026-09-30 23:15:28,5,love the variety of music from oldies to new school wonderful thanks Spotify,Mae Bingman,9.1.80.2221,love the variety of music from oldies to new school wonderful thanks spotify,13,2026-09-30,2026-09-28,0.0031,0.0178,0.9791,positive,0.9791
Google Play,fb67dd84-2407-4c94-9f56-dc72a0156d2b,2026-09-30 23:13:16,5,good app,Prince Roy,,good app,2,2026-09-30,2026-09-28,0.0182,0.0732,0.9086,positive,0.9086
Google Play,aac5f317-ddc4-420d-bb0c-09714b65eab9,2026-09-30 23:12:35,5,he is best he give 1lake robux great,Kashaf Mano,9.0.36.697,he is best he give 1lake robux great,8,2026-09-30,2026-09-28,0.009,0.0271,0.964,positive,0.964
Google Play,53b66048-5dd8-4d85-b902-c1c773f5512e,2026-09-30 23:10:08,5,"Edit: Thanks for resolving the issue ...it's working fine now ... I just activated premium...but the app stopped working... showing something went wrong again and again. I reinstalled...but still it's not working... email, otp everything I am putting correctly.",Ankita Das,9.1.86.2432,edit thanks for resolving the issue it's working fine now i just activated premium but the app stopped working showing something went wrong again and again i reinstalled but still it's not working email otp everything i am putting correctly,40,2026-09-30,2026-09-28,0.3563,0.5011,0.1427,neutral,0.5011
Google Play,f4949fd1-ade2-45cd-82f8-3e1ed82595f2,2026-09-30 23:09:07,1,"When playing liked songs, it plays songs outside the playlist (which I am fine with). When you try to click back into your playlist of songs, it informs you ""you only have 6 song choices per hour""... each of these individually wouldn't be a problem, but together, this means you can't play your liked songs exclusively, and get stuck listening to whatever Spotify recommends (or you have to create duplicate playlists to get around this, which is terrible from a UX perspective).",Efe Tash,9.1.86.2432,when playing liked songs it plays songs outside the playlist which i am fine with when you try to click back into your playlist of songs it informs you you only have 6 song choices per hour each of these individually wouldn't be a problem but together this means you can't play your liked songs exclusively and get stuck listening to whatever spotify recommends or you have to create duplicate playlists to get around this which is terrible from a ux perspective,82,2026-09-30,2026-09-28,0.4147,0.52365,0.06165,neutral,0.5236
Google Play,29d0a25b-66ff-4fb8-a874-8fa0651b9a02,2026-09-30 23:06:15,5,This app always give u the original song not like audio mack,Emmanuel Yeboah,,this app always give u the original song not like audio mack,12,2026-09-30,2026-09-28,0.6362,0.3442,0.0197,negative,0.6362
Google Play,b03cb6da-8ca2-4e01-9e41-b43a80d3bdcb,2026-09-30 23:00:28,5,I love it,Sedra Abdalla,9.1.84.2231,i love it,3,2026-09-30,2026-09-28,0.0178,0.0943,0.8879,positive,0.8879
Google Play,acabe84b-aa6c-4b19-b238-f7ec951e2b88,2026-09-30 22:57:56,5,very nice,Samad Jamal,,very nice,2,2026-09-30,2026-09-28,0.0181,0.0597,0.9221,positive,0.9221
Google Play,07c51e60-0ad5-4ffc-ae92-f8db721946b0,2026-09-30 22:57:49,2,F***ing awful UI. The layout is constantly changing and never for the better. Why has it been so bad for so long???,Tim D,9.1.86.2432,f ing awful ui the layout is constantly changing and never for the better why has it been so bad for so long,23,2026-09-30,2026-09-28,0.9639,0.0312,0.0049,negative,0.9639
Google Play,35716477-c819-432f-9272-b6b9a6376289,2026-09-30 22:56:59,5,a lot of commercials,Jenny,9.1.86.2432,a lot of commercials,4,2026-09-30,2026-09-28,0.3771,0.5561,0.0669,neutral,0.5561
Google Play,283aea7f-7b7d-4eda-a69c-71c40647f4c5,2026-09-30 22:56:43,1,what do you mean I get only 6 skips in an hour.. i am listening to ad so I will skip as many times as I want... don't be so desperate to sell ur premium,Khushi Kumari,9.1.84.2231,what do you mean i get only 6 skips in an hour i am listening to ad so i will skip as many times as i want don't be so desperate to sell ur premium,35,2026-09-30,2026-09-28,0.6419,0.3277,0.0305,negative,0.6419
Google Play,96f516bc-adcf-48d9-b500-905cc9739776,2026-09-30 22:56:37,5,it is very grateful app i ever seen before.i like it because there is all songs i want,Chipeziyani Felix,9.1.86.2432,it is very grateful app i ever seen before i like it because there is all songs i want,19,2026-09-30,2026-09-28,0.0028,0.011,0.9862,positive,0.9862
Google Play,7f8d0f7b-07ef-4750-be46-a0226b65055d,2026-09-30 22:55:49,5,I don't use the free version but I have had no problems ot major complaints with the paid version. They could probably use some ki d of tool to make discoverability better but all in all its worth the money you pay.,andrew valde,9.1.86.2432,i don't use the free version but i have had no problems ot major complaints with the paid version they could probably use some ki d of tool to make discoverability better but all in all its worth the money you pay,42,2026-09-30,2026-09-28,0.1102,0.4206,0.4692,positive,0.4692
Google Play,7e2297be-b1ee-4fa9-82db-021d7970c516,2026-09-30 22:55:34,4,I like it! Ok alternative to apple music bc you don't HAVE to pay.,Olivia Ramos Fusaro (Oli),9.1.86.2432,i like it ok alternative to apple music bc you don't have to pay,14,2026-09-30,2026-09-28,0.005,0.0495,0.9455,positive,0.9455
Google Play,ab76f719-94c6-45ca-8253-4641913bc7a5,2026-09-30 22:54:46,3,can be extremely glitchy,Taylor,9.1.86.2432,can be extremely glitchy,4,2026-09-30,2026-09-28,0.7362,0.2419,0.0218,negative,0.7362
Google Play,e1e6e566-aea7-49ea-b00a-f86a718b5c77,2026-09-30 22:54:25,4,"The Dj feature is nice and overall the app is great, unfortunately things to customize it is behind a paywall",Matthew Gutierrez,9.1.86.2432,the dj feature is nice and overall the app is great unfortunately things to customize it is behind a paywall,20,2026-09-30,2026-09-28,0.0474,0.158,0.7946,positive,0.7946
Google Play,5a082488-a970-40c8-a0f1-0b91d0c8cd52,2026-09-30 22:52:57,5,great experience,thulani nojiyeza,9.1.50.1906,great experience,2,2026-09-30,2026-09-28,0.0117,0.034,0.9543,positive,0.9543
Google Play,4240f35c-3f07-4cd0-b9e8-858b9842210b,2026-09-30 22:44:54,5,bu hu bu CT hu bu,Rojina Khatun,9.1.72.1891,bu hu bu ct hu bu,6,2026-09-30,2026-09-28,0.092,0.8043,0.1037,neutral,0.8043
Google Play,9ce8e3a7-130b-425d-87f1-54288994a253,2026-09-30 22:42:59,1,I'd much appreciate if you could change the Zambian payment due to 3 months 1 month is unnecessary to some of us we really liked the 3 months payment please change it for our region,Blessing Gondwe,9.1.76.2055,i'd much appreciate if you could change the zambian payment due to 3 months 1 month is unnecessary to some of us we really liked the 3 months payment please change it for our region,35,2026-09-30,2026-09-28,0.1484,0.4129,0.4387,positive,0.4387
Google Play,0a86dbb9-3c59-455f-8196-59bc9c2783f1,2026-09-30 22:41:14,5,mind blowing,Olomu Timothy,9.1.86.2432,mind blowing,2,2026-09-30,2026-09-28,0.1615,0.3656,0.4729,positive,0.4729
Google Play,0aade999-2fa2-4a1b-b1b8-cee4a60b114c,2026-09-30 22:39:30,4,so much better but ads over,Selvendran.p.,9.1.86.2432,so much better but ads over,6,2026-09-30,2026-09-28,0.0678,0.1141,0.8181,positive,0.8181
Google Play,3123c468-da88-410a-8540-0f9d3acfe4d5,2026-09-30 22:37:16,5,its now fixed and im back to loving the app,Selina Granger,9.1.86.2432,its now fixed and im back to loving the app,10,2026-09-30,2026-09-28,0.0088,0.0745,0.9168,positive,0.9168
Google Play,345ba2c2-fe72-4594-a9ec-3aca6d31a39f,2026-09-30 22:30:22,1,bahut jyada add aate Hain,Vishal Kumar Gurjar,,bahut jyada add aate hain,5,2026-09-30,2026-09-28,0.164,0.7973,0.0387,neutral,0.7973
Google Play,377629b3-5df6-4d02-a1f7-4f231f0af0c4,2026-09-29 23:59:18,1,"Spotify doesn't even pay the artists pennies... Literally $0.002 per play. And then they want to charge out the wazoo for their premium accounts?? No thanks, I'll pay for a service that actually supports artists.",Kristin Carr,8.7.32.1554,spotify doesn't even pay the artists pennies literally 0 002 per play and then they want to charge out the wazoo for their premium accounts no thanks i'll pay for a service that actually supports artists,36,2026-09-29,2026-09-28,0.8709,0.1192,0.01,negative,0.8709
Google Play,338e9b3b-c713-42eb-b427-c46d833e9b30,2026-09-29 23:59:01,5,this app is very good. It makes me happy when I am sad. You can even learn languages on it. I am ecstatic using this Spotify everyday. So I give 5 stars 🤩,désiré KOULHAOU,9.1.84.2231,this app is very good it makes me happy when i am sad you can even learn languages on it i am ecstatic using this spotify everyday so i give 5 stars,32,2026-09-29,2026-09-28,0.0065,0.0097,0.9837,positive,0.9837
Google Play,2f0a8bd0-4cb2-4c3f-84de-f760180e7570,2026-09-29 23:55:28,4,It's a great app to use👍,Samuel Njihia,9.1.86.2432,it's a great app to use,6,2026-09-29,2026-09-28,0.0032,0.0104,0.9864,positive,0.9864
Google Play,d542cc68-c070-40ee-948f-42d65e79c61f,2026-09-29 23:52:40,5,nice when subscribed,Daniel Anyia,9.1.84.2231,nice when subscribed,3,2026-09-29,2026-09-28,0.0096,0.0722,0.9182,positive,0.9182
Google Play,a1a34d48-f352-4095-bfb0-29228186a962,2026-09-29 23:50:15,5,bigg better,arbi arfa,9.1.84.2231,bigg better,2,2026-09-29,2026-09-28,0.0618,0.4515,0.4866,positive,0.4866
Google Play,67d230f6-3405-467c-9efe-4a293fa3f34f,2026-09-29 23:49:29,5,lovely experience,Olebogeng Mabalane,9.1.86.2432,lovely experience,2,2026-09-29,2026-09-28,0.0085,0.0245,0.967,positive,0.967
Google Play,ca953688-c87c-453a-9c3c-78281b973828,2026-09-29 23:49:09,4,good aap . song are crazy,AGRAJ Shreshth,,good aap song are crazy,5,2026-09-29,2026-09-28,0.0259,0.1325,0.8416,positive,0.8416
Google Play,bef55f33-0ee3-40ad-b7df-5681aa3f61c0,2026-09-29 23:45:33,2,"spotify bende çalışmıyor, neden?? Normalde çalışıyordu erorr verip duruyor??",Yalnız Kötü Şarkıcı 1,9.1.86.2432,spotify bende al m yor neden normalde al yordu erorr verip duruyor,12,2026-09-29,2026-09-28,0.04,0.9069,0.0531,neutral,0.9069
Google Play,27cd08ce-e15e-4500-a871-ed83868450bc,2026-09-29 23:43:59,5,Enjoy the Playlist and being able to easily find most songs by title or singer.,Kory Fields,9.1.84.2231,enjoy the playlist and being able to easily find most songs by title or singer,15,2026-09-29,2026-09-28,0.004,0.0678,0.9282,positive,0.9282
Google Play,9eb58a91-fafc-448b-8682-890f98234946,2026-09-29 23:43:36,5,Lots of choice no ads,Jason Hubel,9.1.84.2231,lots of choice no ads,5,2026-09-29,2026-09-28,0.0282,0.4222,0.5496,positive,0.5496
Google Play,2a9c91dc-47e4-42f1-a705-92f618759d37,2026-09-29 23:43:29,2,"Used to love this app for my music. play my playlists on my mobile, chromebook, tv and even listen in my car. Since the past few weeks I noticed at the bottom of my screen on phone slow connection. Since today with thousands with errors. Decide with charging £12.99 a month at the moment to cancel subscription. And for now delete account, maybe come back soon.",Glynwen Jones,9.1.68.1888,used to love this app for my music play my playlists on my mobile chromebook tv and even listen in my car since the past few weeks i noticed at the bottom of my screen on phone slow connection since today with thousands with errors decide with charging 12 99 a month at the moment to cancel subscription and for now delete account maybe come back soon,67,2026-09-29,2026-09-28,0.5043,0.21715,0.2785,negative,0.5043
Google Play,864bd8f1-3aaf-429b-907f-b9128eb08d13,2026-09-29 23:43:23,4,It's sweet but I don't like the fact I'm not able to download songs or my favorite podcast,Sunday Irueghe,9.1.72.1891,it's sweet but i don't like the fact i'm not able to download songs or my favorite podcast,18,2026-09-29,2026-09-28,0.8453,0.1375,0.0172,negative,0.8453
Google Play,843887a8-e684-4981-a2be-dff92e3e3f64,2026-09-29 23:43:00,5,"those irritating ads about premium every 2 songs, they suck.",Priscilla Nabuwembo,9.1.80.2221,those irritating ads about premium every 2 songs they suck,10,2026-09-29,2026-09-28,0.9479,0.0462,0.0059,negative,0.9479
Google Play,a608c13a-5f9f-498f-978f-915f1db46e75,2026-09-29 23:42:31,2,"every time I go to Google the app fails. or try to use in background it's 50/50 weather the app fails. this app is so ""bulky"" and Ram Heavily Intensive; i don't enjoy using it. since there is currently no better option I'm stuck using it. could be an amazing app if reinvestment was a core belief at Spotify. 2½ ☆ - 3 ☆",Jeremy Canter,9.0.82.1032,every time i go to google the app fails or try to use in background it's 50 50 weather the app fails this app is so bulky and ram heavily intensive i don't enjoy using it since there is currently no better option i'm stuck using it could be an amazing app if reinvestment was a core belief at spotify 2 3,62,2026-09-29,2026-09-28,0.47100000000000003,0.053500000000000006,0.47550000000000003,positive,0.4755
Google Play,398c3754-66f5-4bf3-b9e0-2762e441b7a1,2026-09-29 23:39:49,4,beat music streaming,Redeem Machingambi,9.1.84.2231,beat music streaming,3,2026-09-29,2026-09-28,0.0368,0.7882,0.175,neutral,0.7882
Google Play,784fe6ad-5a1c-4b34-9309-06f75dfccbbe,2026-09-29 23:37:36,5,"Update: Thanks to whoever might have read this and fixed the issue:) You're amazing!!! have a great rest of the day!!:) Been using this app for years and am paying for duo with my wife. Not sure what's happening but I keep getting a ""something went wrong message"" and now I cannot listen to anything but what's downloaded on my phone.... Tried restarting phone, uninstalling and reinstalling and now I can't even log in to listen to anything:(",Jordan H,9.1.86.2432,update thanks to whoever might have read this and fixed the issue you're amazing have a great rest of the day been using this app for years and am paying for duo with my wife not sure what's happening but i keep getting a something went wrong message and now i cannot listen to anything but what's downloaded on my phone tried restarting phone uninstalling and reinstalling and now i can't even log in to listen to anything,78,2026-09-29,2026-09-28,0.44465,0.05945,0.49595,positive,0.496
Google Play,933a2d31-2143-4e45-b272-4f28eedd372c,2026-09-29 23:34:19,5,best but add the lyrics,Treasure Sibanda,9.1.84.2231,best but add the lyrics,5,2026-09-29,2026-09-28,0.0839,0.4517,0.4644,positive,0.4644
Google Play,2e04bbce-a9d8-4c1d-8c4b-5466e894230c,2026-09-29 23:31:21,3,too many ads,dboss 9421,9.1.84.2231,too many ads,3,2026-09-29,2026-09-28,0.7828,0.1958,0.0215,negative,0.7828
Google Play,9a4bb400-37b5-4fd5-85ed-c49687bc0388,2026-09-29 23:30:44,5,"my experience while using this app is excellent.😍🎀✌ as, it's a 10/10 for me because there are all kinds of music according to my vibe which makes my mood light and relaxed after taking huge stress about my work and school assignments,also as a song lover,""this app means lot to me and all the song lovers world wide""✨🤌.",ANIGEET SHARMA,9.1.84.2231,my experience while using this app is excellent as it's a 10 10 for me because there are all kinds of music according to my vibe which makes my mood light and relaxed after taking huge stress about my work and school assignments also as a song lover this app means lot to me and all the song lovers world wide,61,2026-09-29,2026-09-28,0.00335,0.01235,0.9843500000000001,positive,0.9844
Google Play,11d66e85-72b4-45bb-b3cf-7269ef8f2106,2026-09-29 23:28:24,1,"At this rate, a day will come when people have to pay just to open Spotify, and honestly, I wouldn’t even be surprised.",Abdullah Al Sihan,9.0.14.561,at this rate a day will come when people have to pay just to open spotify and honestly i wouldn t even be surprised,24,2026-09-29,2026-09-28,0.7101,0.2623,0.0276,negative,0.7101
Google Play,d41ee881-c271-4a56-89a4-12d625cc0156,2026-09-29 23:28:11,5,best app for listening music,Prince,9.1.80.2221,best app for listening music,5,2026-09-29,2026-09-28,0.0053,0.0767,0.918,positive,0.918
Google Play,a0252e73-91f8-46fc-b06f-4ebf466fa0e1,2026-09-29 23:27:40,1,"unoptimized poorly coded slop. six minutes to load song titles while other music apps on the same device load instantly. constantly releasing new ai slop features, constantly trying to connect to other speakers in the house, constantly slowing down to load some full screen ad announcement while literally core features like search, browse, and loading hamburger menus are unresponsive and slow af.",Tay Wisor,9.1.84.2231,unoptimized poorly coded slop six minutes to load song titles while other music apps on the same device load instantly constantly releasing new ai slop features constantly trying to connect to other speakers in the house constantly slowing down to load some full screen ad announcement while literally core features like search browse and loading hamburger menus are unresponsive and slow af,62,2026-09-29,2026-09-28,0.82715,0.1563,0.0165,negative,0.8272
Google Play,9a7c09db-7da3-447b-ad95-aeae51d4e38b,2026-09-29 23:25:40,5,I love listening to songs and any song app is my all time favorites,Sana Zahra Makeovers,9.1.84.2231,i love listening to songs and any song app is my all time favorites,14,2026-09-29,2026-09-28,0.0029,0.0098,0.9874,positive,0.9874
Google Play,9559250d-f759-43a4-a560-586caece3ce9,2026-09-29 23:24:37,5,"The app is broken. I did a update and it logged me out and now everything time I try to login again it says that something went wrong to try again later. This is frustrating. l love this app, I hope they fix it fast. Update: Customer support is amazing and super fast. I wrote an email at 11 AM and they responded by 12:37 PM and the issue is fix.",Lucia Hernandez,9.1.86.2432,the app is broken i did a update and it logged me out and now everything time i try to login again it says that something went wrong to try again later this is frustrating l love this app i hope they fix it fast update customer support is amazing and super fast i wrote an email at 11 am and they responded by 12 37 pm and the issue is fix,72,2026-09-29,2026-09-28,0.45315,0.39690000000000003,0.1499,negative,0.4532
Google Play,94461bf9-5cd5-4c1e-9fce-3170abc6f3b2,2026-09-29 23:23:49,1,"uninstalled the app as the search functionality was broken, couldn't play any music which wasn't offline downloaded. now I re-installed and I can't login! able to login and play music through my phone browser. the issue is specific to this app when logging in through Facebook edit: I was able to login by setting a password in the Spotify web UI and bypassing Facebook login. this issue needs looking at still as I imagine I'm not the only one",Ryan Donnelly,,uninstalled the app as the search functionality was broken couldn't play any music which wasn't offline downloaded now i re installed and i can't login able to login and play music through my phone browser the issue is specific to this app when logging in through facebook edit i was able to login by setting a password in the spotify web ui and bypassing facebook login this issue needs looking at still as i imagine i'm not the only one,80,2026-09-29,2026-09-28,0.65045,0.32915,0.02045,negative,0.6504
Google Play,811c7994-ab10-4801-bd58-875c44d591b7,2026-09-29 23:21:47,5,nice 👍🏻 superb response and good songs can playing,Ramesh Bd,,nice superb response and good songs can playing,8,2026-09-29,2026-09-28,0.0044,0.0138,0.9819,positive,0.9819
Google Play,8c20892a-8464-4ae1-9689-10501bd78f71,2026-09-29 23:20:28,1,It wont even let me log in.,Jay Rey,9.1.86.2432,it wont even let me log in,7,2026-09-29,2026-09-28,0.8185,0.169,0.0124,negative,0.8185
Google Play,94844ef7-43c8-416e-a7ea-6b330835bb26,2026-09-29 23:19:02,4,"after installing the update, I can no longer listen to anything. App says I am offline every time I open it even when I have full 5G signal and other streaming apps work like YouTube, Hulu, and other apps that need much more data to stream. Returned to 4 stars because restarting my phone fixed it. Spotify was the only app that had problems though so it was clearly not a phone issue.",Terry Hasseman,9.1.86.2432,after installing the update i can no longer listen to anything app says i am offline every time i open it even when i have full 5g signal and other streaming apps work like youtube hulu and other apps that need much more data to stream returned to 4 stars because restarting my phone fixed it spotify was the only app that had problems though so it was clearly not a phone issue,73,2026-09-29,2026-09-28,0.5246999999999999,0.375,0.1003,negative,0.5247
Google Play,3312ff31-ae9c-4f0c-973c-82e4527891f4,2026-09-29 23:18:37,5,I like music,Thabiso Mofokeng,9.1.86.2432,i like music,3,2026-09-29,2026-09-28,0.0075,0.1454,0.8471,positive,0.8471
Google Play,e41f4570-1282-425d-9f42-6c2fb2c93722,2026-09-29 23:18:31,3,"doesn't have every song, especially by lesser known artist. I'm referring to a band that's on here and has every other song they've recorded except for the one I want. It may be due to licencing but it hella sucks for me RN. Thank god for YouTube 🙏 if anybody is still here then you may be curious which song I'm willing to rant over in a review of Spotify. It's cringe&embarrassing to say publicly, as a 36yo adult male.Yolo, Idc, it makes me feel young! HEDLY - OLD SCHOOL. You're welcome 😜",Tom Elliott,9.1.86.2432,doesn't have every song especially by lesser known artist i'm referring to a band that's on here and has every other song they've recorded except for the one i want it may be due to licencing but it hella sucks for me rn thank god for youtube if anybody is still here then you may be curious which song i'm willing to rant over in a review of spotify it's cringe embarrassing to say publicly as a 36yo adult male yolo idc it makes me feel young hedly old school you're welcome,92,2026-09-29,2026-09-28,0.5403,0.21549999999999997,0.2442,negative,0.5403
Google Play,974cfe22-c4e7-468e-997c-93272a5552f8,2026-09-29 23:16:56,2,"Spotify really disappointing me right now, I've taken standard premium and after using 1 week to 2 weeks it started to stop itself without any reason. even after trying to login my same account also it show ( something went wrong) same repeating.",Throng Jingruh,9.1.86.2432,spotify really disappointing me right now i've taken standard premium and after using 1 week to 2 weeks it started to stop itself without any reason even after trying to login my same account also it show something went wrong same repeating,42,2026-09-29,2026-09-28,0.9274,0.0665,0.0062,negative,0.9274
Google Play,985e3b28-62b3-439b-9803-27968f046fbd,2026-09-29 23:15:07,5,my go to for music 😁,Grace Pardel,9.1.86.2432,my go to for music,5,2026-09-29,2026-09-28,0.0024,0.0236,0.974,positive,0.974
Google Play,0d16293a-f305-43ef-8be4-ed80a9dd6354,2026-09-29 23:09:41,1,had to buy a premium just to set a louder tone for an alarm than samsung offer as im partially deaf (have hearing aids throughout daytime but not first thing when waking up). you select your tone and spotify goes off and changes it to some pretty horrible and disgusting sounds even though selected a specific alarm. they do this on purpose to collect another premium purchase. even in music it is different now when I have my set lists of songs they randomly start playing their reccomendations etc,Jennie Buchanan,9.1.84.2231,had to buy a premium just to set a louder tone for an alarm than samsung offer as im partially deaf have hearing aids throughout daytime but not first thing when waking up you select your tone and spotify goes off and changes it to some pretty horrible and disgusting sounds even though selected a specific alarm they do this on purpose to collect another premium purchase even in music it is different now when i have my set lists of songs they randomly start playing their reccomendations etc,89,2026-09-29,2026-09-28,0.3780666666666666,0.5432,0.0787,neutral,0.5432
Google Play,6252ad04-da2a-4f8d-8afe-cb76e3dab112,2026-09-29 23:09:09,2,"Primeiro, tentei escutar as músicas e depois de nove segundos parava,tentei várias músicas e dava no mesmo, a minha internet está a funcionar muito bem. Desinstalei o app mesmo depois de atualizar e tentei fazer o login mas sempre diz para tentar outra vez, fiz isso mais de cinco vezes. Peço que resolvam, já enviaram mais de 3 códigos e nenhum deles aceita acessar a minha conta, mesmo com password. Serviço péssimo!",Sherica Darci Mazivila,,primeiro tentei escutar as m sicas e depois de nove segundos parava tentei v rias m sicas e dava no mesmo a minha internet est a funcionar muito bem desinstalei o app mesmo depois de atualizar e tentei fazer o login mas sempre diz para tentar outra vez fiz isso mais de cinco vezes pe o que resolvam j enviaram mais de 3 c digos e nenhum deles aceita acessar a minha conta mesmo com password servi o p ssimo,80,2026-09-29,2026-09-28,0.0477,0.8124,0.1399,neutral,0.8124
Google Play,373b43bc-79f3-4759-ba48-278fcdd04dd7,2026-09-29 23:08:19,5,good vibes 💯👌,Chigozie Prosperity,9.1.86.2432,good vibes,2,2026-09-29,2026-09-28,0.0053,0.0254,0.9693,positive,0.9693
Google Play,79ced3a9-fb31-451b-9935-627dafa63149,2026-09-29 23:05:08,2,"been using Spotify premium for years now never had any problems untill recently when going on to the app I have a message saying that dident work right , I refresh and still the same not even able to go on to my liked songs or even the home page even after logging off and back on and doing the most recent updates and restarting my phone and still the same issue come up , I have unlimited data so that's not the issue other than that it's a great ap just needs fixing",Jack Ingrams,9.1.86.2432,been using spotify premium for years now never had any problems untill recently when going on to the app i have a message saying that dident work right i refresh and still the same not even able to go on to my liked songs or even the home page even after logging off and back on and doing the most recent updates and restarting my phone and still the same issue come up i have unlimited data so that's not the issue other than that it's a great ap just needs fixing,92,2026-09-29,2026-09-28,0.39035,0.47,0.1396,neutral,0.47
Google Play,fdca5ea2-ac14-4d39-a592-47a1c4f4a725,2026-09-29 23:05:03,1,it is not a good app just having glitches and need a lot of intenet,hasansaad2014 HasanSaad,9.1.64.1676,it is not a good app just having glitches and need a lot of intenet,15,2026-09-29,2026-09-28,0.9487,0.0452,0.0061,negative,0.9487
Google Play,b34bcd0c-1a70-420a-8905-326686278bdd,2026-09-29 23:04:08,2,"I deleted the app to fix something and typed my Gmail and received a code but everytime I put it, it says something went wrong?? help",Rose Mi,9.1.86.2432,i deleted the app to fix something and typed my gmail and received a code but everytime i put it it says something went wrong help,26,2026-09-29,2026-09-28,0.7566,0.2312,0.0123,negative,0.7566
Google Play,46cca2b1-d257-42fd-be59-adfec7ac54e2,2026-09-29 23:03:27,5,I love the app I can sleep and it's will work perfectly 🙏,Young Rivaszr1sok,9.1.84.2231,i love the app i can sleep and it's will work perfectly,12,2026-09-29,2026-09-28,0.0044,0.0116,0.984,positive,0.984
Google Play,e2f42232-667a-44a7-a411-299bcd4cc9fb,2026-09-29 23:03:15,1,"so now it's the day I can't login something went wrong , something went wrong i can't log in what's the issue",Bboy Junior,9.1.86.2432,so now it's the day i can't login something went wrong something went wrong i can't log in what's the issue,21,2026-09-29,2026-09-28,0.8865,0.1081,0.0054,negative,0.8865
Google Play,fb5375c9-8695-4992-ba3b-556b1a63e748,2026-09-29 23:02:06,1,"Horrible login authentication. i cant log into my Spotify account. it's telling me don't have an email connected when i do, but when try to use Sign Up with the same email, it says i already have an account. What's really the problem?",Jackson Eleazer,9.1.86.2432,horrible login authentication i cant log into my spotify account it's telling me don't have an email connected when i do but when try to use sign up with the same email it says i already have an account what's really the problem,43,2026-09-29,2026-09-28,0.9015,0.0928,0.0057,negative,0.9015
Google Play,031260da-6cb7-48f2-b405-5bf5fad0a4d0,2026-09-29 23:01:34,1,poda punda,Parthipan Angusamy,9.1.84.2231,poda punda,2,2026-09-29,2026-09-28,0.136,0.7317,0.1323,neutral,0.7317
Google Play,7330a354-847c-40c9-a8d1-44ba3186356c,2026-09-29 23:01:18,5,wonderful music app.☺️👍,Casey Carter,9.1.86.2432,wonderful music app,3,2026-09-29,2026-09-28,0.0042,0.0122,0.9836,positive,0.9836
Google Play,fb987c55-515f-4ed2-a999-0f2cc7591ad3,2026-09-29 23:00:46,1,paying 12.99 a month and can't even login. tried all avenues to login but not happened and the support from Spotify is non existent.,barrie Smith,9.1.86.2432,paying 12 99 a month and can't even login tried all avenues to login but not happened and the support from spotify is non existent,25,2026-09-29,2026-09-28,0.9084,0.0845,0.0071,negative,0.9084
Google Play,8cfad4b5-1d5a-408b-b047-42c758b74dc4,2026-09-29 22:59:27,5,very soothing,DISHA SRIVASTAVA,,very soothing,2,2026-09-29,2026-09-28,0.0514,0.1188,0.8298,positive,0.8298
Google Play,8f3b5613-10c1-4469-a614-db48f492b78f,2026-09-29 22:59:22,1,"I've been paying for Spotify for a while, suddenly today stopped playing songs and said play offline songs or downloaded ones, tried refreshing it and nothing, so uninstalled it and reinstalled it now it won't let me sign in, just about to cancel my subscription, far from impressed 🤬😤",Andrew Waine,,i've been paying for spotify for a while suddenly today stopped playing songs and said play offline songs or downloaded ones tried refreshing it and nothing so uninstalled it and reinstalled it now it won't let me sign in just about to cancel my subscription far from impressed,48,2026-09-29,2026-09-28,0.9132,0.0794,0.0074,negative,0.9132
Google Play,10ae4d40-08ac-49cf-adb5-4afa8b92da7b,2026-09-29 22:59:05,2,it hard to log in and im a customer for a year and a herd and so far it been allright but today I uninstall it bucuse it was not working and I thought that was the problem and now it not letting me back into my account but my tv work pretty fine whith it on so I just think I just can not get into Spotify and no It's become a problem.,Ollie,,it hard to log in and im a customer for a year and a herd and so far it been allright but today i uninstall it bucuse it was not working and i thought that was the problem and now it not letting me back into my account but my tv work pretty fine whith it on so i just think i just can not get into spotify and no it's become a problem,74,2026-09-29,2026-09-28,0.8516999999999999,0.13745,0.0108,negative,0.8517
Google Play,62d5dc35-cd71-4bfd-9a26-1acfa4d986c5,2026-09-29 22:58:58,1,don't load on refresh or after closing app. after clean reinstall the code provided to my email doesn't work. after three times trying the app doesn't recognise my email. pls provide a fix.,Evelina K,9.1.86.2432,don't load on refresh or after closing app after clean reinstall the code provided to my email doesn't work after three times trying the app doesn't recognise my email pls provide a fix,33,2026-09-29,2026-09-28,0.8763,0.1169,0.0068,negative,0.8763
Google Play,1bed5b9b-b049-4cd1-9a9a-7cce31f3aacf,2026-09-29 22:58:27,5,the best app to stream on,Jessy mill,9.1.80.2221,the best app to stream on,6,2026-09-29,2026-09-28,0.003,0.0386,0.9584,positive,0.9584
Google Play,d975e6d1-4c92-4d8d-8419-ff7d95836b18,2026-09-29 22:58:05,5,I have ignored Spotify for many years but finally gave in tried it and it was amazing although I don't listen to music that often or know any songs I found alot of them i love Spotify,Random Person,,i have ignored spotify for many years but finally gave in tried it and it was amazing although i don't listen to music that often or know any songs i found alot of them i love spotify,37,2026-09-29,2026-09-28,0.0394,0.0713,0.8893,positive,0.8893
Google Play,10634f34-f016-48e0-a24b-15b4923e762f,2026-09-29 22:57:27,4,very nice i got the free version reaaon why not 5s because some ads are repeating over and over again and there is a lot of bugs pls fix it,Caleb Sin,9.1.86.2432,very nice i got the free version reaaon why not 5s because some ads are repeating over and over again and there is a lot of bugs pls fix it,30,2026-09-29,2026-09-28,0.43,0.2529,0.3171,negative,0.43
Google Play,62d9f65d-cd0d-4980-9a01-819f03236db9,2026-09-29 22:57:23,1,all of a sudden my Spotify logged me out when I needed it the most and I have internet and I am also not owing so what happened?,Esonwanne Divine-gift,9.0.22.543,all of a sudden my spotify logged me out when i needed it the most and i have internet and i am also not owing so what happened,28,2026-09-29,2026-09-28,0.8373,0.1547,0.008,negative,0.8373
Google Play,4ef26858-93da-4e06-91af-db6bd3407ad2,2026-09-29 22:57:19,1,the app stopped working after the update !!,Samra Saleh,9.1.86.2432,the app stopped working after the update,7,2026-09-29,2026-09-28,0.6259,0.3524,0.0218,negative,0.6259
Google Play,174a76a1-5c2a-4dd1-902f-f301de667a4a,2026-09-29 22:56:36,1,"UPDATE: STILL not repeating when connected to a Bluetooth device when re-connecting?! I have to click the repeat button for it to repeat every single time I connect to any Bluetooth device!! 🤬 Why do you guys ""fix"" things that ARE NOT BROKEN!?? STOP IT!!! 🤬🤬",Valued Customer,9.1.86.2432,update still not repeating when connected to a bluetooth device when re connecting i have to click the repeat button for it to repeat every single time i connect to any bluetooth device why do you guys fix things that are not broken stop it,45,2026-09-29,2026-09-28,0.9254,0.0677,0.0069,negative,0.9254
Google Play,f09b46e3-9258-4199-abff-93e03b1361c6,2026-09-28 23:59:50,5,love it,Montana LeAnn Manshack,9.1.84.2231,love it,2,2026-09-28,2026-09-28,0.0278,0.1394,0.8328,positive,0.8328
Google Play,ebdff384-a7aa-441f-8ca2-d4e4710de63c,2026-09-28 23:58:02,1,"what the hell is wrong with this app. At first, too many ads secondly we can't choose to play our favourite part of the song. okey okey that's okey after that BUT NOW WE CANT EVEN CHOOSE TO PLAY OUR FAVOURITE SONG. SPOTIFY YOU ARE GOING TOO FAR JUST ANNOUNCE THIS APP AS TOTALLY SUBSCRIBTION BASED LIKE NETFLIX AND ALL. GREE HAS NO LIMIT GUYS.",Arjun Pisal,,what the hell is wrong with this app at first too many ads secondly we can't choose to play our favourite part of the song okey okey that's okey after that but now we cant even choose to play our favourite song spotify you are going too far just announce this app as totally subscribtion based like netflix and all gree has no limit guys,65,2026-09-28,2026-09-28,0.79775,0.17645,0.0258,negative,0.7978
Google Play,20994ccb-e09b-437f-94e1-e2d8f0ec5569,2026-09-28 23:58:00,1,"I can't open the app because it says ""Something went wrong"" when there's literally nothing wrong, I've tried everything restarting the app uninstalling the app and downloading it again, even restart my tablet, and log in both my account and nope still nothing, everything is premium now, you cant even listen to songs properly, and now this ""Something went wrong"" you can't skip, you cant change song, and cant even play your own playlist.",Cheska Tabiolo,9.1.84.2231,i can't open the app because it says something went wrong when there's literally nothing wrong i've tried everything restarting the app uninstalling the app and downloading it again even restart my tablet and log in both my account and nope still nothing everything is premium now you cant even listen to songs properly and now this something went wrong you can't skip you cant change song and cant even play your own playlist,74,2026-09-28,2026-09-28,0.87245,0.11795,0.00955,negative,0.8724
Google Play,8d3fdd9e-b881-4084-b8dd-e94d2a4989c7,2026-09-28 23:54:36,5,"nice music list, feel relaxed no long adds",Falak Javed,9.1.84.2231,nice music list feel relaxed no long adds,8,2026-09-28,2026-09-28,0.0079,0.0254,0.9667,positive,0.9667
Google Play,47bb06fb-1c2a-48b2-9ff9-473eb729832d,2026-09-28 23:54:19,5,download and enjoy,Adil Khan 228,9.1.84.2231,download and enjoy,3,2026-09-28,2026-09-28,0.0109,0.2111,0.7781,positive,0.7781
Google Play,9c15a710-b440-4f7c-b085-fd138aaef7af,2026-09-28 23:53:06,1,garage app you can't even make a playlist to listen to one specific song You have to buy premium to listen to that one song,Koby Bechard,9.1.84.2231,garage app you can't even make a playlist to listen to one specific song you have to buy premium to listen to that one song,25,2026-09-28,2026-09-28,0.8202,0.1694,0.0104,negative,0.8202
Google Play,451845f1-f3df-4d32-acb3-875f78c5e7dc,2026-09-28 23:50:39,4,"The app is so amazing🤩,I love it I would have given 5stars but the last one is for me cause I'm a star😜🤗👌",Benita Charles,9.1.78.2218,the app is so amazing i love it i would have given 5stars but the last one is for me cause i'm a star,24,2026-09-28,2026-09-28,0.0039,0.0069,0.9892,positive,0.9892
Google Play,25da162f-4b0c-4e87-aeb3-13575a77cf77,2026-09-28 23:47:37,1,current state of it is terrible use anything else on mobile,Great embodiment of chaos,9.1.84.2231,current state of it is terrible use anything else on mobile,11,2026-09-28,2026-09-28,0.9388,0.0537,0.0074,negative,0.9388
Google Play,fdda9f51-b7fd-4c8c-8752-3668f27cd750,2026-09-28 23:46:42,4,sweet if you are on premium,Goodluck Aklo ewuga,9.1.84.2231,sweet if you are on premium,6,2026-09-28,2026-09-28,0.0103,0.1704,0.8193,positive,0.8193
Google Play,6b09ff24-c2b1-42f2-8b2a-a9d2be10b271,2026-09-28 23:45:35,5,song app,Moiz Butt,9.1.84.2231,song app,2,2026-09-28,2026-09-28,0.093,0.7179,0.1891,neutral,0.7179
Google Play,305f514f-acd4-41d0-84f1-39a82628a324,2026-09-28 23:44:51,5,Very nice app for listening to music and podcasts,Shila Vishwakarma,9.1.84.2231,very nice app for listening to music and podcasts,9,2026-09-28,2026-09-28,0.0025,0.0249,0.9725,positive,0.9725
Google Play,72beb9a4-d57a-46ef-8ebd-b031b64b951d,2026-09-28 23:41:46,5,best music platform,BILAL XYZ,9.1.84.2231,best music platform,3,2026-09-28,2026-09-28,0.0075,0.0747,0.9178,positive,0.9178
Google Play,695aa257-cf41-48e5-891a-9d8f250a6a94,2026-09-28 23:40:44,1,after some time it makes so much trouble to ply any song,Vishnu Kumar,,after some time it makes so much trouble to ply any song,12,2026-09-28,2026-09-28,0.769,0.2154,0.0156,negative,0.769
Google Play,8d96b565-3676-4f1c-a8bc-51c557f3f198,2026-09-28 23:40:22,1,like why do i have to pay to listen to the music i want. ok the ads but everything else is not okay!,Serpents Gamer,9.1.82.2161,like why do i have to pay to listen to the music i want ok the ads but everything else is not okay,23,2026-09-28,2026-09-28,0.9065,0.0862,0.0074,negative,0.9065
Google Play,9014cf9d-6b56-4070-b547-d95b6cf32f36,2026-09-28 23:35:18,1,"Considering the gallons of money Spotify has to create a functioning app with a good user experience, the final product is shocking. Cluttered and slow to load. A good day means I don't have to force close and reinstall. You really shouldn't have to close, open, force stop, reset, reinstall to get 1 track to load. A music app at its very least should be able to play music.",Michael,9.1.84.2231,considering the gallons of money spotify has to create a functioning app with a good user experience the final product is shocking cluttered and slow to load a good day means i don't have to force close and reinstall you really shouldn't have to close open force stop reset reinstall to get 1 track to load a music app at its very least should be able to play music,69,2026-09-28,2026-09-28,0.6358,0.3251,0.0391,negative,0.6358
Google Play,ac19b6ed-8f29-4451-8bbf-3557abfb91db,2026-09-28 23:34:51,1,This app has gone down hill i hope you realize that breaking the free version is not gonna make people pay it's going to lead to the app's down fall,Chelsea,,this app has gone down hill i hope you realize that breaking the free version is not gonna make people pay it's going to lead to the app's down fall,30,2026-09-28,2026-09-28,0.914,0.0794,0.0066,negative,0.914
Google Play,c2bb3510-e134-497d-8457-f5d597a1bfa9,2026-09-28 23:34:19,1,There are a lot of advertisements here which spoils the mood of listening to songs,Vishal Yadav,9.1.84.2231,there are a lot of advertisements here which spoils the mood of listening to songs,15,2026-09-28,2026-09-28,0.8438,0.1457,0.0105,negative,0.8438
Google Play,a5eb9800-286e-4ad2-932b-71db67253955,2026-09-28 23:26:54,1,"If I dislike a song it means I don't want to hear it -- ever. I don't want to have to double tap to dislike a song, especially when that ""dislike"" is only temporary. Discover Weekly constantly gives me repeat songs (Agent Orange's Bloodstains shows up at least once every two months). They've updated again and now Discover Weekly is 90% bands I already know, pretty much defeats the purpose of DW. And the genre options on DW do not seem to be influenced by your taste at all.",Zachary Shepherd,9.1.72.1891,if i dislike a song it means i don't want to hear it ever i don't want to have to double tap to dislike a song especially when that dislike is only temporary discover weekly constantly gives me repeat songs agent orange's bloodstains shows up at least once every two months they've updated again and now discover weekly is 90 bands i already know pretty much defeats the purpose of dw and the genre options on dw do not seem to be influenced by your taste at all,88,2026-09-28,2026-09-28,0.8304499999999999,0.1583,0.01125,negative,0.8304
Google Play,81d4e58b-280e-4b34-baba-c2e20402f02d,2026-09-28 23:25:42,1,Your app is horrible. That is all.,Crystal Pritchard,9.1.84.2231,your app is horrible that is all,7,2026-09-28,2026-09-28,0.9483,0.0436,0.0081,negative,0.9483
Google Play,53918ecc-2a05-4a9c-88db-4fa71f27b2be,2026-09-28 23:25:37,1,Advert-filled experience,Josiah Gray,9.1.84.2231,advert filled experience,3,2026-09-28,2026-09-28,0.0137,0.2551,0.7311,positive,0.7311
Google Play,6b08cbd4-89c1-4c3d-aa2c-1e1bd857ee0a,2026-09-28 23:25:25,5,bery good,Mohd Arhan,,bery good,2,2026-09-28,2026-09-28,0.0557,0.3184,0.6259,positive,0.6259
Google Play,9e399ff1-93ec-461d-bb2b-3ce458c05cde,2026-09-28 23:19:08,1,now you cant even shuffle your own playlist.. lmfao.... i dont listen to ozzy Osborne.. you think you can force me to listen to genres i don't want to hear as if soundcloud isn't an option.. bye bye detards.. like im going to listen to ads to listen to music im not even in to.. Who ever is in charge of the decisions on this app needs to be dumpster diving by the end of the week to feed their kids.. now you dont even get ad revenue from me.. clownshow,Troll Model,9.1.84.2231,now you cant even shuffle your own playlist lmfao i dont listen to ozzy osborne you think you can force me to listen to genres i don't want to hear as if soundcloud isn't an option bye bye detards like im going to listen to ads to listen to music im not even in to who ever is in charge of the decisions on this app needs to be dumpster diving by the end of the week to feed their kids now you dont even get ad revenue from me clownshow,91,2026-09-28,2026-09-28,0.91605,0.078,0.0059,negative,0.916
Google Play,9e20bc0c-b85c-4135-b49c-e7cc4737992a,2026-09-28 23:18:23,5,I like it,Plesco Ivan,9.1.84.2231,i like it,3,2026-09-28,2026-09-28,0.0278,0.2356,0.7366,positive,0.7366
Google Play,a38520c8-a768-4dec-9a70-d198a91e975d,2026-09-28 23:17:51,5,"Music is my therapy, and Spotify is a part of my everyday life. 🎧❤️ I honestly can’t imagine my day without it. Thank you, Spotify, for being there through every emotion and helping me heal, one song at a time. 🎶✨",Madhumitha,9.1.84.2231,music is my therapy and spotify is a part of my everyday life i honestly can t imagine my day without it thank you spotify for being there through every emotion and helping me heal one song at a time,40,2026-09-28,2026-09-28,0.0048,0.0122,0.9829,positive,0.9829
Google Play,97b6bc93-eac7-4169-8077-1e1ee84459e3,2026-09-28 23:16:39,5,Best music app,Zayn Siddiqui,,best music app,3,2026-09-28,2026-09-28,0.0048,0.0371,0.9581,positive,0.9581
Google Play,c9244466-3eec-451e-98c3-c59061744c9f,2026-09-28 23:16:09,4,"I love the app but recently when searching through, for example, a podcast and looking for a specific episode. That little box towards the bottom of the screen that says ""Back to the Top"" no longer comes up. It use to so i could automatically scroll all the way back to the top of the list by just clicking that box but it's not there anymore. Maybe it has to do with the most recent update? I tried uninstalling the app and reinstalling but didn't work.",Steve Mullane,9.1.84.2231,i love the app but recently when searching through for example a podcast and looking for a specific episode that little box towards the bottom of the screen that says back to the top no longer comes up it use to so i could automatically scroll all the way back to the top of the list by just clicking that box but it's not there anymore maybe it has to do with the most recent update i tried uninstalling the app and reinstalling but didn't work,86,2026-09-28,2026-09-28,0.31065,0.5428000000000001,0.14654999999999999,neutral,0.5428
Google Play,e9d0f9b7-092e-4a55-a12f-c44157a13e11,2026-09-28 23:15:54,5,"I love listening to music, and I love how sometimes they give you free trials",Vejune Aleksaite,9.1.84.2231,i love listening to music and i love how sometimes they give you free trials,15,2026-09-28,2026-09-28,0.0029,0.0172,0.9799,positive,0.9799
Google Play,aa858173-fd9d-4024-a1a5-9f889a0e3b82,2026-09-28 23:15:24,1,Too much ads. very annoying to even listen songs. They will keep on pushing you to purchase their premium subscription by using numerous ads so its better to look for other alternative,Urvashi Marothi,9.1.84.2231,too much ads very annoying to even listen songs they will keep on pushing you to purchase their premium subscription by using numerous ads so its better to look for other alternative,32,2026-09-28,2026-09-28,0.9246,0.0688,0.0066,negative,0.9246
Google Play,43d32b14-5fb3-4d6f-944c-b72262eb7bec,2026-09-28 23:10:43,3,1 star for free users 5 stars for paid users recommend google play reawrds to be downloaded with it 3 stars because im paid user who once was a free user so i know pain (if it hasnt got worse),Vedant Sethia,9.1.80.2221,1 star for free users 5 stars for paid users recommend google play reawrds to be downloaded with it 3 stars because im paid user who once was a free user so i know pain if it hasnt got worse,40,2026-09-28,2026-09-28,0.3788,0.4535,0.1677,neutral,0.4535
Google Play,b354f828-34ac-4537-bc45-c48d3c13f7db,2026-09-28 23:06:56,5,so far so good,Skyking Shipping,9.1.84.2231,so far so good,4,2026-09-28,2026-09-28,0.0053,0.0365,0.9582,positive,0.9582
Google Play,412847bb-8316-4330-849a-a93b1b736460,2026-09-28 23:03:31,5,I love Spotify they have everything you need and the price for no ads to interrupt you jamming out well you live your life is not bad.,Night Wolf (Alicia Freeman),9.1.84.2231,i love spotify they have everything you need and the price for no ads to interrupt you jamming out well you live your life is not bad,27,2026-09-28,2026-09-28,0.012,0.0414,0.9466,positive,0.9466
Google Play,0cb4973f-22a2-4ee3-bfde-f99d62ae2eb4,2026-09-28 23:02:36,5,my heaven place,Amir Ali,9.1.84.2231,my heaven place,3,2026-09-28,2026-09-28,0.0202,0.2265,0.7533,positive,0.7533
Google Play,edb30a34-a07b-4059-af6c-84a1e72632fa,2026-09-28 23:00:36,5,It's good but they have to give more things in free and less ads of premium,Uday Bharadwaj,9.1.84.2231,it's good but they have to give more things in free and less ads of premium,16,2026-09-28,2026-09-28,0.0458,0.3975,0.5567,positive,0.5567
Google Play,ce8f5653-1b8c-45f9-90ae-3f7f53bb4548,2026-09-28 23:00:28,3,kishor doley,Janu Taid,9.1.82.2161,kishor doley,2,2026-09-28,2026-09-28,0.0588,0.8063,0.135,neutral,0.8063
Google Play,656bb106-e778-4c46-a9bf-1825b8c600bc,2026-09-28 22:58:19,5,Great tool and very useful.,Bruce Bina,9.1.86.2432,great tool and very useful,5,2026-09-28,2026-09-28,0.006,0.0163,0.9777,positive,0.9777
Google Play,7a3de174-754f-41f8-b70c-1fc9375680ed,2026-09-28 22:57:41,1,worse app to choosing songs booring to play for seeing too many adds,Srimanthula Raviteja,,worse app to choosing songs booring to play for seeing too many adds,13,2026-09-28,2026-09-28,0.8997,0.0925,0.0078,negative,0.8997
Google Play,2c7161eb-196c-4d0c-a8e0-e34a0ad6922e,2026-09-28 22:57:06,3,"I used to adore this app dearly, but back then there weren't any ads, such persistence to buy premium and no restrictions at all, you truly ruined the fun Spotify. Now I can't even play my choice of song anytime, and what is '6 skips per hour'? that's ridiculous, first' the constant ads were acceptable but now there such restrictions? That is just pushing users away, i used to love this app more than anymore, but now i certainly don't think I do. please fix this, i really hope you do.",Sakshi PP,,i used to adore this app dearly but back then there weren't any ads such persistence to buy premium and no restrictions at all you truly ruined the fun spotify now i can't even play my choice of song anytime and what is '6 skips per hour' that's ridiculous first' the constant ads were acceptable but now there such restrictions that is just pushing users away i used to love this app more than anymore but now i certainly don't think i do please fix this i really hope you do,91,2026-09-28,2026-09-28,0.7298333333333332,0.16963333333333333,0.10056666666666665,negative,0.7298
Google Play,1ebea70f-e72a-4833-ba9d-e61bb4df3cc1,2026-09-28 22:56:53,5,wow super this is soo nice 👍,Bodireddyjagadhiswari Bodireddyjagadhiswari,9.1.80.2221,wow super this is soo nice,6,2026-09-28,2026-09-28,0.0072,0.0113,0.9815,positive,0.9815
Google Play,171c88f7-5ae0-4e9b-8c21-9f0621c586b7,2026-09-28 22:53:49,5,cLeo 6 mermai526,Charlene Jellis,9.1.84.2231,cleo 6 mermai526,3,2026-09-28,2026-09-28,0.0815,0.8218,0.0967,neutral,0.8218
Google Play,83c62fb0-9c9e-4dd8-bac2-8d23ba6a6c7d,2026-09-28 22:53:42,5,love playing barsaat by bajaare :),Chandra Prakash,,love playing barsaat by bajaare,5,2026-09-28,2026-09-28,0.0024,0.017,0.9805,positive,0.9805
Google Play,9b62e33e-b182-4cd7-b4c2-871da5dfffd8,2026-09-28 22:50:59,1,"My app is not working. No matter what podcast I click on, none of the episodes are showing. I've tried everything suggested online. I have deleted and reinstalled the app multiple times. I cleared my cache and deleted the app data and noting works.",Josh Ball,9.1.64.1676,my app is not working no matter what podcast i click on none of the episodes are showing i've tried everything suggested online i have deleted and reinstalled the app multiple times i cleared my cache and deleted the app data and noting works,44,2026-09-28,2026-09-28,0.8397,0.1475,0.0128,negative,0.8397
Google Play,fe92960d-3e72-4282-b244-0c7893c26c68,2026-09-28 22:48:30,5,this app is so good i love the music and if you open my Spotify all you will see is BTS I LOVE THEM AND THIS APP!!!!💜💜💜💜,Danyet Tshome,,this app is so good i love the music and if you open my spotify all you will see is bts i love them and this app,27,2026-09-28,2026-09-28,0.0035,0.0064,0.99,positive,0.99
Google Play,2b50ec6c-066c-463b-a1b5-b87fe28ad2ea,2026-09-28 22:48:19,5,love it for about 10 years,Gabriel Banuelos,9.1.84.2231,love it for about 10 years,6,2026-09-28,2026-09-28,0.0106,0.1244,0.8651,positive,0.8651
Google Play,80d6a715-d179-4b10-aa3e-9cdba35b7728,2026-09-28 22:46:12,4,Not very bad some bugs but good 👍,Abhinav P S,9.1.84.2231,not very bad some bugs but good,7,2026-09-28,2026-09-28,0.0358,0.1339,0.8302,positive,0.8302
Google Play,a53e567b-f3e8-4424-958a-d4df3b55038c,2026-09-28 22:43:02,4,It is a joyful experience.,Kelvin Koroma,9.1.84.2231,it is a joyful experience,5,2026-09-28,2026-09-28,0.005,0.0141,0.9809,positive,0.9809
Google Play,a09e0e35-4604-436a-b9ac-d7d30f711ef7,2026-09-28 22:38:18,4,ok good,aRZMy 007,9.1.84.2231,ok good,2,2026-09-28,2026-09-28,0.0716,0.4069,0.5215,positive,0.5215
Google Play,224b3dda-b7b2-429f-bb98-7065acf34946,2026-09-28 22:38:17,5,"always find the songs you want, and the shuffle mode eats if you want to relax and listen to similar song genres",Stanley Brightom Mashizha,,always find the songs you want and the shuffle mode eats if you want to relax and listen to similar song genres,22,2026-09-28,2026-09-28,0.0075,0.3277,0.6647,positive,0.6647
Google Play,68338abf-4572-403a-a4c1-703d8edb0a59,2026-09-28 22:38:00,5,best music service,Kenneth Collins,9.1.84.2231,best music service,3,2026-09-28,2026-09-28,0.0076,0.0684,0.924,positive,0.924
Google Play,30972256-4ef6-47ff-968b-81b54d7842cc,2026-09-28 22:34:39,3,too much shenanigans for purchasing premium,Sinu Babu,9.1.80.2221,too much shenanigans for purchasing premium,6,2026-09-28,2026-09-28,0.7321,0.2428,0.0251,negative,0.7321
Google Play,baafd210-01de-4fa7-a6bd-fb2916005179,2026-09-28 22:32:43,1,greedy app,Gaurav Gupta,9.1.6.1145,greedy app,2,2026-09-28,2026-09-28,0.8838,0.0996,0.0166,negative,0.8838
Google Play,431f1d61-6ce8-4afe-a0d7-d3bcf53fb6dc,2026-09-28 22:27:32,5,best and best,Murtaza,,best and best,3,2026-09-28,2026-09-28,0.0118,0.1091,0.8791,positive,0.8791
Google Play,ac1d1b53-37c4-4c43-a609-2847400b9c6e,2026-09-28 22:26:35,5,jb sa ja app aya ha marko padhna ma bara majjja aa raha ha may be my feedback is unique but yeah reality is reality🤭,Prem Lata,9.1.84.2231,jb sa ja app aya ha marko padhna ma bara majjja aa raha ha may be my feedback is unique but yeah reality is reality,25,2026-09-28,2026-09-28,0.193,0.7261,0.0809,neutral,0.7261
Google Play,c8e014c9-165d-4173-81ea-a1aafce225d0,2026-09-27 23:58:17,5,As a platinum user. Perfect.,Ayush Tripathi,9.1.60.1970,as a platinum user perfect,5,2026-09-27,2026-09-21,0.0039,0.0315,0.9646,positive,0.9646
Google Play,e9ac0e86-ede4-40da-914e-31ebf683e0c7,2026-09-27 23:49:34,1,the worst app you can ever use in this era of song classified as the whole 10 of top 10 worst apps for songs,Abl Kader,9.1.84.2231,the worst app you can ever use in this era of song classified as the whole 10 of top 10 worst apps for songs,24,2026-09-27,2026-09-21,0.9422,0.0497,0.0081,negative,0.9422
Google Play,61514ca0-f434-4e0c-ae6e-bdecb8dd3178,2026-09-27 23:47:44,5,Through it i descover new gentres,Maropeng Mojela,9.1.80.2221,through it i descover new gentres,6,2026-09-27,2026-09-21,0.2395,0.687,0.0735,neutral,0.687
Google Play,fa8406bf-d873-4a4a-a880-624ff55c5ca6,2026-09-27 23:46:01,1,I feel its stupid that once the premium expires the downloaded songs just vanish so what's the point of being able to download in the first place,Peaches Wilson,9.1.64.1676,i feel its stupid that once the premium expires the downloaded songs just vanish so what's the point of being able to download in the first place,27,2026-09-27,2026-09-21,0.8827,0.1113,0.006,negative,0.8827
Google Play,689d7e66-e704-4d52-a9ba-43cae98fd46c,2026-09-27 23:44:56,5,Very Good,Sika Baah,9.1.80.2221,very good,2,2026-09-27,2026-09-21,0.0168,0.0663,0.9169,positive,0.9169
Google Play,1be301be-93c2-4467-835e-5c9f9d1be3b6,2026-09-27 23:43:49,2,this app is absolute mind blowing ☺️,Javed Jamadar,9.1.84.2231,this app is absolute mind blowing,6,2026-09-27,2026-09-21,0.0043,0.0099,0.9858,positive,0.9858
Google Play,c9a249b9-890f-4b0a-a314-c5a692d713ba,2026-09-27 23:42:29,2,won't save songs to liked playlist anymore,K M,9.1.84.2231,won't save songs to liked playlist anymore,7,2026-09-27,2026-09-21,0.5223,0.4553,0.0223,negative,0.5223
Google Play,7f134c2a-7110-498a-a428-9db0fb5366ec,2026-09-27 23:42:23,4,not bad,Pimpalgaonkar Divesh,9.1.84.2231,not bad,2,2026-09-27,2026-09-21,0.102,0.4993,0.3987,neutral,0.4993
Google Play,484c26b8-51bd-40cb-a4ff-514061c95459,2026-09-27 23:42:09,5,"it's the best app I've every used in my entire life! the only thing is for us free users isn't allowed to download musics unless you bought a subscription. I still recommend this app if only online but in offline it's not the one. still a 5 star, keep u the good work!",Marc Angelo Montallana,9.1.84.2231,it's the best app i've every used in my entire life the only thing is for us free users isn't allowed to download musics unless you bought a subscription i still recommend this app if only online but in offline it's not the one still a 5 star keep u the good work,53,2026-09-27,2026-09-21,0.01,0.0323,0.9577,positive,0.9577
Google Play,b9452df1-4e19-44b6-9aec-a490b1f6b68f,2026-09-27 23:30:52,5,this aap is nice 👍🙂,Alish Khatoon,,this aap is nice,4,2026-09-27,2026-09-21,0.0047,0.0213,0.974,positive,0.974
Google Play,552d9bfb-dc5b-4d4a-be05-8122f554c0be,2026-09-27 23:29:42,5,5/5 adds are annoying tho,Karpo TheSmartGuy,9.1.84.2231,5 5 adds are annoying tho,6,2026-09-27,2026-09-21,0.8759,0.1157,0.0084,negative,0.8759
Google Play,b26a2849-d2d8-4397-aeb0-7d827e0e72dc,2026-09-27 23:21:40,5,best bro,Osamu Dazai,9.1.84.2231,best bro,2,2026-09-27,2026-09-21,0.0237,0.1067,0.8696,positive,0.8696
Google Play,2eb9b4d2-d8a7-48ee-9a04-c873c8fbcfe9,2026-09-27 23:20:42,4,removes the all ads i need old Spotify,Frozen_Tejas,,removes the all ads i need old spotify,8,2026-09-27,2026-09-21,0.2371,0.6643,0.0987,neutral,0.6643
Google Play,dfaab545-b7e4-4b85-8471-dd74da46e899,2026-09-27 23:20:36,1,disgusting app,S S.,9.1.84.2231,disgusting app,2,2026-09-27,2026-09-21,0.9046,0.0804,0.015,negative,0.9046
Google Play,a42b87ea-2030-4ea0-8e5d-eef99165bf70,2026-09-27 23:19:59,5,they make it easy for me to find the music I like.,Teresa,9.1.72.1891,they make it easy for me to find the music i like,12,2026-09-27,2026-09-21,0.0071,0.1373,0.8555,positive,0.8555
Google Play,1a07ce34-0345-44e0-89da-1199ca583c57,2026-09-27 23:19:45,4,"Like others have said the ads are ABSURD and 5 ads just to have one song and then ANOTHER 5 ads is just insane. Lately it has been giving me ads when i try to watch a podcast episode on my tv even though i have premium. Also, it says in the premium benefits that you can organize your listening queue. It wouldnt let me organize how i wanted and told me i needed premium to organize it. A reinstall fixed this luckly, but i shouldnt have to do that just to keep using the app. Thats why its 4 stars.",Armykid4750,,like others have said the ads are absurd and 5 ads just to have one song and then another 5 ads is just insane lately it has been giving me ads when i try to watch a podcast episode on my tv even though i have premium also it says in the premium benefits that you can organize your listening queue it wouldnt let me organize how i wanted and told me i needed premium to organize it a reinstall fixed this luckly but i shouldnt have to do that just to keep using the app thats why its 4 stars,101,2026-09-27,2026-09-21,0.7163999999999999,0.2446,0.038900000000000004,negative,0.7164
Google Play,04675f85-32cc-45f4-8c33-ed203c1d9518,2026-09-27 23:16:48,4,can reduce ad...,Pradeep Yamun,9.1.80.2221,can reduce ad,3,2026-09-27,2026-09-21,0.1066,0.8124,0.081,neutral,0.8124
Google Play,0d28d14e-61e8-4413-9919-bfdfb432773c,2026-09-27 23:13:50,5,this aap is so interesting for indian and my favorite song is raat ke shikari and tell me what is your favorite song pls and subscribe my channel on youtube channel name-Prateekzxc byy guys thank you,Prateek tiwari,,this aap is so interesting for indian and my favorite song is raat ke shikari and tell me what is your favorite song pls and subscribe my channel on youtube channel name prateekzxc byy guys thank you,37,2026-09-27,2026-09-21,0.0024,0.0376,0.96,positive,0.96
Google Play,750a4282-ac36-4547-8cf6-2717defff57d,2026-09-27 23:12:22,5,I just love it,Murphy Murphy,9.1.80.2221,i just love it,4,2026-09-27,2026-09-21,0.0074,0.0286,0.964,positive,0.964
Google Play,53347bd9-3a1c-4c10-b82d-c341ec39f478,2026-09-27 23:10:11,5,"Honestly, I didn’t expect to like Spotify this much . I can find so many songs I love, especially Oromo faarfannaa. 🎶❤️ It’s perfect when I have some free time and just want to listen to good music. So many songs in one place! 🔥🎧",Segni Fikadu,9.1.84.2231,honestly i didn t expect to like spotify this much i can find so many songs i love especially oromo faarfannaa it s perfect when i have some free time and just want to listen to good music so many songs in one place,44,2026-09-27,2026-09-21,0.0047,0.0114,0.9839,positive,0.9839
Google Play,584ddcee-1756-47df-9849-d204efd26268,2026-09-27 23:00:15,5,lowkey tuff. but to many adds man I like central cee,Saiyad Ansari,9.1.84.2231,lowkey tuff but to many adds man i like central cee,11,2026-09-27,2026-09-21,0.2686,0.5077,0.2237,neutral,0.5077
Google Play,5fa58a28-643c-4c25-8229-10028ec8d573,2026-09-27 22:59:47,5,best of its kind,Patrick Malvin,9.1.82.2161,best of its kind,4,2026-09-27,2026-09-21,0.0202,0.1082,0.8716,positive,0.8716
Google Play,85cd3cbf-f973-461f-89aa-08745e71050a,2026-09-27 22:59:10,5,I love Spotify it's relaxing,Lisa Hoosier,9.1.80.2221,i love spotify it's relaxing,5,2026-09-27,2026-09-21,0.0078,0.0167,0.9755,positive,0.9755
Google Play,51f4a426-7aa1-4fe9-ac78-3123f1c079ed,2026-09-27 22:59:07,5,"I've been using the free version of this app to listen to podcasts daily. Kept it after learning Wal-Mart+ membership offered it years ago. I love the access to educational, local news, and documentary pods, being able to download over wifi and save my mobile data for navigation. Plenty of phone storage so that feature helps a ton and my drives are filled with interesting content options. I'm not able to download music. There's always room for improvement but I do recommend Spotify.",Amy W.W.,9.1.84.2231,i've been using the free version of this app to listen to podcasts daily kept it after learning wal mart membership offered it years ago i love the access to educational local news and documentary pods being able to download over wifi and save my mobile data for navigation plenty of phone storage so that feature helps a ton and my drives are filled with interesting content options i'm not able to download music there's always room for improvement but i do recommend spotify,84,2026-09-27,2026-09-21,0.013049999999999999,0.08725,0.8996999999999999,positive,0.8997
Google Play,a01c8918-2731-4b8f-b1fa-82c4647d60ab,2026-09-27 22:49:53,1,replace your name Spotify to adsoptify,Kamesh Black,9.1.84.2231,replace your name spotify to adsoptify,6,2026-09-27,2026-09-21,0.3638,0.6006,0.0356,neutral,0.6006
Google Play,a00aecc4-c7da-4621-ae69-b15c9d74165d,2026-09-27 22:48:43,5,hell yeah,Deagan Bland,9.1.80.2221,hell yeah,2,2026-09-27,2026-09-21,0.0163,0.1243,0.8594,positive,0.8594
Google Play,8e18b243-8570-404e-ad91-f4c7beb63774,2026-09-27 22:45:04,5,Flexible and fun.,Michael Macha,9.1.84.2231,flexible and fun,3,2026-09-27,2026-09-21,0.006,0.0881,0.9059,positive,0.9059
Google Play,7d8f470b-51b2-47ff-803b-f24ec2568bbd,2026-09-27 22:43:44,5,it's all i wanted,Emmanuel Charles,9.1.84.2231,it's all i wanted,4,2026-09-27,2026-09-21,0.0135,0.1355,0.851,positive,0.851
Google Play,22b928ae-b7e4-46b0-9e7b-5fa12cff4ab1,2026-09-27 22:42:21,5,Best apps for Hindi and Indian regional language song.,kaushik patel,9.1.84.2231,best apps for hindi and indian regional language song,9,2026-09-27,2026-09-21,0.0043,0.1273,0.8684,positive,0.8684
Google Play,dfc3f41c-924a-4dce-b737-1d530738f88f,2026-09-27 22:39:41,5,the best app,Karan Singh,,the best app,3,2026-09-27,2026-09-21,0.0076,0.0192,0.9732,positive,0.9732
Google Play,4942b0b5-478b-44ae-946e-1eea6597d445,2026-09-27 22:39:15,1,make product worse + charge more = profit? good on spotify for hiring the mentally challenged to code their app,Fingermybutt,9.1.84.2231,make product worse charge more profit good on spotify for hiring the mentally challenged to code their app,18,2026-09-27,2026-09-21,0.8042,0.1705,0.0253,negative,0.8042
Google Play,9dc5426f-313a-4c2d-8928-dcea14455a96,2026-09-27 22:39:00,4,Too many ad,Pappu kashyap,,too many ad,3,2026-09-27,2026-09-21,0.4956,0.4449,0.0595,negative,0.4956
Google Play,f7bcf72f-5e66-4ceb-85b9-12b45e7b7caa,2026-09-27 22:36:14,5,Spotify Pro😎,Lucia Benitz,9.1.84.2231,spotify pro,2,2026-09-27,2026-09-21,0.0033,0.1073,0.8894,positive,0.8894
Google Play,cd792aa4-1b9d-4950-be6e-770d07371788,2026-09-27 22:30:24,5,very easy to use,Francise Temani,9.1.84.2231,very easy to use,4,2026-09-27,2026-09-21,0.0119,0.074,0.914,positive,0.914
Google Play,cacde2d9-93e2-4e61-9114-8be8b0b44122,2026-09-27 22:30:16,5,I love this app,Vinay Kelzarkar,,i love this app,4,2026-09-27,2026-09-21,0.007,0.018,0.975,positive,0.975
Google Play,435d1744-e1b2-4cf0-a8d2-4cd6a3ef8ecf,2026-09-27 22:28:38,5,Spotify has opened so much music genres and musicians that would have passed me by without it.,Thomas Jones,9.1.84.2231,spotify has opened so much music genres and musicians that would have passed me by without it,17,2026-09-27,2026-09-21,0.0151,0.055,0.9298,positive,0.9298
Google Play,286c1256-1d68-4469-83f3-2b628733fb21,2026-09-27 22:26:08,5,best yaar,TANMAY MORE,9.1.84.2231,best yaar,2,2026-09-27,2026-09-21,0.0189,0.1279,0.8532,positive,0.8532
Google Play,99b42624-450d-4a74-8d05-5d10e334a20f,2026-09-27 22:25:07,1,app starts playing randomly on my phone now and force closing the app doesn't do anything. Hitting the pause button doesn't do anything. restarting my phone worked for all of a few minutes. had to uninstall the app,Nick Lersey,9.1.84.2231,app starts playing randomly on my phone now and force closing the app doesn't do anything hitting the pause button doesn't do anything restarting my phone worked for all of a few minutes had to uninstall the app,38,2026-09-27,2026-09-21,0.88,0.1122,0.0078,negative,0.88
Google Play,48912cb4-5f04-49a8-9db7-ab5bb53bbe56,2026-09-27 22:19:40,5,Who dosent love Spotify,Nate,9.1.84.2231,who dosent love spotify,4,2026-09-27,2026-09-21,0.0618,0.2754,0.6628,positive,0.6628
Google Play,e470ec02-b831-4a1d-8a39-380dada49013,2026-09-27 22:19:12,5,love Spotify but I ran out of money to renew my music,Stacey Dubay,9.1.84.2231,love spotify but i ran out of money to renew my music,12,2026-09-27,2026-09-21,0.1904,0.284,0.5257,positive,0.5257
Google Play,05ed5ec4-c0f4-47af-a28c-222586c86298,2026-09-27 22:18:08,4,"With premium its great, but without it there are so many ads I'm sure they keep making it so you get more so you get premium, otherwise great. Premium doesn't only come with removing ads.",Jeremiah Waldner,9.1.84.2231,with premium its great but without it there are so many ads i'm sure they keep making it so you get more so you get premium otherwise great premium doesn't only come with removing ads,35,2026-09-27,2026-09-21,0.297,0.3981,0.3049,neutral,0.3981
Google Play,c338f850-28d0-4e20-8074-b4e984d64f89,2026-09-27 22:16:37,4,its a good app but there are to many adds at once I think 5 adds at one time is ro much,Brenda Hebert,,its a good app but there are to many adds at once i think 5 adds at one time is ro much,22,2026-09-27,2026-09-21,0.7145,0.2236,0.0618,negative,0.7145
Google Play,dc7ea31b-9577-4ca2-a58e-6a2797f0a0aa,2026-09-27 22:15:19,5,best experience,Rakesh Kalosiya,9.1.84.2231,best experience,2,2026-09-27,2026-09-21,0.0097,0.0426,0.9478,positive,0.9478
Survey CSV,csv-7,2026-09-27 00:00:00,1,Cannot log in after the update,Sameer,,cannot log in after the update,6,2026-09-27,2026-09-21,0.507,0.4695,0.0236,negative,0.507
Google Play,7be5b572-9683-4fc4-85d8-9062abfabbb0,2026-09-26 23:57:53,5,I love it 🥰🥰🥰 I don't know whether I'm just lucky don't have any adds just perfect,Shadiah Bilton,9.1.84.2231,i love it i don't know whether i'm just lucky don't have any adds just perfect,16,2026-09-26,2026-09-21,0.0117,0.014,0.9743,positive,0.9743
Google Play,4bc741c0-e45a-4b91-bfb4-fbb844b72815,2026-09-26 23:55:05,3,very nice app but i not get primiam that for i cannot own choice song,ayan das,9.1.84.2231,very nice app but i not get primiam that for i cannot own choice song,15,2026-09-26,2026-09-21,0.7322,0.2169,0.0509,negative,0.7322
Google Play,d4ae0471-9857-4efc-b9eb-530851e6f11c,2026-09-26 23:51:47,5,"Absolutely loving this app! It runs smoothly, has a gorgeous and intuitive interface, and makes everything so effortless. Easily one of the best apps on the store right now—five stars all the way!",John,9.1.84.2231,absolutely loving this app it runs smoothly has a gorgeous and intuitive interface and makes everything so effortless easily one of the best apps on the store right now five stars all the way,34,2026-09-26,2026-09-21,0.005,0.0066,0.9884,positive,0.9884
Google Play,79146b67-e6fc-4da7-be99-ddf8bc63dada,2026-09-26 23:49:17,5,love this app,Richard Rgarcia,9.0.76.1126,love this app,3,2026-09-26,2026-09-21,0.0119,0.027,0.961,positive,0.961
Google Play,4a13edb5-cc30-4e7a-93b6-e27024126dc5,2026-09-26 23:47:45,2,u don't find most of the songs u want and u can't download songs without paying,Ikechukwu Mercy,9.1.84.2231,u don't find most of the songs u want and u can't download songs without paying,16,2026-09-26,2026-09-21,0.7055,0.2824,0.0121,negative,0.7055
Google Play,ac99fb01-3606-4669-8f7e-2cfcf25caee5,2026-09-26 23:45:38,5,Too good must try,Sundermukhi Chaudhary,9.1.84.2231,too good must try,4,2026-09-26,2026-09-21,0.009,0.0284,0.9627,positive,0.9627
Google Play,71a019de-c77e-4eb3-894f-2f588051e9b8,2026-09-26 23:45:23,4,love Spotify. just don't like the AI generated stuff.,Kayla Davis,9.1.84.2231,love spotify just don't like the ai generated stuff,9,2026-09-26,2026-09-21,0.4547,0.3291,0.2162,negative,0.4547
Google Play,a9dfcd04-c29d-40f9-8f20-6bf24a3d0e74,2026-09-26 23:44:53,5,EVRYTHING ABOUT IT I JUST LOVE!!!,Kassidie Camp,9.1.84.2231,evrything about it i just love,6,2026-09-26,2026-09-21,0.0111,0.0173,0.9716,positive,0.9716
Google Play,833bb0a3-8dc5-45bb-b1c1-e6707fe4bda9,2026-09-26 23:35:37,2,So many ads,Anand M,9.1.84.2231,so many ads,3,2026-09-26,2026-09-21,0.8015,0.1786,0.0199,negative,0.8015
Google Play,d915498f-60d1-49c1-bbdc-e2dd0ef3e0f4,2026-09-26 23:35:02,5,I love that I can build playlists without the algorithm messing it up like YouTube.,Scott Cook,9.1.84.2231,i love that i can build playlists without the algorithm messing it up like youtube,15,2026-09-26,2026-09-21,0.0448,0.167,0.7882,positive,0.7882
Google Play,17f89364-85a1-4080-987d-7ff2ad7d8181,2026-09-26 23:34:14,5,No resisto subir a mi auto sin escucharles inmediatamente. Compañía inigualable.,Sara W. Delgado García,9.1.84.2231,no resisto subir a mi auto sin escucharles inmediatamente compa a inigualable,12,2026-09-26,2026-09-21,0.0875,0.7856,0.1268,neutral,0.7856
Google Play,dfb80764-f2cb-4757-a77b-92cfeb02decf,2026-09-26 23:33:38,5,ilove it and its so usedul for people who loves music (including me🙃),Julie ann Dautil,9.1.84.2231,ilove it and its so usedul for people who loves music including me,13,2026-09-26,2026-09-21,0.0028,0.012,0.9851,positive,0.9851
Google Play,7b442dd1-cda9-41b8-8bc7-839bc37dc5dd,2026-09-26 23:32:20,5,great great great,Cardi Lopez,9.1.84.2231,great great great,3,2026-09-26,2026-09-21,0.0106,0.0523,0.9372,positive,0.9372
Google Play,3da2bf81-63e7-4f1a-9aa4-030af04737d5,2026-09-26 23:24:52,5,this is my favourite app because it is solve my problem,Sadhvi Khatun,9.1.84.2231,this is my favourite app because it is solve my problem,11,2026-09-26,2026-09-21,0.0065,0.0152,0.9782,positive,0.9782
Google Play,01644293-3b67-41fb-85c1-accaec299613,2026-09-26 23:24:14,4,OG app,Ahmad Anayat,9.1.84.2231,og app,2,2026-09-26,2026-09-21,0.0658,0.742,0.1922,neutral,0.742
Google Play,b74db3a8-71d3-4952-ba29-ba84efaea534,2026-09-26 23:23:15,2,"é bom, uso a muitos anos. mas tá fora de sério esse monte de anúncio.",Lorena,9.1.84.2231,bom uso a muitos anos mas t fora de s rio esse monte de an ncio,16,2026-09-26,2026-09-21,0.0228,0.8548,0.1224,neutral,0.8548
Google Play,554a5b63-36ac-48c1-8f16-d4f0cbaaea70,2026-09-26 23:19:19,5,too good,sachin wadhwa,9.1.84.2231,too good,2,2026-09-26,2026-09-21,0.0119,0.0376,0.9505,positive,0.9505
Google Play,f8a15bd5-1cd9-4aec-876f-cba08d87558e,2026-09-26 23:18:10,1,This application removed all of my liked songs and Playlist without my permission. It looks like someone else has access to my account. I am now unable to play and music and retrieve my songs. I will be removing this application. I do not recommend.,Maranda Salerno,9.1.84.2231,this application removed all of my liked songs and playlist without my permission it looks like someone else has access to my account i am now unable to play and music and retrieve my songs i will be removing this application i do not recommend,45,2026-09-26,2026-09-21,0.9023,0.092,0.0057,negative,0.9023
Google Play,c3b5874e-b5b8-4437-af96-dfe1aba61f5f,2026-09-26 23:16:41,1,"I can't afford to use it anymore to get rid of ads and download music to listen offline, so I will only use it if I need to use Google maps",Kira Atkinson,9.1.84.2231,i can't afford to use it anymore to get rid of ads and download music to listen offline so i will only use it if i need to use google maps,31,2026-09-26,2026-09-21,0.6913,0.2867,0.0219,negative,0.6913
Google Play,c1d2759d-4178-4378-b5a9-572cf85556ca,2026-09-26 23:13:05,5,nice a5,Sukchand Sk,9.1.84.2231,nice a5,2,2026-09-26,2026-09-21,0.025,0.1207,0.8543,positive,0.8543
Google Play,f1adc0e5-88e4-435d-bd42-96b1c53449c0,2026-09-26 23:09:48,1,"1/5 stars because 0/5 isnt an option. Insane that this app will both throw an advertisement at you when you choose a song, and then not play that song and try to sell you premium instead. 1/5 stars because 0/5 isnt an option. I'd rather buy a walkman and burn my own CDs.",Daniel White,9.1.84.2231,1 5 stars because 0 5 isnt an option insane that this app will both throw an advertisement at you when you choose a song and then not play that song and try to sell you premium instead 1 5 stars because 0 5 isnt an option i'd rather buy a walkman and burn my own cds,57,2026-09-26,2026-09-21,0.8976,0.0959,0.0066,negative,0.8976
Google Play,2d19732c-99dc-453e-99a5-4b6abdbdc7db,2026-09-26 23:08:23,1,I have been using this frequently for some time now but now it does not let me even select a specific song it just plays by its own from the playlist,vinay mittal,9.1.84.2231,i have been using this frequently for some time now but now it does not let me even select a specific song it just plays by its own from the playlist,31,2026-09-26,2026-09-21,0.7492,0.2396,0.0112,negative,0.7492
Google Play,3360c619-e2ad-438b-a2c6-f7e7bb7cb636,2026-09-26 23:08:20,5,It is great,Harisankar Thirumalaivelu,9.1.84.2231,it is great,3,2026-09-26,2026-09-21,0.0074,0.0344,0.9582,positive,0.9582
Google Play,59ed5531-3f76-4258-9e1e-ad0c84c8845c,2026-09-26 23:06:01,5,good app WOW so warking,Shiva Kushwah,,good app wow so warking,5,2026-09-26,2026-09-21,0.0045,0.0186,0.977,positive,0.977
Google Play,0786e5c2-a065-42ab-837a-b9a54fe7eac8,2026-09-26 23:05:08,5,"the best song player ever made. it has all songs, and so many useful features.The song quality, and proper sound beats are heard because it's very advanced. There are ads though which might get annoying sometimes but their premium plans are too pretty cheap so yes I suggest it. overall its perfect and really good app",Viro Games,9.1.84.2231,the best song player ever made it has all songs and so many useful features the song quality and proper sound beats are heard because it's very advanced there are ads though which might get annoying sometimes but their premium plans are too pretty cheap so yes i suggest it overall its perfect and really good app,57,2026-09-26,2026-09-21,0.0067,0.02095,0.97235,positive,0.9724
Google Play,826e8e6b-1d99-49f0-9bb0-f8836486e71d,2026-09-26 23:03:32,5,nice fun,Kids,9.1.84.2231,nice fun,2,2026-09-26,2026-09-21,0.0157,0.0696,0.9147,positive,0.9147
Google Play,9d179c99-60bd-4ca2-82ba-899bc5ce82b8,2026-09-26 23:03:17,1,useless app,Dhritiman Goswami,9.1.84.2231,useless app,2,2026-09-26,2026-09-21,0.8721,0.1088,0.0191,negative,0.8721
Google Play,eb810dae-cf74-48f9-bc34-e49c02443ac3,2026-09-26 22:59:52,4,"This app is awesome, but I actually have a suggestion, can you make some adjustments to the playlist options so users can move the specific songs into the place on the playlist they want?",George Milroy,9.1.84.2231,this app is awesome but i actually have a suggestion can you make some adjustments to the playlist options so users can move the specific songs into the place on the playlist they want,34,2026-09-26,2026-09-21,0.0058,0.0578,0.9363,positive,0.9363
Google Play,ffd45de9-b1c5-4755-ba1c-a2899c4ae932,2026-09-26 22:55:01,2,I really don't like how yall made us have in our music and we have to buy Spotify Premium and y'all do a switch up for it and I dont wanna use YouTube please please please when u can get this off by I used to use yall 24/7!,Kathy Shute,,i really don't like how yall made us have in our music and we have to buy spotify premium and y'all do a switch up for it and i dont wanna use youtube please please please when u can get this off by i used to use yall 24 7,50,2026-09-26,2026-09-21,0.9131,0.0796,0.0073,negative,0.9131
Google Play,24f2a6bc-ce1f-484f-b4aa-b2238ad84790,2026-09-26 22:51:16,3,might be better,Someone,9.1.84.2231,might be better,3,2026-09-26,2026-09-21,0.0776,0.3959,0.5265,positive,0.5265
Google Play,94edf3f8-d18a-4f42-bb02-95950603ef36,2026-09-26 22:50:46,5,fresh vibez on a regular 👌,Franklyn Okpachui,,fresh vibez on a regular,5,2026-09-26,2026-09-21,0.0105,0.0976,0.8919,positive,0.8919
Google Play,c8ac348d-91c6-4625-8b87-38526fae69ad,2026-09-26 22:49:13,5,I was soo much fun after installing it .,Sumit Yadhovanshi,9.1.84.2231,i was soo much fun after installing it,8,2026-09-26,2026-09-21,0.0034,0.0132,0.9834,positive,0.9834
Google Play,309feb2a-d104-4047-9a43-1c159a911982,2026-09-26 22:47:11,5,"hop back feedback father should fashion afro would like ue love ďj s'cx , lm.,",Abdikarim Diriye muse,,hop back feedback father should fashion afro would like ue love j s'cx lm,14,2026-09-26,2026-09-21,0.011,0.3253,0.6637,positive,0.6637
Google Play,45acb84b-edb5-4416-a17b-ebe6f5b6667a,2026-09-26 22:45:47,1,"Awful experience, gives ad every 3-4 min and the ad stays for 2 min, the worst ad density every seen anywhere in my life, its better to not listen to music rather listening 2 min ad every 2-3 music.",Anas AlHossain,,awful experience gives ad every 3 4 min and the ad stays for 2 min the worst ad density every seen anywhere in my life its better to not listen to music rather listening 2 min ad every 2 3 music,41,2026-09-26,2026-09-21,0.9377,0.0541,0.0083,negative,0.9377
Google Play,f53b6eee-4643-48e4-8976-00c8e8a6fe01,2026-09-26 22:43:44,5,"I’ve been using Spotify Premium and I’m really happy with the experience. The sound quality is great, there are so many songs and podcasts to choose from, and I love that I can listen without ads. The offline download feature is also very useful. Overall, Spotify Premium makes listening to music much more enjoyable! 🎧💚",Purv Kankariya,9.1.84.2231,i ve been using spotify premium and i m really happy with the experience the sound quality is great there are so many songs and podcasts to choose from and i love that i can listen without ads the offline download feature is also very useful overall spotify premium makes listening to music much more enjoyable,56,2026-09-26,2026-09-21,0.0025,0.01285,0.9846,positive,0.9846
Google Play,ca96eb6c-2cfe-42aa-bd57-7a0262628913,2026-09-26 22:40:52,5,I was talented to be a musician,Ozor Cyprian Onyedikachukwu,,i was talented to be a musician,7,2026-09-26,2026-09-21,0.016,0.1182,0.8658,positive,0.8658
Google Play,4ee8683b-3bf9-4737-8af3-7909433ac45c,2026-09-26 22:39:48,1,"WORST APP...At first the ads were still tolerable but 2-3 ads after each song?!are u srsly joking?not only ads but also ONLY 6 SKIPS?Worst app...don't download it at all...it's becoming intolerable,honestly.",Samarendranath Baur,,worst app at first the ads were still tolerable but 2 3 ads after each song are u srsly joking not only ads but also only 6 skips worst app don't download it at all it's becoming intolerable honestly,39,2026-09-26,2026-09-21,0.9493,0.044,0.0067,negative,0.9493
Google Play,ce9cc0a1-30d8-47e4-8561-180b4d4728a8,2026-09-26 22:39:33,5,SO far its been exceptional. I have the premium. Have all kinds of music. Still exploring everything. Good quality app so far!,My Reviews,9.1.84.2231,so far its been exceptional i have the premium have all kinds of music still exploring everything good quality app so far,22,2026-09-26,2026-09-21,0.0038,0.0113,0.9849,positive,0.9849
Google Play,f5ba548f-4b6c-4cae-96a8-da1b5d482f60,2026-09-26 22:38:50,2,to much ads,Sageeta Singh,,to much ads,3,2026-09-26,2026-09-21,0.7204,0.2457,0.0339,negative,0.7204
Google Play,342ea298-4aa6-4b78-8928-311c1f994204,2026-09-26 22:37:38,4,i love,Philip Goyena,,i love,2,2026-09-26,2026-09-21,0.04,0.196,0.7639,positive,0.7639
Google Play,48562728-1cfa-4829-9227-092ad4a6ec0b,2026-09-26 22:35:13,5,"amazing music app, worth the download!",Parker Van Sickle,9.1.82.2161,amazing music app worth the download,6,2026-09-26,2026-09-21,0.004,0.0089,0.9872,positive,0.9872
Google Play,fb2b78f1-44a2-4dcb-a1bf-978aad6015be,2026-09-26 22:32:44,5,best music available,LaRon BRYANT,8.8.48.523,best music available,3,2026-09-26,2026-09-21,0.0061,0.078,0.9159,positive,0.9159
Google Play,910cc986-026c-4394-b77f-fa3a643cf33b,2026-09-26 22:31:00,3,"Good music, too many restrictions. Premium us too pricey.",Ellie Groberg,9.1.84.2231,good music too many restrictions premium us too pricey,9,2026-09-26,2026-09-21,0.1964,0.3477,0.4559,positive,0.4559
Google Play,810c601c-a284-435b-b9dd-e37688796944,2026-09-26 22:29:13,4,love it but have been waiting for years for a landscape mode .,Michael Acevedo,9.1.84.2231,love it but have been waiting for years for a landscape mode,12,2026-09-26,2026-09-21,0.0113,0.0396,0.9491,positive,0.9491
Google Play,05120671-dab0-495f-8daf-00858f85b641,2026-09-26 22:23:52,5,very satisfied aap,Nisha Rathore,9.1.84.2231,very satisfied aap,3,2026-09-26,2026-09-21,0.0063,0.0465,0.9472,positive,0.9472
Survey CSV,csv-6,2026-09-26 00:00:00,3,Okay overall but search is slow,Divya,,okay overall but search is slow,6,2026-09-26,2026-09-21,0.8043,0.1815,0.0142,negative,0.8043
Google Play,7b9e1bcf-3eae-4694-9f88-19388fd3478d,2026-09-25 23:57:06,5,my experience here is the best,Mary Kamau,9.1.76.2055,my experience here is the best,6,2026-09-25,2026-09-21,0.0039,0.0202,0.9759,positive,0.9759
Google Play,df598c42-d7d7-4039-b1f2-e6b593ccf924,2026-09-25 23:55:23,5,very good 😊 must try the app,Vimala K m,9.1.84.2231,very good must try the app,6,2026-09-25,2026-09-21,0.0034,0.0118,0.9848,positive,0.9848
Google Play,809a2efe-ab26-433a-a5d6-d56a58d66a06,2026-09-25 23:54:07,5,hearing for sleep,Sridhar Kar,9.1.84.2231,hearing for sleep,3,2026-09-25,2026-09-21,0.034,0.8441,0.1219,neutral,0.8441
Google Play,cdff207e-f73c-4e03-bb62-dcc903415fe7,2026-09-25 23:53:20,1,"Changing my rating from 5 stars to 1 star. It's now purely subscription or nothing. Everything is locked behind a paywall, plus ads. I was a subscriber for over a year and I have now cancelled. For the price of this subscription, I can pay 1/3rd elsewhere and get a better experience, or I don't even need to pay at all.",Calvin Clint,9.1.84.2231,changing my rating from 5 stars to 1 star it's now purely subscription or nothing everything is locked behind a paywall plus ads i was a subscriber for over a year and i have now cancelled for the price of this subscription i can pay 1 3rd elsewhere and get a better experience or i don't even need to pay at all,62,2026-09-25,2026-09-21,0.50185,0.33840000000000003,0.15975,negative,0.5018
Google Play,414b4999-99c8-42c2-a713-ab38cd8a490a,2026-09-25 23:52:31,1,How can I organize my phone?,Kiggundu Frank,9.0.62.622,how can i organize my phone,6,2026-09-25,2026-09-21,0.0631,0.8706,0.0663,neutral,0.8706
Google Play,1092d049-e152-49d8-9c0f-4be766c96fa5,2026-09-25 23:50:04,4,"had it on my phone. it acted buggy so I uninstalled and now I can't reinstall. way to lose money. I've been loyal for years. now I'm stuck cancelling my subscription and trying to find a new app all because your app is ""not available for this device"" though it worked ok your years. I'll take my business elsewhere then because I'm not playing for an app that I can't use",joe johnson,9.1.84.2231,had it on my phone it acted buggy so i uninstalled and now i can't reinstall way to lose money i've been loyal for years now i'm stuck cancelling my subscription and trying to find a new app all because your app is not available for this device though it worked ok your years i'll take my business elsewhere then because i'm not playing for an app that i can't use,71,2026-09-25,2026-09-21,0.8696,0.11925,0.01115,negative,0.8696
Google Play,2366da98-8f0b-4516-a066-887e8a82b187,2026-09-25 23:50:02,2,good but too much ads,Nirmala Meshram,,good but too much ads,5,2026-09-25,2026-09-21,0.7403,0.2078,0.0519,negative,0.7403
Google Play,eba01528-bce4-4a40-959a-9ddafea4bb83,2026-09-25 23:49:59,2,The poster child of enshittification. No replay or rewind ON A FREAKING MUSIC APP!!!!,Oscar David Rosero Cárdenas,,the poster child of enshittification no replay or rewind on a freaking music app,14,2026-09-25,2026-09-21,0.9387,0.0556,0.0058,negative,0.9387
Google Play,38d89ce4-7af5-41f9-9d6d-bf40b16f138c,2026-09-25 23:46:49,4,"it's nice but at first it's complicated, and you have to pay for a lot of stuff",Emili,,it's nice but at first it's complicated and you have to pay for a lot of stuff,17,2026-09-25,2026-09-21,0.6625,0.2804,0.057,negative,0.6625
Google Play,4111c245-012e-40af-a4ca-7125bd4a5f28,2026-09-25 23:46:06,5,best music app I love it❤️,Dino Soutter,9.1.84.2231,best music app i love it,6,2026-09-25,2026-09-21,0.0055,0.0096,0.9849,positive,0.9849
Google Play,1db59158-5788-40c7-92af-af267a6458be,2026-09-25 23:45:59,1,Capitalist. Greedy.,Aliyaaa,9.1.84.2231,capitalist greedy,2,2026-09-25,2026-09-21,0.7159,0.2378,0.0464,negative,0.7159
Google Play,aa97ef7a-9a71-4f8b-9376-a94e48ed5d67,2026-09-25 23:44:51,5,so good,Jenysha,,so good,2,2026-09-25,2026-09-21,0.0232,0.0912,0.8857,positive,0.8857
Google Play,8cb511b6-3e3e-4581-9292-ee988efa7cf4,2026-09-25 23:43:11,5,I wouldn't be the man that I am without the music brought to me by this app.,Solomon Marshall,9.1.80.2221,i wouldn't be the man that i am without the music brought to me by this app,17,2026-09-25,2026-09-21,0.029,0.0934,0.8776,positive,0.8776
Google Play,8d09386f-02d5-4383-aa00-ec3d28d699ab,2026-09-25 23:34:38,5,great.... for music listening,Matshidiso Bridget,9.1.80.2221,great for music listening,4,2026-09-25,2026-09-21,0.0019,0.0182,0.9799,positive,0.9799
Google Play,895224b8-4828-4a2a-a6a7-76e0e6f0c6a7,2026-09-25 23:32:45,1,Fortfarande problem så fort det är en ny uppdatering installerad. Det är överlag en massa problem annars med exempelvis att man måste starta om appen några gånger för att den inte ska vara 'offline' zzz,Kat,9.1.84.2231,fortfarande problem s fort det r en ny uppdatering installerad det r verlag en massa problem annars med exempelvis att man m ste starta om appen n gra g nger f r att den inte ska vara 'offline' zzz,39,2026-09-25,2026-09-21,0.3441,0.6224,0.0335,neutral,0.6224
Google Play,4a3e5232-873b-4279-935f-15744f42f11e,2026-09-25 23:32:16,2,"although they have a good selection of music and get every detail correct on the albums the actual music is limited to professionally upload stuff and if you don't have premium the app is like a dystopian jukebox that needs social credit to run overwise you'll have to listen to the same song thrice in a row because you have no skips left and shuffle is literally on, just use cracked youtube music",Daniel Petrovski,9.1.62.1601,although they have a good selection of music and get every detail correct on the albums the actual music is limited to professionally upload stuff and if you don't have premium the app is like a dystopian jukebox that needs social credit to run overwise you'll have to listen to the same song thrice in a row because you have no skips left and shuffle is literally on just use cracked youtube music,73,2026-09-25,2026-09-21,0.40405,0.47945000000000004,0.11649999999999999,neutral,0.4794
Google Play,bda97dd5-562a-4efc-bea5-8d4de8d5b7fd,2026-09-25 23:31:32,5,Best music app that I've ever used,Randy Phillips,9.1.84.2231,best music app that i've ever used,7,2026-09-25,2026-09-21,0.0036,0.0163,0.98,positive,0.98
Google Play,185261b6-4f41-4b89-b078-e7ef1123ae13,2026-09-25 23:30:48,1,i love songs,Ravindr Maurya,9.1.84.2231,i love songs,3,2026-09-25,2026-09-21,0.0077,0.0633,0.9291,positive,0.9291
Google Play,5b3f0f65-0029-4288-930e-1242640d26b4,2026-09-25 23:28:12,1,very bad app waste menoy,Asifa Rafiq,9.1.84.2231,very bad app waste menoy,5,2026-09-25,2026-09-21,0.9268,0.0633,0.0099,negative,0.9268
Google Play,0b75b317-3056-484f-8b43-f17f97ea8bd9,2026-09-25 23:26:44,5,"A good app . A lot of things to explore yet , but till now it's good .",Sambasivan C,9.1.84.2231,a good app a lot of things to explore yet but till now it's good,15,2026-09-25,2026-09-21,0.0041,0.0218,0.9741,positive,0.9741
Google Play,0851650d-fa4c-4957-94a2-69c967f47923,2026-09-25 23:24:11,2,this app is very slow,Syeda Dua,,this app is very slow,5,2026-09-25,2026-09-21,0.9138,0.0745,0.0117,negative,0.9138
Google Play,569833b4-c92c-4cbf-a954-0f6916b38e32,2026-09-25 23:23:01,5,love the experience,peter AYANWALE,9.1.84.2231,love the experience,3,2026-09-25,2026-09-21,0.0055,0.0221,0.9724,positive,0.9724
Google Play,645c07bd-026a-411a-99ea-48e98cbfc14e,2026-09-25 23:22:50,5,good just good,Kamsi Nkeokelonye,9.1.80.2221,good just good,3,2026-09-25,2026-09-21,0.0097,0.06,0.9303,positive,0.9303
Google Play,a9f3c834-96f1-48c5-8a87-3ae02a520f5b,2026-09-25 23:13:11,5,"This app is the best music app in the world, cheap premium and top notch information about song and Artist it's just the best music app but the restrictions for non premium users is much like have a limited choices of songs in you library to play daily",David Udah,9.1.64.1676,this app is the best music app in the world cheap premium and top notch information about song and artist it's just the best music app but the restrictions for non premium users is much like have a limited choices of songs in you library to play daily,48,2026-09-25,2026-09-21,0.0204,0.0744,0.9052,positive,0.9052
Google Play,91ebf0d0-5d1c-4fd4-8e0b-8dc8ac76961f,2026-09-25 23:12:51,5,very good app for,Yesu Yesu,9.1.84.2231,very good app for,4,2026-09-25,2026-09-21,0.0068,0.033,0.9602,positive,0.9602
Google Play,6ffb4cf3-b16b-46ad-8cbb-b674df6b0b7d,2026-09-25 23:08:49,1,"this app sucks bad, I paid for premium yet I still get ads of trippie Redd's new album, please stick to apple play",Allan Alvin,9.1.84.2231,this app sucks bad i paid for premium yet i still get ads of trippie redd's new album please stick to apple play,23,2026-09-25,2026-09-21,0.943,0.0498,0.0072,negative,0.943
Google Play,e3bd579c-407e-43ba-8c30-d69c471fd82d,2026-09-25 23:07:13,2,"love it but the big Biggie is the ads. like an ad after every song,bro, chill with the ads, cause, If you don't change it,I'm a go back to litsening to songs from YouTube. Spotify will become the least used app on my phone.so please reduce the ads ,we Spotify users are begging,we just want to listen to our favourite songs.",JAMES “Panda expressed” KARIUKI,9.1.84.2231,love it but the big biggie is the ads like an ad after every song bro chill with the ads cause if you don't change it i'm a go back to litsening to songs from youtube spotify will become the least used app on my phone so please reduce the ads we spotify users are begging we just want to listen to our favourite songs,65,2026-09-25,2026-09-21,0.6585000000000001,0.2559,0.08555,negative,0.6585
Google Play,c4fab24d-ed9d-48b0-9079-95e3c287639c,2026-09-25 23:06:49,5,GADEEJAH DAVIDS LITTLE JOE BONANZA,Gadeejah Davids,9.1.84.2231,gadeejah davids little joe bonanza,5,2026-09-25,2026-09-21,0.1582,0.6817,0.1601,neutral,0.6817
Google Play,f04452bd-4fa3-445d-8cda-e743bace5e49,2026-09-25 23:06:38,5,love it! so much music so many podcasts,Tim Linzey,9.1.84.2231,love it so much music so many podcasts,8,2026-09-25,2026-09-21,0.0039,0.0094,0.9867,positive,0.9867
Google Play,eff4ca16-03b7-4129-a5f6-e82908c291cc,2026-09-25 23:03:02,5,Spotify Music is were i go to listen to all my favorite music,Randy Cook,9.1.84.2231,spotify music is were i go to listen to all my favorite music,13,2026-09-25,2026-09-21,0.0029,0.0456,0.9515,positive,0.9515
Google Play,1648d6d3-0a2d-4197-b2ed-d8d3757cd006,2026-09-25 22:57:10,5,best for music,Yoscar L. Garcia Diaz,9.1.84.2231,best for music,3,2026-09-25,2026-09-21,0.0127,0.1198,0.8674,positive,0.8674
Google Play,e9d358c2-6ce3-4949-88c5-e3d52d791a0f,2026-09-25 22:53:59,5,very very guttta,Chutiya Chutiya,,very very guttta,3,2026-09-25,2026-09-21,0.835,0.1509,0.014,negative,0.835
Google Play,89166ec1-d36a-4793-94a0-0cbe5a32812e,2026-09-25 22:52:14,5,it's very good 👍👍👍,Demon Hunter,,it's very good,3,2026-09-25,2026-09-21,0.0038,0.0106,0.9856,positive,0.9856
Google Play,9cad40e1-5a0e-48ae-b8d9-cf132f127bbe,2026-09-25 22:50:47,2,I don't understand why I'm still getting ads on a premium account. Sort your app guys. Not the experience we pay for,Pawel,,i don't understand why i'm still getting ads on a premium account sort your app guys not the experience we pay for,22,2026-09-25,2026-09-21,0.9096,0.0828,0.0076,negative,0.9096
Google Play,26ea010d-1da8-42d9-867b-aaadbff2a228,2026-09-25 22:49:26,5,"very good app, good for music 24/7",Oni Oluwafemi,9.1.80.2221,very good app good for music 24 7,8,2026-09-25,2026-09-21,0.0022,0.0121,0.9858,positive,0.9858
Google Play,e1b3817d-6ece-4f5c-870c-c01984025f08,2026-09-25 22:48:56,1,Today I am uninstalling this app never to install again. You pay and use they are happy. You use it for free and they start taunting you through their adds. Aree you high prof. bhikri why don't you make it a pay and use scheme like many others.,Ratnambar Kumbhakar,9.1.84.2231,today i am uninstalling this app never to install again you pay and use they are happy you use it for free and they start taunting you through their adds aree you high prof bhikri why don't you make it a pay and use scheme like many others,48,2026-09-25,2026-09-21,0.8438,0.1401,0.0161,negative,0.8438
Google Play,ac5f2a0c-4e2b-4e7b-bd49-0fbe9bb9bfd5,2026-09-25 22:47:18,5,love spotify. I hardly watch television. Podcasts and audio books for me.,Marc Cain,9.1.84.2231,love spotify i hardly watch television podcasts and audio books for me,12,2026-09-25,2026-09-21,0.005,0.0251,0.9699,positive,0.9699
Google Play,e703b1ef-86a1-4385-adfc-4050a8d51afb,2026-09-25 22:47:06,5,has almost all the music I be looking for except a few songs. podcasts are dope af. need to get my premium back tho cuz my experience is way better with that.,Cj Nord,9.1.82.2161,has almost all the music i be looking for except a few songs podcasts are dope af need to get my premium back tho cuz my experience is way better with that,32,2026-09-25,2026-09-21,0.0098,0.0602,0.9301,positive,0.9301
Google Play,dfec2064-ee48-4c39-a6d3-b41ab228d50d,2026-09-25 22:46:04,1,"This is genuinely one of the most frustrating changes Spotify has ever made.Spotify used to be SIMPLE. Now, for so many songs, instead of letting users simply play what they searched for, Spotify throws them into Radio/recommended playback and decides what they should listen to. Extremely disappointing. I’m uninstalling it. I genuinely hope Spotify realizes that frustrating users into subscribing is not the same thing as giving them a reason to subscribe.",Coco Bee,,this is genuinely one of the most frustrating changes spotify has ever made spotify used to be simple now for so many songs instead of letting users simply play what they searched for spotify throws them into radio recommended playback and decides what they should listen to extremely disappointing i m uninstalling it i genuinely hope spotify realizes that frustrating users into subscribing is not the same thing as giving them a reason to subscribe,75,2026-09-25,2026-09-21,0.9058,0.08675,0.00745,negative,0.9058
Google Play,2835188b-3bb8-48dd-8691-524e1e3c81db,2026-09-25 22:43:52,1,every two songs an add pops up,Lewis Hodgkiss,9.1.84.2231,every two songs an add pops up,7,2026-09-25,2026-09-21,0.0493,0.8991,0.0516,neutral,0.8991
Google Play,f4db37c5-323b-41e6-a2e1-86b013b39089,2026-09-25 22:43:02,5,some music videos are not available why??,MICHEAL CARRICK,,some music videos are not available why,7,2026-09-25,2026-09-21,0.7558,0.2354,0.0089,negative,0.7558
Google Play,9e99043e-c502-4472-98ff-b5bf73769fbd,2026-09-25 22:42:47,5,"Awesome, exciting, entertaining, inspiring, and unquestionably one of the best...",Obazee Uyi-Osagie,9.1.76.2055,awesome exciting entertaining inspiring and unquestionably one of the best,10,2026-09-25,2026-09-21,0.0034,0.0085,0.9881,positive,0.9881
Google Play,70749b80-5c0b-4177-a832-a0b782925d74,2026-09-25 22:40:37,5,good but ads,Anush Paul,9.1.80.2221,good but ads,3,2026-09-25,2026-09-21,0.3847,0.3885,0.2268,neutral,0.3885
Google Play,c8114643-1619-4019-8f32-e808b7a263f3,2026-09-25 22:38:10,5,it's okay app,Naveen Kumar,9.1.84.2231,it's okay app,3,2026-09-25,2026-09-21,0.0321,0.2758,0.692,positive,0.692
Google Play,3185b7b0-5d19-413f-8f18-e5f29e9b0d2a,2026-09-25 22:36:56,4,good but you dont show every song,Keyleen,9.1.84.2231,good but you dont show every song,7,2026-09-25,2026-09-21,0.3726,0.5106,0.1168,neutral,0.5106
Google Play,4d4dc911-39db-4e2c-8c1a-3f1dd9df03de,2026-09-25 22:36:28,1,"After renewing paid, I just got nag screen asking go rating. Paid subscription!!! Was: Spotify canceled my paid subscription. Now unusable application. Not recommended. Looking for alternative",Tomasz Prv g,9.1.84.2231,after renewing paid i just got nag screen asking go rating paid subscription was spotify canceled my paid subscription now unusable application not recommended looking for alternative,27,2026-09-25,2026-09-21,0.8967,0.0956,0.0076,negative,0.8967
Google Play,d783bca1-ad85-451f-aace-c9e1ee7a9a74,2026-09-25 22:34:12,1,was the Best music service now suddenly features are disappearing in favor of AI summarizations and garbage slop. No more lyrics???,Jesse,9.1.84.2231,was the best music service now suddenly features are disappearing in favor of ai summarizations and garbage slop no more lyrics,21,2026-09-25,2026-09-21,0.9077,0.0829,0.0093,negative,0.9077
Google Play,f4fa28f7-10fa-48eb-8f82-67b177770b66,2026-09-25 22:33:18,5,this is my favorite app because I can listen podcasts in audio with lock screen and all types of songs with no ads.,Kabir Stark,9.1.84.2231,this is my favorite app because i can listen podcasts in audio with lock screen and all types of songs with no ads,23,2026-09-25,2026-09-21,0.0034,0.025,0.9716,positive,0.9716
Survey CSV,csv-5,2026-09-25 00:00:00,5,Best music app out there,Arjun,,best music app out there,5,2026-09-25,2026-09-21,0.0047,0.0313,0.964,positive,0.964
Google Play,85a680e4-7559-4365-add7-6cbda7ccef8a,2026-09-24 23:55:53,2,"*Update, I did say I've done all the things right? I'm paying for premium so this is not acceptable. Today, Roku is telling me all my playlists are empty. I've done all the things and it's still saying it. Pretty frustrating.",Dana McClellan,9.1.84.2231,update i did say i've done all the things right i'm paying for premium so this is not acceptable today roku is telling me all my playlists are empty i've done all the things and it's still saying it pretty frustrating,41,2026-09-24,2026-09-21,0.8814,0.1095,0.0091,negative,0.8814
Google Play,4ad4e78a-ed0e-4385-bdc5-daa23ad428a3,2026-09-24 23:54:10,2,all of my songs have disappeared from my play lists and I can't even add them back,Denver Ford,9.1.84.2231,all of my songs have disappeared from my play lists and i can't even add them back,17,2026-09-24,2026-09-21,0.7673,0.2154,0.0173,negative,0.7673
Google Play,c2cda47f-3151-4dc5-be06-3cee52863ff4,2026-09-24 23:51:21,5,Comfort zone.,Derrick Clement,9.1.82.2161,comfort zone,2,2026-09-24,2026-09-21,0.0092,0.2608,0.73,positive,0.73
Google Play,2ec3449a-74b5-46fc-8452-a31fc1cb03aa,2026-09-24 23:50:25,3,it good app so use,DIONIZE Hades,,it good app so use,5,2026-09-24,2026-09-21,0.0053,0.0408,0.9539,positive,0.9539
Google Play,0064ff84-4614-431b-977d-651ff2ccdf19,2026-09-24 23:48:58,1,Anyone know how to stop Spotify from playing the same 10 songs over two days? 🙄,Lauren Piggott,9.1.84.2231,anyone know how to stop spotify from playing the same 10 songs over two days,15,2026-09-24,2026-09-21,0.8189,0.1711,0.0099,negative,0.8189
Google Play,8bbc4c8e-9c00-4760-8fcb-0356af28b7d0,2026-09-24 23:40:28,5,Love using Spotify ❤️. It's great 👍,Anmol Asad,9.1.84.2231,love using spotify it's great,5,2026-09-24,2026-09-21,0.0033,0.0074,0.9894,positive,0.9894
Google Play,27c2ed67-120e-4315-83aa-15a2e2f845b1,2026-09-24 23:39:56,5,special ok,SHEIKH FULL DOCTOR,9.1.84.2231,special ok,2,2026-09-24,2026-09-21,0.0407,0.6547,0.3045,neutral,0.6547
Google Play,7c8c1494-8885-44ee-aeb1-200bd90d7979,2026-09-24 23:38:30,5,is so good when i use this app and for all i really really live this app,Christian Ragojo,9.1.82.2161,is so good when i use this app and for all i really really live this app,17,2026-09-24,2026-09-21,0.0058,0.0191,0.9751,positive,0.9751
Google Play,5b81cda8-615b-4456-ac2b-0bf9eed6faf9,2026-09-24 23:36:33,5,I hate the ads!,Ntando Zenani,8.9.90.127,i hate the ads,4,2026-09-24,2026-09-21,0.9295,0.0585,0.012,negative,0.9295
Google Play,af394d59-3b2e-4dff-af8b-f924170f2997,2026-09-24 23:32:30,1,app sucks. to many adds,ricky c,9.1.84.2231,app sucks to many adds,5,2026-09-24,2026-09-21,0.949,0.044,0.0071,negative,0.949
Google Play,156141bf-7824-4472-a95c-767b47c2c5de,2026-09-24 23:30:25,5,I like this app and i give it 5 stars,Akhuthando Jalile,,i like this app and i give it 5 stars,10,2026-09-24,2026-09-21,0.0043,0.0252,0.9705,positive,0.9705
Google Play,5449e9e7-45b7-4cf9-8cba-717346b38578,2026-09-24 23:28:48,1,"this is the worst app ever for people like us who can't afford it. You don't know what it feels like when music is the only thing keeping you afloat when everything is falling apart. When your parents are shouting and there is an ad in between that causes you to hear the voices, when there is only one song that you need on loop to be sane and you can't, when you want to play the song that speaks your soul but you can't cause yeah, that needs premium, shame on you for keeping music from us.",Bhumi Ahuja,9.1.84.2231,this is the worst app ever for people like us who can't afford it you don't know what it feels like when music is the only thing keeping you afloat when everything is falling apart when your parents are shouting and there is an ad in between that causes you to hear the voices when there is only one song that you need on loop to be sane and you can't when you want to play the song that speaks your soul but you can't cause yeah that needs premium shame on you for keeping music from us,98,2026-09-24,2026-09-21,0.8516,0.1346,0.013833333333333331,negative,0.8516
Google Play,e94fed80-257b-497f-81f8-0f5040f48cd7,2026-09-24 23:27:31,5,this app very much because her experience songs can my feel,Susmita Bera,,this app very much because her experience songs can my feel,11,2026-09-24,2026-09-21,0.0172,0.6053,0.3775,neutral,0.6053
Google Play,edd5b36b-f2d6-4dbb-92a9-16a6bb1de3b2,2026-09-24 23:22:28,3,"Nice to have a working app again, but having 3-4 ads in-between 2 songs is excessive. Also, get rid of these political ads from Pedo-Protectors like Paxton and MAGA in general. If I thumbs down or report and ad, quit playing it on my streat, just put another ad in it's place.",Just some guy,9.1.84.2231,nice to have a working app again but having 3 4 ads in between 2 songs is excessive also get rid of these political ads from pedo protectors like paxton and maga in general if i thumbs down or report and ad quit playing it on my streat just put another ad in it's place,55,2026-09-24,2026-09-21,0.6074,0.2996,0.093,negative,0.6074
Google Play,98488be8-6119-4177-837c-697647afb91f,2026-09-24 23:21:00,5,Spotify great app for listening to music and podcasts. The large selection and easy-to-use interface make it enjoyable,Faiza Tariq,,spotify great app for listening to music and podcasts the large selection and easy to use interface make it enjoyable,20,2026-09-24,2026-09-21,0.0024,0.0172,0.9803,positive,0.9803
Google Play,24b8c66b-7980-4b15-bfdb-ceafe40c501b,2026-09-24 23:18:58,5,"such a good app! I really like it whenever you need to listen music go to this app🫶 l opened Spotify for ""one song"" now it's 3 am 😭🫶 no regrets tho. Spotify>>>>> everything 😭🫶 10/10 app Spotify feels like a little world of its own❤️🫶😭🫂🍫💞",VRX Tips,9.1.80.2221,such a good app i really like it whenever you need to listen music go to this app l opened spotify for one song now it's 3 am no regrets tho spotify everything 10 10 app spotify feels like a little world of its own,45,2026-09-24,2026-09-21,0.0034,0.0099,0.9867,positive,0.9867
Google Play,495b41ad-a3b5-426a-817c-644fe84cc3b1,2026-09-24 23:10:10,1,SkyQ box my account is now blank. all my play lists have vanished refreshed no good. have you been hacked or is it just messing people around for money very fed up I did . uninstall re signed in . zilch,Nichola Linnane,9.1.84.2231,skyq box my account is now blank all my play lists have vanished refreshed no good have you been hacked or is it just messing people around for money very fed up i did uninstall re signed in zilch,39,2026-09-24,2026-09-21,0.9266,0.068,0.0054,negative,0.9266
Google Play,e61d6575-5446-4460-8b96-f905fbcbbee9,2026-09-24 23:09:41,1,As we can not listen every song of our wish without having premium after a few songs and constant ads,Laksh Agarwal,9.1.84.2231,as we can not listen every song of our wish without having premium after a few songs and constant ads,20,2026-09-24,2026-09-21,0.4198,0.5381,0.0421,neutral,0.5381
Google Play,4a925a6e-de60-4a1c-a927-ea32bb9aafa2,2026-09-24 23:08:44,4,It's a very good app but I make 4 stars because the interface is very very satisfying,Tsiveri Anjara,9.1.84.2231,it's a very good app but i make 4 stars because the interface is very very satisfying,17,2026-09-24,2026-09-21,0.0072,0.011,0.9818,positive,0.9818
Google Play,ffaa90aa-4aab-4d20-9880-c7171265f80a,2026-09-24 23:08:30,5,reliable information,Pat Eiman,,reliable information,2,2026-09-24,2026-09-21,0.0602,0.758,0.1818,neutral,0.758
Google Play,89dea374-1bf9-42b4-b9d7-edeaf48d1380,2026-09-24 23:08:26,4,Spotify premium is good but can be better in terms of quality. we would love to get high fidelity music here it would be a great addition. Apple music is offering a higher quality of music so if we can get the same in Spotify it would be better,Partha Sarkar,,spotify premium is good but can be better in terms of quality we would love to get high fidelity music here it would be a great addition apple music is offering a higher quality of music so if we can get the same in spotify it would be better,49,2026-09-24,2026-09-21,0.0088,0.05,0.9412,positive,0.9412
Google Play,d3b6581d-ef71-4b53-bcdc-de0b3539d6b1,2026-09-24 23:07:34,5,it's like a drug once you use it you can't ho back. I also have YouTube premium and tried to make the switch to YouTube music to save some money but quickly came back to Spotify premium. SP is unmatched 🙌.,favian T,9.1.84.2231,it's like a drug once you use it you can't ho back i also have youtube premium and tried to make the switch to youtube music to save some money but quickly came back to spotify premium sp is unmatched,40,2026-09-24,2026-09-21,0.0132,0.1062,0.8806,positive,0.8806
Google Play,e443d499-5a20-4db6-91e0-dbaba4b61ef0,2026-09-24 23:02:57,5,best music app I've used,Milton Mock,9.1.82.2161,best music app i've used,5,2026-09-24,2026-09-21,0.0038,0.0229,0.9733,positive,0.9733
Google Play,9f555935-641b-4f9e-8889-6bbf63915a1e,2026-09-24 23:02:17,4,can't live without it,D Fagen,9.1.84.2231,can't live without it,4,2026-09-24,2026-09-21,0.1728,0.3851,0.4421,positive,0.4421
Google Play,ae32fe8b-09b9-484a-871c-d962a8f3df60,2026-09-24 22:57:14,5,very useful,Nazmy Amin,9.1.84.2231,very useful,2,2026-09-24,2026-09-21,0.021,0.101,0.8779,positive,0.8779
Google Play,076c99de-7351-4cd3-8c70-667e5caecaf7,2026-09-24 22:57:04,5,no sure,Godiramang Rampana,9.1.84.2231,no sure,2,2026-09-24,2026-09-21,0.1238,0.7589,0.1173,neutral,0.7589
Google Play,d5b5330c-12f5-467d-bcfd-2e7457885d2f,2026-09-24 22:47:25,5,excellent!! The quality of the music is just amazing!,Vicky Herson,9.1.84.2231,excellent the quality of the music is just amazing,9,2026-09-24,2026-09-21,0.0037,0.0069,0.9895,positive,0.9895
Google Play,0c9055da-dd68-4042-9de0-a099764f4628,2026-09-24 22:45:29,5,It is very good especialy the playlist and the recommend of songs is great☺☺❤❤👌👌,Sanjana Mohanraj,9.1.80.2221,it is very good especialy the playlist and the recommend of songs is great,14,2026-09-24,2026-09-21,0.0034,0.0074,0.9893,positive,0.9893
Google Play,ae41624d-eeb4-4de1-96d7-c60420b27410,2026-09-24 22:45:29,1,nounstop ads,Kamalpreet Singh Sher Gill,9.1.80.2221,nounstop ads,2,2026-09-24,2026-09-21,0.6107,0.3657,0.0235,negative,0.6107
Google Play,a0d911fe-95c8-4a92-bab4-fc41b5cff509,2026-09-24 22:44:56,5,this app is very nice app,sahid islam,9.1.84.2231,this app is very nice app,6,2026-09-24,2026-09-21,0.0043,0.0159,0.9798,positive,0.9798
Google Play,56db89c9-70b6-4c3e-931c-731dbb01564b,2026-09-24 22:42:02,5,you have all tracks in the world,Awande Mngwengwe,9.1.84.2231,you have all tracks in the world,7,2026-09-24,2026-09-21,0.0372,0.5419,0.4209,neutral,0.5419
Google Play,150f0de2-79f9-49b6-9a5b-c407da3520ac,2026-09-24 22:41:31,1,the smart shuffle is a Joke!,Arsen Tovmasyan,9.1.84.2231,the smart shuffle is a joke,6,2026-09-24,2026-09-21,0.8361,0.1376,0.0264,negative,0.8361
Google Play,7a1678c2-3a53-4542-a40d-70dee0e35582,2026-09-24 22:37:23,5,No sé qué haría sin spotify,Ana Gabriela Soto,9.1.84.2231,no s qu har a sin spotify,7,2026-09-24,2026-09-21,0.1177,0.8384,0.044,neutral,0.8384
Google Play,09ab9116-d0ab-43c9-8479-4c1f6fa32d05,2026-09-24 22:35:54,1,bad worst app is to want to premium to play music please don't install this app,H.L,9.1.84.2231,bad worst app is to want to premium to play music please don't install this app,16,2026-09-24,2026-09-21,0.9353,0.0562,0.0084,negative,0.9353
Google Play,b75e523e-4a58-4aa3-ae57-13d8d0dc0080,2026-09-24 22:32:53,1,bilkul acha naii hai bekar ka hai Spotify ese hi kar liya jisne banaya vo pagal,Dolat Ram Anpad,9.1.80.2221,bilkul acha naii hai bekar ka hai spotify ese hi kar liya jisne banaya vo pagal,16,2026-09-24,2026-09-21,0.1446,0.8151,0.0402,neutral,0.8151
Google Play,3085cd0f-dbf6-42c0-842f-8c3320a02422,2026-09-24 22:31:42,5,except for the ad part,Rihana Riyas,9.1.82.2161,except for the ad part,5,2026-09-24,2026-09-21,0.1412,0.7654,0.0933,neutral,0.7654
Google Play,aed0ba95-320b-47eb-a96b-91b3a08d50cc,2026-09-24 22:27:22,1,my subscription stopped in the middle and now I don't know what to do .,suman chouhan,9.1.84.2231,my subscription stopped in the middle and now i don't know what to do,14,2026-09-24,2026-09-21,0.857,0.1361,0.0069,negative,0.857
Google Play,804ab6bf-409d-4918-b7b4-9b4fe401366f,2026-09-24 22:23:47,5,"10/10 music app, I use this app to listen to music",TaeJa Granger,9.1.80.2221,10 10 music app i use this app to listen to music,12,2026-09-24,2026-09-21,0.0036,0.0182,0.9782,positive,0.9782
Google Play,23ad712a-4499-4283-98d6-41a41cc22ff1,2026-09-24 22:20:18,5,very nice and good app,indian csc,,very nice and good app,5,2026-09-24,2026-09-21,0.0084,0.023,0.9686,positive,0.9686
Google Play,1b933438-bda5-4708-9502-faaf3ee77975,2026-09-24 22:19:50,3,I just signed up a day ago for Spotify premium. The option was 3 free months and then 13.99 a month after the 3 months. I got charged immediately. I like Spotify but very disappointed about the plan not being honored.,eileen walker,9.1.84.2231,i just signed up a day ago for spotify premium the option was 3 free months and then 13 99 a month after the 3 months i got charged immediately i like spotify but very disappointed about the plan not being honored,42,2026-09-24,2026-09-21,0.5698,0.3484,0.0818,negative,0.5698
Google Play,cb0dba01-5eff-4344-bc81-3a26e2fe452d,2026-09-24 22:17:09,5,it's easy for me to use an enjoy the music I want anytime 😊....,Isaiah Chauque,,it's easy for me to use an enjoy the music i want anytime,13,2026-09-24,2026-09-21,0.0059,0.0805,0.9137,positive,0.9137
Google Play,3d2c4774-a15d-43ae-bdd3-e10cb8fbda8f,2026-09-24 22:17:00,2,stop telling me I'm offline every single time I open Spotify. I should not have to clear the app data entirely every time i open it for it to work,Britt,9.1.84.2231,stop telling me i'm offline every single time i open spotify i should not have to clear the app data entirely every time i open it for it to work,30,2026-09-24,2026-09-21,0.7136,0.2711,0.0154,negative,0.7136
Google Play,08e61301-444b-41e6-8b07-08c641ef27c9,2026-09-24 22:15:33,5,good g I like it,Preet Singh,9.1.84.2231,good g i like it,5,2026-09-24,2026-09-21,0.0098,0.0415,0.9487,positive,0.9487
Google Play,0625b3dc-6e53-42d9-8f38-372311afe213,2026-09-24 22:14:32,1,Toooo much ads.....,Josh Ramjeet,9.1.84.2231,toooo much ads,3,2026-09-24,2026-09-21,0.722,0.252,0.026,negative,0.722
Google Play,4a337332-74a3-491a-b352-fccff0782f83,2026-09-24 22:10:33,5,good application,yogesh verma,9.1.84.2231,good application,2,2026-09-24,2026-09-21,0.0312,0.104,0.8649,positive,0.8649
Survey CSV,csv-4,2026-09-24 00:00:00,2,Battery drain is terrible since the last update,Neha,,battery drain is terrible since the last update,8,2026-09-24,2026-09-21,0.9367,0.0547,0.0086,negative,0.9367
Google Play,b6fca7ee-4f9e-4128-a107-38ff973b3c39,2026-09-23 23:56:47,5,"Buy Premium or Unusable !! Edit : I had to buy premium . The key is to buy premium when the price is at the lowest , no alternative . (Not legally)",Aradhya,9.1.82.2161,buy premium or unusable edit i had to buy premium the key is to buy premium when the price is at the lowest no alternative not legally,27,2026-09-23,2026-09-21,0.2172,0.6495,0.1333,neutral,0.6495
Google Play,99fc63c2-2d4b-42ec-bfcd-59c5d9d01814,2026-09-23 23:55:20,4,the only bad thing in this app is the ads but it can be fixed with a premium subscription,Aws Fadhli,9.1.84.2231,the only bad thing in this app is the ads but it can be fixed with a premium subscription,19,2026-09-23,2026-09-21,0.9028,0.0861,0.0111,negative,0.9028
Google Play,30cc3993-aa1a-4db8-a3ca-b3d46bdc2a2a,2026-09-23 23:55:04,5,Best new/next song recommendations than other music apps,Azrexg,9.1.84.2231,best new next song recommendations than other music apps,9,2026-09-23,2026-09-21,0.0075,0.0852,0.9073,positive,0.9073
Google Play,31bfb2ed-0ae2-45c2-9eab-54484ae1005f,2026-09-23 23:48:15,5,indeed amazing 👏,Moses Mukisa,9.1.84.2231,indeed amazing,2,2026-09-23,2026-09-21,0.0076,0.0273,0.9651,positive,0.9651
Google Play,517f7399-94c6-40c0-91a4-25f8a06a9f72,2026-09-23 23:45:35,5,it is ok,Willie Langford,9.1.84.2231,it is ok,3,2026-09-23,2026-09-21,0.0468,0.4274,0.5258,positive,0.5258
Google Play,ea4c5f4a-d888-4b92-802f-5170f5f02874,2026-09-23 23:45:17,5,Love it I especially love the fact that it works with my PlayStation as well so I can listen to music while I play my games ads are way too frequent wen on the free version tho,Red legion Knight,9.1.84.2231,love it i especially love the fact that it works with my playstation as well so i can listen to music while i play my games ads are way too frequent wen on the free version tho,37,2026-09-23,2026-09-21,0.0064,0.0532,0.9404,positive,0.9404
Google Play,6d34e64f-5a19-4490-92c9-a00dd0264554,2026-09-23 23:44:38,2,"resume playlist feature is still not implemented, making it very annoying to e.g. switch between music and podcasts",d g,9.1.82.2161,resume playlist feature is still not implemented making it very annoying to e g switch between music and podcasts,19,2026-09-23,2026-09-21,0.8655,0.126,0.0085,negative,0.8655
Google Play,5d6d38d2-eb79-4cbe-bc3e-10b19ca5a064,2026-09-23 23:44:35,5,please make the Spotify premium standard at 49,Reena Taluja,9.1.80.2221,please make the spotify premium standard at 49,8,2026-09-23,2026-09-21,0.0626,0.7098,0.2276,neutral,0.7098
Google Play,a4c60f34-063e-41fe-a698-af06e3a192e4,2026-09-23 23:42:41,5,verry good big music experience,Ajay,9.1.80.2221,verry good big music experience,5,2026-09-23,2026-09-21,0.0041,0.0441,0.9518,positive,0.9518
Google Play,7aea3ff9-9db4-4e49-b73c-deadbab3d257,2026-09-23 23:42:33,5,it's good,Songdrawer,9.1.84.2231,it's good,2,2026-09-23,2026-09-21,0.0152,0.1266,0.8582,positive,0.8582
Google Play,b4058451-b9b8-4992-9b0b-416321334ea8,2026-09-23 23:42:15,5,A Good Audio listening app...,Suvojit Das,9.1.30.1993,a good audio listening app,5,2026-09-23,2026-09-21,0.0054,0.1698,0.8247,positive,0.8247
Google Play,7006867f-5a88-43ae-9254-835214506a50,2026-09-23 23:41:08,5,this app is nice for song but the problem is that it has time limitations and it always shows that to take premium,Suraj Gumma,9.1.84.2231,this app is nice for song but the problem is that it has time limitations and it always shows that to take premium,23,2026-09-23,2026-09-21,0.7546,0.2212,0.0242,negative,0.7546
Google Play,2e1d3830-2727-4a8e-bad2-f1c32e752f71,2026-09-23 23:40:56,1,"This is ridiculous and extremely frustrating. I searched for a song, selected it, and Spotify still played a completely different song while asking me to buy Premium. I understand that Free users get ads, and I’m willing to watch them—I already did. But if I can search for and select a specific song, why am I not allowed to play that song? Using the Free plan shouldn’t mean being deliberately forced toward Premium by preventing users from listening to their selected music.",Aakash Chauhan,9.1.84.2231,this is ridiculous and extremely frustrating i searched for a song selected it and spotify still played a completely different song while asking me to buy premium i understand that free users get ads and i m willing to watch them i already did but if i can search for and select a specific song why am i not allowed to play that song using the free plan shouldn t mean being deliberately forced toward premium by preventing users from listening to their selected music,85,2026-09-23,2026-09-21,0.6345000000000001,0.34845000000000004,0.017,negative,0.6345
Google Play,8b18e506-937c-45e7-afbd-67ee8901b911,2026-09-23 23:40:39,5,love listening to music 👍,Mz,9.1.84.2231,love listening to music,4,2026-09-23,2026-09-21,0.0026,0.0131,0.9844,positive,0.9844
Google Play,c80d31f3-63f2-40d3-8061-f385be7466ef,2026-09-23 23:39:35,4,I think Spotify on ur phone is AMAZING even though there are alot of ads I don't mind I had Spotify premium but I canceled it bc it was to expensive :< but mostly AMAZING great job dev :> PS: are there any murder drones fan in the wild?,Sofia Lu,9.1.84.2231,i think spotify on ur phone is amazing even though there are alot of ads i don't mind i had spotify premium but i canceled it bc it was to expensive ps are there any murder drones fan in the wild,41,2026-09-23,2026-09-21,0.0671,0.0974,0.8356,positive,0.8356
Google Play,273d4c34-428b-4ee0-ab6b-0ea461d45eba,2026-09-23 23:37:25,5,way better than Pandora,Amber schweska,9.1.68.1888,way better than pandora,4,2026-09-23,2026-09-21,0.0148,0.0997,0.8855,positive,0.8855
Google Play,0bc09380-81a7-4d87-a083-3db65fb0b40c,2026-09-23 23:34:13,1,bhikhari 5-10song ke baad apne hisaab se song play nahi kar sakte premium mangta hai koi song ka specific part nhi nahi sun sakte aur to aur 5-10 song ke baad to previous song ya next song pe bhi click nahi kar ghar me aata khatam ho gya hai kya tumhare,Tushar Meena,,bhikhari 5 10song ke baad apne hisaab se song play nahi kar sakte premium mangta hai koi song ka specific part nhi nahi sun sakte aur to aur 5 10 song ke baad to previous song ya next song pe bhi click nahi kar ghar me aata khatam ho gya hai kya tumhare,53,2026-09-23,2026-09-21,0.1262,0.8181,0.0557,neutral,0.8181
Google Play,7dbab567-8193-49c3-959c-5e01ccc6ddb7,2026-09-23 23:33:30,5,best aap,Vipinrana rana,9.1.84.2231,best aap,2,2026-09-23,2026-09-21,0.0158,0.0861,0.8981,positive,0.8981
Google Play,6d398fe6-ec17-4fa1-9916-928634a4b9c0,2026-09-23 23:27:00,5,A good app for listening music with minimal advertisement i would recommend to add something that would add a way to show the actual video with the music and don't require Premium.I would also recommend to add more music to it as it lacks some music.,Jyotiraditya Goutam2013,9.1.84.2231,a good app for listening music with minimal advertisement i would recommend to add something that would add a way to show the actual video with the music and don't require premium i would also recommend to add more music to it as it lacks some music,47,2026-09-23,2026-09-21,0.0186,0.2654,0.716,positive,0.716
Google Play,a9792b6c-b44a-4ae3-ad51-281a5a554a2c,2026-09-23 23:18:36,1,Does not properly support lossless audio,Matthew Runo,9.1.84.2231,does not properly support lossless audio,6,2026-09-23,2026-09-21,0.8724,0.1176,0.01,negative,0.8724
Google Play,a8bc3af9-7f84-4b33-84d4-4ec229c5fe51,2026-09-23 23:17:21,1,"How did I automatically move from individual to family plan, what happened and now you guys have removed all the money in my account, after this month I'm switching to YouTube music, should have done that long ago, now I have a good reason",george pascal,9.1.84.2231,how did i automatically move from individual to family plan what happened and now you guys have removed all the money in my account after this month i'm switching to youtube music should have done that long ago now i have a good reason,44,2026-09-23,2026-09-21,0.7146,0.2698,0.0156,negative,0.7146
Google Play,894d3030-a3f2-4684-986d-75d3bd06d6bb,2026-09-23 23:15:07,5,Really a good platform to hear music and I love this ❤,HARINI DHINAKARAN,9.1.82.2161,really a good platform to hear music and i love this,11,2026-09-23,2026-09-21,0.0024,0.0084,0.9893,positive,0.9893
Google Play,c8ad133c-8869-4af8-8dd1-272ff631216e,2026-09-23 23:12:37,5,great 🎵 musim,Anthony Torres,9.1.84.2231,great musim,2,2026-09-23,2026-09-21,0.0032,0.0473,0.9495,positive,0.9495
Google Play,e6badb4a-c139-4df6-8d3a-ad0495b298a4,2026-09-23 23:10:45,1,"I am so tired of this app constantly forcing you to listen to whole podcast playlist when you only clicked on to play 1 specific episodes. Yes Autoplay is off in my settings! And for heaven sake GIVE US a ""Clear all"" options in the Queue menu! How many years you still do not think of these simple things ON ANDROID?",Raj Patel,9.1.84.2231,i am so tired of this app constantly forcing you to listen to whole podcast playlist when you only clicked on to play 1 specific episodes yes autoplay is off in my settings and for heaven sake give us a clear all options in the queue menu how many years you still do not think of these simple things on android,61,2026-09-23,2026-09-21,0.8472,0.134,0.0188,negative,0.8472
Google Play,ce2fe2b7-44ec-4dc2-ba77-c73721cd1425,2026-09-23 23:10:12,5,I Love that App,Mohsen Alayash,9.1.84.2231,i love that app,4,2026-09-23,2026-09-21,0.0065,0.0199,0.9737,positive,0.9737
Google Play,74ca6ffb-9161-4251-addb-f7016f9b1c3e,2026-09-23 23:09:56,4,only the ads are bad,Eyasu C,,only the ads are bad,5,2026-09-23,2026-09-21,0.918,0.0752,0.0068,negative,0.918
Google Play,44ee6f5c-9600-47cb-a37c-174db6323107,2026-09-23 23:08:44,5,it's the best!!!!!!!!!!,Jocelyn Miles,9.1.84.2231,it's the best,3,2026-09-23,2026-09-21,0.0056,0.0095,0.9849,positive,0.9849
Google Play,a047b071-1ab4-4660-a981-e39eee378f3c,2026-09-23 23:06:17,4,"I love Spotify. it is my go to app for music, the only problem is the ads.. you'll listen to like 3 songs then your hit with 5 ads. its so annoying since no more 30 min ad free listening. having a premium accounts help so much with that cuz without the ads the music listening experience is so much better, especially cuz you can add unlimited songs to the queue and have as many skips as you want. it just kinda sucks to have to pay for these features just to have a good music listening experience.",Joann Fisher,9.1.80.2221,i love spotify it is my go to app for music the only problem is the ads you'll listen to like 3 songs then your hit with 5 ads its so annoying since no more 30 min ad free listening having a premium accounts help so much with that cuz without the ads the music listening experience is so much better especially cuz you can add unlimited songs to the queue and have as many skips as you want it just kinda sucks to have to pay for these features just to have a good music listening experience,98,2026-09-23,2026-09-21,0.38303333333333334,0.11493333333333333,0.5020666666666667,positive,0.5021
Google Play,83e14318-f857-46aa-89c9-7f98f391e645,2026-09-23 23:06:06,5,the best one by far but they just sometimes have some small bugs but overall insane solid pick,Yassin Hafez,9.1.84.2231,the best one by far but they just sometimes have some small bugs but overall insane solid pick,18,2026-09-23,2026-09-21,0.021,0.0581,0.9209,positive,0.9209
Google Play,420816a9-ff31-4a14-a1e3-2a97d5b7675d,2026-09-23 23:02:59,5,I think this is the best of the bestest 🗿🤧,DRAKEN,9.1.84.2231,i think this is the best of the bestest,9,2026-09-23,2026-09-21,0.0051,0.015,0.9799,positive,0.9799
Google Play,2d98e0a6-f844-41d6-a406-8807a8deb76a,2026-09-23 23:01:55,5,"i have premium, but cannot get music to download properly.",Gordon Andrews,8.9.48.575,i have premium but cannot get music to download properly,10,2026-09-23,2026-09-21,0.7909,0.1942,0.0149,negative,0.7909
Google Play,cdce6d1d-32ff-4273-9290-e8aca097f817,2026-09-23 23:01:38,5,Best music app ever!!!!!,Collins McDonald Mchombo,9.1.80.2221,best music app ever,4,2026-09-23,2026-09-21,0.0035,0.011,0.9856,positive,0.9856
Google Play,c9166463-b2b8-48c7-8eed-8b5cc74f218b,2026-09-23 22:57:57,5,floral jatind diachi ideology doctoral iski kal liya roti Kelis full offset iden zaid Asif dl pa dl is ep is ep of dl of dl of docto rs wa en el dl of wooden iss ek pic en in en ic sb inning th th social,Sacha_rathod Sachin_rathod,,floral jatind diachi ideology doctoral iski kal liya roti kelis full offset iden zaid asif dl pa dl is ep is ep of dl of dl of docto rs wa en el dl of wooden iss ek pic en in en ic sb inning th th social,47,2026-09-23,2026-09-21,0.0689,0.8805,0.0507,neutral,0.8805
Google Play,d1ca47d0-62ed-452c-9117-ce08691aba61,2026-09-23 22:54:56,5,selection is best 👌,FOREST KESSINGER,9.1.82.2161,selection is best,3,2026-09-23,2026-09-21,0.0181,0.1621,0.8198,positive,0.8198
Google Play,03d3973b-c23a-4305-b3be-6f098c635608,2026-09-23 22:44:24,1,I can't buy the subscription but app was very ads and limited time to songs and couldn't download songs.,Omor Uchiha,9.1.84.2231,i can't buy the subscription but app was very ads and limited time to songs and couldn't download songs,19,2026-09-23,2026-09-21,0.8697,0.1237,0.0066,negative,0.8697
Google Play,d70ca17f-43d3-44ee-9bcd-bae8524f50d7,2026-09-23 22:40:00,2,"I have had spotify since its inception and for most of the time, I have been thrilled with it. Lately, it is one problem after another and, not to mention the absolute worst customer service ever....All of a sudden, I cant do any searches anymore, it says ""reload"" and when I do it says ""reload"" and then I try turning the computer off and on and still doesnt work and then, I log out and log in and what a mess that was, I couldnt find my account again and they couldnt find it and wth is going on?",Kathleen McDermott,9.1.82.2161,i have had spotify since its inception and for most of the time i have been thrilled with it lately it is one problem after another and not to mention the absolute worst customer service ever all of a sudden i cant do any searches anymore it says reload and when i do it says reload and then i try turning the computer off and on and still doesnt work and then i log out and log in and what a mess that was i couldnt find my account again and they couldnt find it and wth is going on,100,2026-09-23,2026-09-21,0.6234666666666667,0.04856666666666667,0.328,negative,0.6235
Google Play,6244ce29-c41c-4438-95f6-bea8615bd8a6,2026-09-23 22:38:47,5,this is the best app to listen to music and I love it so much.,Ayden Peck,9.1.84.2231,this is the best app to listen to music and i love it so much,15,2026-09-23,2026-09-21,0.0044,0.0063,0.9893,positive,0.9893
Google Play,3bc6c693-816d-4118-babe-24484381055c,2026-09-23 22:37:42,5,smooth running app very reliable for new music,Remote Work,,smooth running app very reliable for new music,8,2026-09-23,2026-09-21,0.0037,0.0622,0.9341,positive,0.9341
Google Play,57fc7cfb-85db-4554-a1fb-92ec815d7cf3,2026-09-23 22:36:48,5,it was not working,APARNA PILLAI,9.1.84.2231,it was not working,4,2026-09-23,2026-09-21,0.5759,0.3926,0.0315,negative,0.5759
Google Play,94471361-6069-46c3-8d49-3013265dc8e0,2026-09-23 22:29:19,5,music is my favorite thing in the world and to have this app and listen to music is amazing it's my favorite part of the day,Shanya Chia,9.1.84.2231,music is my favorite thing in the world and to have this app and listen to music is amazing it's my favorite part of the day,26,2026-09-23,2026-09-21,0.0045,0.0071,0.9884,positive,0.9884
Google Play,a1f01c90-13f3-4734-af82-b540bd2155db,2026-09-23 22:29:03,5,ITS TOO GOOD 😍😍😍,Ramlalbabu Babu,9.1.84.2231,its too good,3,2026-09-23,2026-09-21,0.0093,0.0128,0.9779,positive,0.9779
Survey CSV,csv-3,2026-09-23 00:00:00,4,Good app but shuffle play is annoying,Kiran,,good app but shuffle play is annoying,7,2026-09-23,2026-09-21,0.8491,0.1185,0.0324,negative,0.8491
Google Play,fccb27be-c8bc-418f-a366-4b55e2168f1b,2026-09-22 23:54:55,5,really good,Nathan,9.1.82.2161,really good,2,2026-09-22,2026-09-21,0.0169,0.0946,0.8885,positive,0.8885
Google Play,035b9752-a89e-4de2-b76e-acdbb66fcb80,2026-09-22 23:53:47,5,very good aap,Varun Saroj,9.1.60.1970,very good aap,3,2026-09-22,2026-09-21,0.0082,0.0391,0.9527,positive,0.9527
Google Play,ac0926fc-47de-4b97-aedc-a170f1407c50,2026-09-22 23:50:30,1,Here is a picture of a naked girl that looks really bad.😷,Tashfiya Sultana,9.1.84.2231,here is a picture of a naked girl that looks really bad,12,2026-09-22,2026-09-21,0.9385,0.0562,0.0052,negative,0.9385
Google Play,7352893b-7782-4492-8e90-ae9ade8d5dec,2026-09-22 23:49:04,5,@JAiSulokn1y 🌱 #Madhava #InfiniteSeries,JASSU BIHAN,,jaisulokn1y madhava infiniteseries,3,2026-09-22,2026-09-21,0.008,0.7884,0.2036,neutral,0.7884
Google Play,f863a912-7aba-4d47-bcea-4efc5ac35ad1,2026-09-22 23:46:14,2,"all of a sudden it stopped working, waiting for me to get premium even though I usually don't use premium u listen to music with ads",Woonyoung,,all of a sudden it stopped working waiting for me to get premium even though i usually don't use premium u listen to music with ads,26,2026-09-22,2026-09-21,0.832,0.1596,0.0083,negative,0.832
Google Play,acc2301e-4dff-405f-af84-a95ddbaedb31,2026-09-22 23:46:07,5,i listern to what i want,Oseh Koroma,9.1.80.2221,i listern to what i want,6,2026-09-22,2026-09-21,0.0365,0.6323,0.3312,neutral,0.6323
Google Play,64bed3c4-fdbd-4280-9dd5-f5297e872ee8,2026-09-22 23:45:45,5,like this app,Muhammad Sher,,like this app,3,2026-09-22,2026-09-21,0.6705,0.2982,0.0314,negative,0.6705
Google Play,d8c7aea4-9dd9-4b25-bea4-d6f09cb9b649,2026-09-22 23:42:12,3,liyuo.kasa.liyuo.kasa,Tsigereda Zema,,liyuo kasa liyuo kasa,4,2026-09-22,2026-09-21,0.188,0.7571,0.0549,neutral,0.7571
Google Play,8562597c-c395-4629-bd93-c3b3136f6583,2026-09-22 23:37:01,2,too many ads if you don't have any subscription.,BLACK GAMER,9.1.82.2161,too many ads if you don't have any subscription,9,2026-09-22,2026-09-21,0.7275,0.2554,0.0171,negative,0.7275
Google Play,65ebf162-7440-40a8-a25b-41981f4d0315,2026-09-22 23:34:20,1,one of the worst apps,Adham Mahmoud,9.1.82.2161,one of the worst apps,5,2026-09-22,2026-09-21,0.915,0.0697,0.0153,negative,0.915
Google Play,fad6ec65-a639-43f2-af5d-8979e305fbf8,2026-09-22 23:34:20,5,it's gorgeous,Miyingo James,9.1.80.2221,it's gorgeous,2,2026-09-22,2026-09-21,0.0139,0.039,0.9471,positive,0.9471
Google Play,cd06bceb-9e99-4660-9693-ca1238fb8c2d,2026-09-22 23:29:55,5,this is amazing. i can offer my phone and listen,Rushan Ahmed,9.1.84.2231,this is amazing i can offer my phone and listen,10,2026-09-22,2026-09-21,0.0047,0.0116,0.9837,positive,0.9837
Google Play,cb6141f9-91a6-47c1-a9b9-320a55156ab4,2026-09-22 23:26:30,5,good music,Zena CollinsWorth,,good music,2,2026-09-22,2026-09-21,0.015,0.0789,0.9061,positive,0.9061
Google Play,a12eb84d-5151-498b-866b-60e0db17d4af,2026-09-22 23:25:33,5,one of if not the best music app out here 💕 keep up the good work Spotify 👍🏾,Damisola Focus,9.1.80.2221,one of if not the best music app out here keep up the good work spotify,16,2026-09-22,2026-09-21,0.0034,0.0113,0.9854,positive,0.9854
Google Play,0e6d69be-3b69-413c-8caf-1c4f28629524,2026-09-22 23:24:29,5,nais ap,Ariful Hoque,9.1.82.2161,nais ap,2,2026-09-22,2026-09-21,0.1239,0.7265,0.1496,neutral,0.7265
Google Play,ca5f001a-4c3c-402f-b1ba-4b29531ffdd7,2026-09-22 23:24:26,1,Attention à la Surfacturation !!!,Marion,9.1.84.2231,attention la surfacturation,3,2026-09-22,2026-09-21,0.0284,0.6847,0.2869,neutral,0.6847
Google Play,fdf84bc7-ed56-4f32-9d64-fda9666e0902,2026-09-22 23:24:01,5,goo-d,Rithvik,9.1.80.2221,goo d,2,2026-09-22,2026-09-21,0.0871,0.6224,0.2905,neutral,0.6224
Google Play,711c976f-37ee-4e1e-a804-e5754194c988,2026-09-22 23:22:26,3,I joined this app last month and paid just after two days I update my phone from the latest Samsung Ao7 now they don't recognize my number so I have to do debit order again 🙃,Mundau Sonjica,9.1.82.2161,i joined this app last month and paid just after two days i update my phone from the latest samsung ao7 now they don't recognize my number so i have to do debit order again,35,2026-09-22,2026-09-21,0.6081,0.3547,0.0372,negative,0.6081
Google Play,e4f257c7-588b-4d51-ae32-e873bc257a84,2026-09-22 23:19:53,1,They put the like and dislike buttons right next to each other so it's easy to mix them up,Crowned One,9.1.82.2161,they put the like and dislike buttons right next to each other so it's easy to mix them up,19,2026-09-22,2026-09-21,0.0873,0.83,0.0827,neutral,0.83
Google Play,ac26e15e-0a00-4049-a51b-ab42d0f55842,2026-09-22 23:18:10,1,removed app I took it on timer they say 30 min free after zheling the ad once but a different come within 20 mins so it basically is an audio based adware which behave as malware it eats too much space I mean in 1.49+ GB although user is going ad version so why is the app eating so much space on my storage. Spotify must pay for renting 1.4+ GB space on my storage on playstore they show as 40mb to 60mb space but later take so much space which is useless for user using ad version. Uninstalled,Omkar Mirkar,9.1.84.2231,removed app i took it on timer they say 30 min free after zheling the ad once but a different come within 20 mins so it basically is an audio based adware which behave as malware it eats too much space i mean in 1 49 gb although user is going ad version so why is the app eating so much space on my storage spotify must pay for renting 1 4 gb space on my storage on playstore they show as 40mb to 60mb space but later take so much space which is useless for user using ad version uninstalled,101,2026-09-22,2026-09-21,0.7660666666666667,0.21919999999999998,0.014766666666666666,negative,0.7661
Google Play,679b5012-3091-4c25-bad5-b8d1e0192838,2026-09-22 23:15:34,5,best app for listening free music.🌹❤️❤️,Shivajeet Singh (Shiva singh),9.1.82.2161,best app for listening free music,6,2026-09-22,2026-09-21,0.0021,0.0152,0.9827,positive,0.9827
Google Play,e348e7bc-c150-4c41-8cc8-da9e19963f67,2026-09-22 23:14:46,1,"Hopefully i can get a non-ai response here since i cant seem to get a hold of any thing and the AI responses dont answer anything i asked. Since my desktop windows app was updated last week I can no longer pin more than 4 artists - it is working fine on the web version and Android. Yes I reinstalled multiple times. Yes I know how to do it, I right click and select pin and nothing happens, if I drag an artist to the top it removes one of 4 already there.",Amy Lackas,9.1.84.2231,hopefully i can get a non ai response here since i cant seem to get a hold of any thing and the ai responses dont answer anything i asked since my desktop windows app was updated last week i can no longer pin more than 4 artists it is working fine on the web version and android yes i reinstalled multiple times yes i know how to do it i right click and select pin and nothing happens if i drag an artist to the top it removes one of 4 already there,93,2026-09-22,2026-09-21,0.3265,0.54455,0.12895,neutral,0.5446
Google Play,9c407946-ea92-49a9-b276-bf3f9a3d5c8f,2026-09-22 23:10:30,5,greatest music app forever,Umang Garg,,greatest music app forever,4,2026-09-22,2026-09-21,0.007,0.0206,0.9725,positive,0.9725
Google Play,18436c1a-1e0d-4d56-885d-4f76e0d7524a,2026-09-22 23:10:18,5,I really enjoy using the app,Owen Adams,9.1.84.2231,i really enjoy using the app,6,2026-09-22,2026-09-21,0.0026,0.0139,0.9835,positive,0.9835
Google Play,2be240a7-ab07-4953-aedb-fb513a286c5a,2026-09-22 23:10:06,1,"Terrible move filtering out AI-assisted music from Discover Weekly. I don’t care if a song uses AI as long as it sounds amazing, and honestly, I dislike what is offered now. I pay for Spotify to discover music I enjoy, not to have corporate filters dictate my choice. Fix the algorithm, stop blocking ai-assisted music; as the user I hate the new policy!",Boobsa,9.1.82.2161,terrible move filtering out ai assisted music from discover weekly i don t care if a song uses ai as long as it sounds amazing and honestly i dislike what is offered now i pay for spotify to discover music i enjoy not to have corporate filters dictate my choice fix the algorithm stop blocking ai assisted music as the user i hate the new policy,66,2026-09-22,2026-09-21,0.8941,0.09269999999999999,0.0132,negative,0.8941
Google Play,078c405c-5260-458f-84c6-be2c53d6f274,2026-09-22 23:10:05,5,Nice for working professionals,SAHIN SIDDIKA,,nice for working professionals,4,2026-09-22,2026-09-21,0.0071,0.0781,0.9148,positive,0.9148
Google Play,f3251567-25eb-4aac-bff5-31eeb802a0ba,2026-09-22 23:09:43,5,Beckup all,Ch Rafaqat Ali RA,,beckup all,2,2026-09-22,2026-09-21,0.0718,0.5051,0.4231,neutral,0.5051
Google Play,fbd5de92-cdf2-4534-b02f-56b8b4f99a92,2026-09-22 23:09:10,1,i love spotify but the ads every song i put i need to listen to an ad i used to me able to put like only one song on repeat but now i cant or u know the skip button the same but opposite jt puts the song u were listening to last ya it doesn’t work plss fix this,Shahla Alhasan,9.1.84.2231,i love spotify but the ads every song i put i need to listen to an ad i used to me able to put like only one song on repeat but now i cant or u know the skip button the same but opposite jt puts the song u were listening to last ya it doesn t work plss fix this,61,2026-09-22,2026-09-21,0.8153,0.1628,0.0219,negative,0.8153
Google Play,06b4c7f8-c003-45b5-abcb-9973b0fbfb17,2026-09-22 23:06:51,5,bast app ok,Mumtaj Bano,9.1.84.2231,bast app ok,3,2026-09-22,2026-09-21,0.0946,0.6242,0.2812,neutral,0.6242
Google Play,374d94ed-7e6d-4594-a04d-62cc2ace277a,2026-09-22 23:06:14,5,is very very nice I really love using Spotify,Emmzy Prinz,9.1.80.2221,is very very nice i really love using spotify,9,2026-09-22,2026-09-21,0.0037,0.0094,0.9869,positive,0.9869
Google Play,caed6e99-4ffb-4791-a9ed-5d4570aa09eb,2026-09-22 23:04:42,3,too much ads it feels like they are forcing to take premium,Md. Arman Ali,9.1.80.2221,too much ads it feels like they are forcing to take premium,12,2026-09-22,2026-09-21,0.785,0.2006,0.0144,negative,0.785
Google Play,614e3253-3fef-4c03-a7d5-5ff3e1de2e09,2026-09-22 22:57:27,5,I just love this app 💓,Piyushsingh Rajput,9.1.80.2221,i just love this app,5,2026-09-22,2026-09-21,0.0061,0.0097,0.9841,positive,0.9841
Google Play,3dd58960-ff92-4f7c-876c-adcfec811e30,2026-09-22 22:55:10,5,bhai sab download kro ak number hai aap ak ber chaloge to ber ber chaloge dil khus kr diya quality ne i love this 🤌,Farhan Ansari,9.1.80.2221,bhai sab download kro ak number hai aap ak ber chaloge to ber ber chaloge dil khus kr diya quality ne i love this,24,2026-09-22,2026-09-21,0.0105,0.0868,0.9027,positive,0.9027
Google Play,fe124d5a-5d52-4c3a-8f2f-305542bd5348,2026-09-22 22:53:55,5,good ap,Snehal Varli,,good ap,2,2026-09-22,2026-09-21,0.0595,0.259,0.6815,positive,0.6815
Google Play,7f8c8c1e-8f65-4757-9d4b-6f7fadaafa68,2026-09-22 22:53:18,4,very nice app 🙂,Aayush Aayush,9.1.82.2161,very nice app,3,2026-09-22,2026-09-21,0.0073,0.0215,0.9712,positive,0.9712
Google Play,15095874-3ac7-4d05-ae2d-41fbe38c4ab3,2026-09-22 22:51:22,5,thank you,Nomi Sahil,9.1.80.2221,thank you,2,2026-09-22,2026-09-21,0.032,0.1521,0.8159,positive,0.8159
Google Play,e92c0738-ca1d-495d-996f-73ae82100bb3,2026-09-22 22:50:33,5,"ive rated 5 stars just because i can get any song here, but too many ads are starting to take away my passion for this app",Dumisani Phiri,9.1.82.2161,ive rated 5 stars just because i can get any song here but too many ads are starting to take away my passion for this app,26,2026-09-22,2026-09-21,0.7715,0.1824,0.0461,negative,0.7715
Google Play,2e5a9e77-6613-4e37-a5fb-b27dfc45b13e,2026-09-22 22:47:52,5,The ads might be annoying twin but great app and lwk reccomend bunii for anyone who likes indie rock or indie wide range lmao,jolanta mastej,9.1.82.2161,the ads might be annoying twin but great app and lwk reccomend bunii for anyone who likes indie rock or indie wide range lmao,24,2026-09-22,2026-09-21,0.0184,0.085,0.8967,positive,0.8967
Google Play,f911cf97-126e-4e17-b0ae-d021d4954930,2026-09-22 22:43:22,1,it has only one nature to grab money from the people's pocket.,Ritik Sonwani,9.1.82.2161,it has only one nature to grab money from the people's pocket,12,2026-09-22,2026-09-21,0.6927,0.2862,0.0211,negative,0.6927
Google Play,e1db3a56-2703-4698-9a51-2a4255b528ab,2026-09-22 22:40:36,1,The new updates are extremely GARBAGE. Like this app is FORCING people to buy premium. you can't play music in piece because ads SPEAKING ABOUT THE PREMIUM. I still havent bought premium and it's gotten so much worse that its not even alowing me to choose my own song. And also it isn't letting me skip a part of song to hear the best part. please fix this not everyone canaffordon premium. genuinely this app deserves zero stars.,Ateeb Bhat,9.1.82.2161,the new updates are extremely garbage like this app is forcing people to buy premium you can't play music in piece because ads speaking about the premium i still havent bought premium and it's gotten so much worse that its not even alowing me to choose my own song and also it isn't letting me skip a part of song to hear the best part please fix this not everyone canaffordon premium genuinely this app deserves zero stars,78,2026-09-22,2026-09-21,0.9276,0.06625,0.00615,negative,0.9276
Google Play,bf0b8cc3-c044-4781-af41-69b0a3564b4b,2026-09-22 22:38:55,4,Useless music app,Dawodup Lepcha,9.1.28.2252,useless music app,3,2026-09-22,2026-09-21,0.9233,0.0663,0.0103,negative,0.9233
Google Play,8e3e13e6-b459-4ad4-bd97-f25a5933d3a6,2026-09-22 22:37:34,5,Recommend Is Wow,Saroj Parida,,recommend is wow,3,2026-09-22,2026-09-21,0.0201,0.0725,0.9074,positive,0.9074
Google Play,0bcba4fd-9984-4340-99d0-1e8142550ffa,2026-09-22 22:36:18,1,"I don't recommend. You carefully curate your playlist for years just for them to keep removing songs in large quantities. 100s of songs missing from my playlists. I thought in was tripping at first but no. Just get an iPod or another offline music player, at least then you get to keep the music.",Raivis Alksnins,9.1.82.2161,i don't recommend you carefully curate your playlist for years just for them to keep removing songs in large quantities 100s of songs missing from my playlists i thought in was tripping at first but no just get an ipod or another offline music player at least then you get to keep the music,54,2026-09-22,2026-09-21,0.857,0.1323,0.0107,negative,0.857
Google Play,2d418796-6ecd-4440-9ff7-5d39cc719b59,2026-09-22 22:35:15,5,the best ablication music,Yahya Moualif,9.1.78.2218,the best ablication music,4,2026-09-22,2026-09-21,0.0117,0.0648,0.9236,positive,0.9236
Google Play,80f4aff7-158b-4d7d-a768-b304262c4ffe,2026-09-22 22:33:23,1,"Autoplay doesn't seem to work. I have it disabled. I have nothing in my queue. I filter the episodes so I only have today's episodes displayed and I sorted from oldest to newest, to listen in order. Also, I marked all previous episodes as listened to. After playing the last one, it starts playing old podcast episodes from weeks ago. I took a look at my queue and a buttload of old episodes are there. And where is my Clear All button to remove them. WTH!",Derrik Ammons,9.1.84.2231,autoplay doesn't seem to work i have it disabled i have nothing in my queue i filter the episodes so i only have today's episodes displayed and i sorted from oldest to newest to listen in order also i marked all previous episodes as listened to after playing the last one it starts playing old podcast episodes from weeks ago i took a look at my queue and a buttload of old episodes are there and where is my clear all button to remove them wth,86,2026-09-22,2026-09-21,0.7593,0.2294,0.01125,negative,0.7593
Google Play,43a5e691-1af0-4779-bbe1-e9c90cd13d94,2026-09-22 22:29:49,4,nice but lot of recommend for premium,Glory NK,9.1.80.2221,nice but lot of recommend for premium,7,2026-09-22,2026-09-21,0.0114,0.0855,0.9031,positive,0.9031
Google Play,7f7b4e79-d35e-4a1a-bc06-7bc701946e9a,2026-09-22 22:29:22,5,Badnam (Orignal Version),Khan Imtiyaz,,badnam orignal version,3,2026-09-22,2026-09-21,0.083,0.8274,0.0896,neutral,0.8274
Google Play,78387753-3492-4d54-a7a6-8da8341a306f,2026-09-22 22:27:50,1,Over the last couple of days it keeps becoming unresponsive after a few songs until I force stop and reopen. All I can do is scroll and I can't tap anything,Frankie,9.1.84.2231,over the last couple of days it keeps becoming unresponsive after a few songs until i force stop and reopen all i can do is scroll and i can't tap anything,31,2026-09-22,2026-09-21,0.8474,0.1434,0.0093,negative,0.8474
Google Play,45b4c9e5-aed6-4b00-aae9-73b5f38b2910,2026-09-22 22:24:12,1,It doesn't want me to search my songs it says they are unavailable,MountainLink Freight,9.1.84.2231,it doesn't want me to search my songs it says they are unavailable,13,2026-09-22,2026-09-21,0.6873,0.3007,0.012,negative,0.6873
Survey CSV,csv-2,2026-09-22 00:00:00,1,Downloads fail constantly and offline mode is broken,Meera,,downloads fail constantly and offline mode is broken,8,2026-09-22,2026-09-21,0.9338,0.0573,0.0088,negative,0.9338
Google Play,6f3dd57d-12cd-4ac3-8df4-654f3011c9a0,2026-09-21 23:59:29,5,"Had a little problem with commercials for a bit , otherwise I have had Spotify for years now. Thank you for the service you put out.",Sandi Christensen,9.1.82.2161,had a little problem with commercials for a bit otherwise i have had spotify for years now thank you for the service you put out,25,2026-09-21,2026-09-21,0.0297,0.2135,0.7568,positive,0.7568
Google Play,785b33bf-c2d3-49f9-ab71-28128548c785,2026-09-21 23:59:20,5,good quality 👍,Annie Moore,9.1.82.2161,good quality,2,2026-09-21,2026-09-21,0.01,0.0506,0.9394,positive,0.9394
Google Play,0d51c328-8a6a-4e4d-906b-fd4d73e384f1,2026-09-21 23:58:08,5,it's been a great 12 years ago far,Josh Sanvik,9.1.82.2161,it's been a great 12 years ago far,8,2026-09-21,2026-09-21,0.0054,0.0143,0.9804,positive,0.9804
Google Play,c958eb19-8049-4a2b-ad1d-4b8875fe3df3,2026-09-21 23:57:58,5,Great music app,Travis Codrington,9.1.84.2205,great music app,3,2026-09-21,2026-09-21,0.0047,0.0248,0.9706,positive,0.9706
Google Play,64aa55cf-4eec-4d5a-8495-f98dee965b1e,2026-09-21 23:53:37,1,this is the third time today ive had to unload my Spotify and reinstall to get it to work this is happening all the time if it continues I will be leaving spotify and going with iheart or pandora music. there is no excuse for this to be happening its a glitch on the Google side because none of their apps work as advertised. Not a one of them. Having the same issue with my cbs aqnd Tubi apps.,Ron Roll,9.1.82.2161,this is the third time today ive had to unload my spotify and reinstall to get it to work this is happening all the time if it continues i will be leaving spotify and going with iheart or pandora music there is no excuse for this to be happening its a glitch on the google side because none of their apps work as advertised not a one of them having the same issue with my cbs aqnd tubi apps,79,2026-09-21,2026-09-21,0.87775,0.1115,0.01075,negative,0.8778
Google Play,64c1f4c5-d219-4e68-ae34-75736e06b510,2026-09-21 23:42:56,5,"my fav to listen,chill♡♡",MALAYSIA WALKER,9.1.82.2161,my fav to listen chill,5,2026-09-21,2026-09-21,0.004,0.0158,0.9802,positive,0.9802
Google Play,63ee1af1-80c1-4aff-b560-9c290425ed86,2026-09-21 23:40:17,5,The background for our home. And it's only getting better!,Will Mauthe,9.1.82.2161,the background for our home and it's only getting better,10,2026-09-21,2026-09-21,0.0021,0.0114,0.9864,positive,0.9864
Google Play,5690a77b-5c0d-4a19-8df2-243e5b7d17b0,2026-09-21 23:39:31,5,Great app! Not too many adds!,Alexis C,9.1.82.2161,great app not too many adds,6,2026-09-21,2026-09-21,0.0055,0.0186,0.9759,positive,0.9759
Google Play,39d8e72b-3118-48b6-a7e6-c6b5e88d2250,2026-09-21 23:38:30,2,app has continued to get worse.,Jake,9.1.82.2161,app has continued to get worse,6,2026-09-21,2026-09-21,0.9225,0.0677,0.0098,negative,0.9225
Google Play,9e894b35-dee0-4a1b-a309-cb611a52a430,2026-09-21 23:38:15,1,"Horrible hay demasiados anuncios, es estresante y si eres una persona neurodivergente a la q los anuncios le irritan demasiado estás obligado a pagar simplemente por escuchar música q se supone q es para pasar un buen rato, no para acabar de mal humor pq el 65% de lo q has escuchado eran anuncios",Alba,9.1.82.2161,horrible hay demasiados anuncios es estresante y si eres una persona neurodivergente a la q los anuncios le irritan demasiado est s obligado a pagar simplemente por escuchar m sica q se supone q es para pasar un buen rato no para acabar de mal humor pq el 65 de lo q has escuchado eran anuncios,56,2026-09-21,2026-09-21,0.8027,0.1851,0.0122,negative,0.8027
Google Play,093af893-8857-4f8d-97ed-76ff9069ffc4,2026-09-21 23:31:35,5,"Excellent app, highly recommend👌🏾",Akeem Lim,9.1.82.2161,excellent app highly recommend,4,2026-09-21,2026-09-21,0.0075,0.0136,0.9789,positive,0.9789
Google Play,5fe2ec76-869b-4f12-9e76-6534a71f867a,2026-09-21 23:31:17,5,simply peak in all ways🙌🏾,Solomon ODEDIRAN,9.1.82.2161,simply peak in all ways,5,2026-09-21,2026-09-21,0.0042,0.0154,0.9804,positive,0.9804
Google Play,9269542e-1447-4762-ae1f-4f8460435d85,2026-09-21 23:29:10,1,I have more than 1000 songs. Fix shuffle so it actually plays more than 50 of them.,pedrosar88,9.1.82.2161,i have more than 1000 songs fix shuffle so it actually plays more than 50 of them,17,2026-09-21,2026-09-21,0.2346,0.5661,0.1993,neutral,0.5661
Google Play,516aa18d-5cc9-40a7-a771-43561848aeff,2026-09-21 23:26:44,5,good very easy use,dattatray mandekar,,good very easy use,4,2026-09-21,2026-09-21,0.0137,0.0506,0.9356,positive,0.9356
Google Play,03bca5a3-eac6-4bf9-867f-8d761ddb8a41,2026-09-21 23:18:11,5,good time with spotify,Sunil Kumar,,good time with spotify,4,2026-09-21,2026-09-21,0.0031,0.0377,0.9592,positive,0.9592
Google Play,d603e620-b302-4740-826c-8b01ba77cd7a,2026-09-21 23:09:38,4,Honestly I have Spotify premium and it's amazing. I love the diffrent features and things you can do on Spotify but I find that to truly enjoy the use of the app you should get premium. Without premium you get a ton of ads and a lot of the features are gone. I'd recommend getting a family premium pack as more people can benefit from it and it's cheaper. But I hope those who can't purchase premium will get the chance to experience what premium users get.,Doris Li,9.1.82.2161,honestly i have spotify premium and it's amazing i love the diffrent features and things you can do on spotify but i find that to truly enjoy the use of the app you should get premium without premium you get a ton of ads and a lot of the features are gone i'd recommend getting a family premium pack as more people can benefit from it and it's cheaper but i hope those who can't purchase premium will get the chance to experience what premium users get,87,2026-09-21,2026-09-21,0.01345,0.13824999999999998,0.8483,positive,0.8483
Google Play,2032f584-207b-437a-8768-a8e11b8049b6,2026-09-21 23:09:23,5,this is OG and it is good,Royal Comissinog,9.1.82.2161,this is og and it is good,7,2026-09-21,2026-09-21,0.0042,0.0281,0.9677,positive,0.9677
Google Play,2cfa3431-1b69-4570-a21f-030d3c39a539,2026-09-21 23:06:40,5,awsome songs but there are a bunch of ads,Eren Montes,9.1.82.2161,awsome songs but there are a bunch of ads,9,2026-09-21,2026-09-21,0.759,0.2191,0.0219,negative,0.759
Google Play,e971cd3f-52c5-4179-8e78-65549eaa2691,2026-09-21 23:06:31,5,best app ever,Audrey decraemer,,best app ever,3,2026-09-21,2026-09-21,0.0085,0.029,0.9625,positive,0.9625
Google Play,cf4ab4e5-fd2b-4d73-a3c6-e37d7cda893d,2026-09-21 23:04:48,2,"Buggy and Repetitive The DJ plays the same thing 80% of the time bringing all the same music I have in my favorites list now with bad blending to the next song you listened to yesterday, the day before and last week. Opening the app the next day forces the app into offline mode and wont go back online until I force close the app. The DJ also randomly stops and when clicking the option for DJ the screen dims and doesnt do anything.",Miguel Rios,,buggy and repetitive the dj plays the same thing 80 of the time bringing all the same music i have in my favorites list now with bad blending to the next song you listened to yesterday the day before and last week opening the app the next day forces the app into offline mode and wont go back online until i force close the app the dj also randomly stops and when clicking the option for dj the screen dims and doesnt do anything,84,2026-09-21,2026-09-21,0.7325,0.24814999999999998,0.019299999999999998,negative,0.7325
Google Play,5792dd09-216b-4262-b394-d459a33715d7,2026-09-21 23:02:06,5,"Love, but too many ads lately... unbearable. Ads have to be run but not 4 ads per 2 songs.",Anna Lisa,9.1.80.2221,love but too many ads lately unbearable ads have to be run but not 4 ads per 2 songs,19,2026-09-21,2026-09-21,0.8842,0.1012,0.0146,negative,0.8842
Google Play,8e3aec6b-e54c-46ee-ac84-be6da2776682,2026-09-21 22:54:59,5,op app,Priyambada Padhan,,op app,2,2026-09-21,2026-09-21,0.2013,0.6588,0.1399,neutral,0.6588
Google Play,d8cfe6d7-04f3-4384-802c-b1b40226fba1,2026-09-21 22:54:06,5,osmm omG..,Wasim Akiram,,osmm omg,2,2026-09-21,2026-09-21,0.0968,0.7868,0.1164,neutral,0.7868
Google Play,f414a2e9-69b1-471a-bcf0-f1ac431158b6,2026-09-21 22:49:29,5,very helpful,Pandit Manoj Tiwari,9.1.80.2221,very helpful,2,2026-09-21,2026-09-21,0.0306,0.0767,0.8926,positive,0.8926
Google Play,1858ae31-4796-4863-81da-64a435218221,2026-09-21 22:47:48,5,I reall like it,Nakamya Saidat,9.1.80.2221,i reall like it,4,2026-09-21,2026-09-21,0.0072,0.0718,0.9209,positive,0.9209
Google Play,818aae87-4e9d-4c22-a5db-67eaff2ef24d,2026-09-21 22:41:31,2,toooo much adss,Padma Reddy kanduru,9.1.82.2161,toooo much adss,3,2026-09-21,2026-09-21,0.2455,0.4623,0.2923,neutral,0.4623
Google Play,23b96e81-7846-443e-a49a-c90bb5230e40,2026-09-21 22:41:27,5,good one,Jeremiah Nyakieya,,good one,2,2026-09-21,2026-09-21,0.0291,0.1932,0.7777,positive,0.7777
Google Play,4396c6fd-4c9e-46fc-96a2-aa0ec15a679d,2026-09-21 22:40:47,5,I love it and it gives me all the songs I want love this Spotify ❤️❤️❤️❤️❤️❤️❤️❤️❤️❤️❤️❤️❤️,Sinazo Pikisani,9.1.78.2218,i love it and it gives me all the songs i want love this spotify,15,2026-09-21,2026-09-21,0.0032,0.0084,0.9885,positive,0.9885
Google Play,71478e96-f483-4e2a-a0f8-5bb9d88ea787,2026-09-21 22:40:45,5,Thanks now it is working fine,Jyotiraditya Narjary,9.1.82.2161,thanks now it is working fine,6,2026-09-21,2026-09-21,0.0129,0.1718,0.8153,positive,0.8153
Google Play,52ed22e6-c89e-4259-b7df-fc36d130f22d,2026-09-21 22:40:26,1,not interested,Muhammad Imran,,not interested,2,2026-09-21,2026-09-21,0.3778,0.5505,0.0717,neutral,0.5505
Google Play,d85e1dbe-4397-4b67-b6c6-979234d64d9a,2026-09-21 22:37:57,1,"just uninstalled Spotify and downloaded amazon music , been using the app since i first bought my phone, never Even thought about switching to another app but because of theyar horrible service i switched to amazon",Akshay Ms,,just uninstalled spotify and downloaded amazon music been using the app since i first bought my phone never even thought about switching to another app but because of theyar horrible service i switched to amazon,35,2026-09-21,2026-09-21,0.6857,0.2491,0.0652,negative,0.6857
Google Play,8560172b-1141-4c6f-a831-57cae8d2eed5,2026-09-21 22:37:31,5,so so much 😍 best app,Chanda Kumari,,so so much best app,5,2026-09-21,2026-09-21,0.0085,0.011,0.9805,positive,0.9805
Google Play,bc07093c-309a-4cb2-b684-931633caaf78,2026-09-21 22:36:26,3,"Yo, please let me listen to my liked songs x.x you guys have categories for my likes and I can't even play them.",H. D.,9.1.82.2161,yo please let me listen to my liked songs x x you guys have categories for my likes and i can't even play them,24,2026-09-21,2026-09-21,0.7406,0.2298,0.0296,negative,0.7406
Google Play,1c8ae6e5-3923-4ced-890e-3e646aa8a16f,2026-09-21 22:36:16,5,"Great, except for the ads",Hudi “Freddie Human” Freedman,9.1.82.2161,great except for the ads,5,2026-09-21,2026-09-21,0.0555,0.1215,0.823,positive,0.823
Google Play,ec210acc-63b7-4181-b79a-1dad196dbfa8,2026-09-21 22:25:34,1,the new Spotify update is bad I can't choose what song I want to play,Precious Magagula,9.1.82.2161,the new spotify update is bad i can't choose what song i want to play,15,2026-09-21,2026-09-21,0.9134,0.0797,0.0069,negative,0.9134
Google Play,14d50582-20b3-440c-bab2-f37b8c4c9e31,2026-09-21 22:22:46,2,"My Spotify app has completely stopped playing music on my android device. Every time I try to play a song or playlist, it freezes and shows a “Something went wrong, please try again” error. My internet connection is perfectly stable and works for everything else. I have already turned off data saver, cleared app cache and system data, reinstalled the app, and logged out of all devices, but nothing works. Please help me fix this bug!",Dem Julia Pepito,9.1.82.2161,my spotify app has completely stopped playing music on my android device every time i try to play a song or playlist it freezes and shows a something went wrong please try again error my internet connection is perfectly stable and works for everything else i have already turned off data saver cleared app cache and system data reinstalled the app and logged out of all devices but nothing works please help me fix this bug,76,2026-09-21,2026-09-21,0.83765,0.1456,0.01675,negative,0.8376
Google Play,6f6e9860-900f-4679-9791-665010161600,2026-09-21 22:16:34,5,nice and good quality song,Arshita Gupta,9.1.80.2221,nice and good quality song,5,2026-09-21,2026-09-21,0.0074,0.039,0.9536,positive,0.9536
Google Play,60ec3367-5d86-4d7f-8bd8-5093e0ea4aa0,2026-09-21 22:14:52,5,wow cool app,baylan cee,9.1.82.2161,wow cool app,3,2026-09-21,2026-09-21,0.0248,0.0477,0.9275,positive,0.9275
Google Play,074eca0d-62f9-465e-811d-524187a87eb0,2026-09-21 22:14:46,5,perfect we just need more chances pictures of the song you want like make it 10,Lola Bunny,9.1.78.2218,perfect we just need more chances pictures of the song you want like make it 10,16,2026-09-21,2026-09-21,0.0135,0.1382,0.8483,positive,0.8483
Google Play,799519cf-b74e-4155-909d-bf2fe4263311,2026-09-21 22:11:24,1,this is trash and here I am thinking YouTube was bad with ads but this is crazy is you not interested to buy premium don't download this is bad,Sibonga Zwane,9.1.82.2161,this is trash and here i am thinking youtube was bad with ads but this is crazy is you not interested to buy premium don't download this is bad,29,2026-09-21,2026-09-21,0.9279,0.0646,0.0074,negative,0.9279
Survey CSV,csv-1,2026-09-21 00:00:00,5,Love the new discovery features,Ravi,,love the new discovery features,5,2026-09-21,2026-09-21,0.0039,0.0203,0.9757,positive,0.9757
Google Play,44d59c25-ac1b-4c3d-b0a1-1d4b81a58c0a,2026-09-20 23:58:57,5,have no words just perfection,SleEzY,,have no words just perfection,5,2026-09-20,2026-09-14,0.0289,0.0489,0.9223,positive,0.9223
Google Play,cf28e3d8-ec53-4313-b098-ca57224d53f5,2026-09-20 23:58:07,5,more than i expected,Nathan “Theo” Evanance,,more than i expected,4,2026-09-20,2026-09-14,0.2557,0.6069,0.1374,neutral,0.6069
Google Play,4e1ed14a-f9f4-4aae-88c8-2987dd7eed28,2026-09-20 23:56:27,1,it is zero waste seriously for everything primium like this marketing is unfair,Mukund Sathishkumar,9.1.80.2221,it is zero waste seriously for everything primium like this marketing is unfair,13,2026-09-20,2026-09-14,0.7795,0.1911,0.0294,negative,0.7795
Google Play,7399c7dd-cfc4-4652-b6f3-bc66c4bc7eb5,2026-09-20 23:54:26,4,listening stats are you explaining weeks wise and you can add total report for that month of over all listening stats of that month in before update that method. I need month report of listening stats. thank you.,Santhosh. YT,9.1.82.2161,listening stats are you explaining weeks wise and you can add total report for that month of over all listening stats of that month in before update that method i need month report of listening stats thank you,38,2026-09-20,2026-09-14,0.0329,0.8562,0.1109,neutral,0.8562
Google Play,301b3d53-58e7-4be0-9d9b-daeb466f4e59,2026-09-20 23:52:14,4,it's good if you have the premium but if you don't then it says 30 minutes of free listening time but you only get like 5 and if you switch songs between those 30 it's just going to give you more ads that never stays on playlist that's why I give it four because the premium is good but only if you get the family,Tommy Hibbs,9.1.52.1394,it's good if you have the premium but if you don't then it says 30 minutes of free listening time but you only get like 5 and if you switch songs between those 30 it's just going to give you more ads that never stays on playlist that's why i give it four because the premium is good but only if you get the family,65,2026-09-20,2026-09-14,0.07825,0.38865,0.53305,positive,0.533
Google Play,f9dd4985-08cd-43ce-99f7-760d179ad311,2026-09-20 23:44:08,3,your ok,James Macias,9.1.82.2161,your ok,2,2026-09-20,2026-09-14,0.0495,0.5057,0.4448,neutral,0.5057
Google Play,1b914736-b1ce-4ce6-b58a-14eec121bf60,2026-09-20 23:43:14,5,love the app. has great music,Marion Williams,,love the app has great music,6,2026-09-20,2026-09-14,0.0033,0.0093,0.9874,positive,0.9874
Google Play,52fcf2ca-24df-486d-a9bc-4b8154f37ede,2026-09-20 23:40:44,5,I absolutely love Spotify. I have too many playlists though,Coll Taylor,9.1.80.2221,i absolutely love spotify i have too many playlists though,10,2026-09-20,2026-09-14,0.0082,0.0194,0.9724,positive,0.9724
Google Play,a07a96c1-9544-4584-887d-9dda7cf95d30,2026-09-20 23:40:29,1,I want to give Spotify 5 stars but sadly greed took over the platform you can't use any features unless you have premium you can't even shuffle songs without premium YOU CANT EVEN DOWNLOAD SONGS ANYMORE without premium everything that set this app apart from the rest is gone I never had an issue with paying for the sub till now big thumbs down like i work in areas that don't have service sometimes and If I decide not to have the sub I'm hooped 🤣 shame on Spotify for letting greed take over,Jacob Mendoza,9.1.82.2161,i want to give spotify 5 stars but sadly greed took over the platform you can't use any features unless you have premium you can't even shuffle songs without premium you cant even download songs anymore without premium everything that set this app apart from the rest is gone i never had an issue with paying for the sub till now big thumbs down like i work in areas that don't have service sometimes and if i decide not to have the sub i'm hooped shame on spotify for letting greed take over,93,2026-09-20,2026-09-14,0.80665,0.1714,0.022,negative,0.8066
Google Play,bfe8fcab-0c17-42f4-893a-2ea9fa6fbd0a,2026-09-20 23:39:44,5,No adds and a very good app for music,OGBONNA VIVIAN,,no adds and a very good app for music,9,2026-09-20,2026-09-14,0.0067,0.0944,0.8988,positive,0.8988
Google Play,d968427e-7053-4eab-8bc6-4d6716d104dd,2026-09-20 23:34:57,1,"what did you guys do in the last update? if I have shuffle and repeat turned on and I go back past the first song that was played, it changes the shuffle order, THIS SUCKS!!! I liked that it stayed in the same order until you wanted to change it. Why is it doing it on its own now? PUT IT BACK!!!",Nicole Clifford,9.1.82.2161,what did you guys do in the last update if i have shuffle and repeat turned on and i go back past the first song that was played it changes the shuffle order this sucks i liked that it stayed in the same order until you wanted to change it why is it doing it on its own now put it back,62,2026-09-20,2026-09-14,0.8771,0.1142,0.0087,negative,0.8771
Google Play,456a6ef7-bf7c-497c-962b-8810e81dca9e,2026-09-20 23:27:10,2,to much adds,Muhammed Haseeb ur Rehman,9.1.72.1891,to much adds,3,2026-09-20,2026-09-14,0.2582,0.5676,0.1742,neutral,0.5676
Google Play,9de39798-6b84-435c-91e1-cad89bd5922e,2026-09-20 23:23:28,5,I won't to change my photo,Vanessa Sasu,9.1.82.2161,i won't to change my photo,6,2026-09-20,2026-09-14,0.2262,0.6966,0.0772,neutral,0.6966
Google Play,bc45d6eb-4e6e-45bb-a2d8-734cbb611b05,2026-09-20 23:22:08,5,good music and back ground music 💓💓,Kartik Gamer,9.1.44.2120,good music and back ground music,6,2026-09-20,2026-09-14,0.0022,0.0127,0.9852,positive,0.9852
Google Play,3d8474b5-eca8-42e2-bd95-a1dcab6248fb,2026-09-20 23:21:25,1,"Pandora is 10x better if you cant afford a streaming service. some of us just want to listen to music, not adds. if you go for Spotify's free version, expect 3 adds for one song. pathetic. switching pack to Pandora.",Levi Wilson,9.1.82.2161,pandora is 10x better if you cant afford a streaming service some of us just want to listen to music not adds if you go for spotify's free version expect 3 adds for one song pathetic switching pack to pandora,40,2026-09-20,2026-09-14,0.6749,0.2361,0.089,negative,0.6749
Google Play,3202183a-7849-4ace-b975-021740e2ab3f,2026-09-20 23:21:06,5,perfect app for when your bored and best song's 😛,Mikuuu Mena,9.1.82.2161,perfect app for when your bored and best song's,9,2026-09-20,2026-09-14,0.0045,0.0298,0.9658,positive,0.9658
Google Play,d8cd8255-1316-4297-8f83-01e1e2746f90,2026-09-20 23:13:23,5,great app ❤️,Bikramjit Das,,great app,2,2026-09-20,2026-09-14,0.0065,0.0157,0.9779,positive,0.9779
Google Play,faa986e8-dbe0-4c9d-9e5d-62f0eb20acee,2026-09-20 23:11:53,4,great app for music lovers but to many ads pls fix this issue,Ngam Min,9.1.80.2221,great app for music lovers but to many ads pls fix this issue,13,2026-09-20,2026-09-14,0.4635,0.2513,0.2852,negative,0.4635
Google Play,457c0b81-980b-4c12-a0fa-f40f12469eeb,2026-09-20 23:09:07,5,Best music app out here!!,justin Miller,9.1.80.2221,best music app out here,5,2026-09-20,2026-09-14,0.0029,0.0113,0.9858,positive,0.9858
Google Play,fc86fc0b-00ad-44e0-9699-7d35b81467df,2026-09-20 23:08:06,5,love love love,Natasha Creech,9.1.82.2161,love love love,3,2026-09-20,2026-09-14,0.0174,0.0853,0.8974,positive,0.8974
Google Play,c3777840-6801-4299-a630-7fee0ca5caa2,2026-09-20 23:08:02,5,very nice app but need to improve search settings other everything okay,Ram Kumar,9.1.82.2161,very nice app but need to improve search settings other everything okay,12,2026-09-20,2026-09-14,0.0162,0.0724,0.9114,positive,0.9114
Google Play,faf853f3-5805-4ea5-b984-b5444970e70b,2026-09-20 23:05:26,5,easy to get your favorite songs,Nqobani Khumalo,9.1.80.2221,easy to get your favorite songs,6,2026-09-20,2026-09-14,0.0061,0.1163,0.8776,positive,0.8776
Google Play,c0128c91-429e-48ce-aa44-43e2bfa5a059,2026-09-20 23:04:33,5,great I love it,Koenigsfeld,9.1.80.2221,great i love it,4,2026-09-20,2026-09-14,0.0061,0.0138,0.9802,positive,0.9802
Google Play,a342b9b2-380d-42ef-939e-8bf6d3480f36,2026-09-20 23:02:39,4,there's just a lot that it could update if I say so myself. there are so many playlists made of what spotify should do. and I think that they should take us uo on that.,Jessie Sikora,9.1.82.2161,there's just a lot that it could update if i say so myself there are so many playlists made of what spotify should do and i think that they should take us uo on that,35,2026-09-20,2026-09-14,0.0365,0.6045,0.359,neutral,0.6045
Google Play,7ab92225-8d84-413d-bfce-f33055269e87,2026-09-20 23:01:47,5,I like very much but you have to add free download songs that is better idea,Narayn Bhayaje,9.1.82.2161,i like very much but you have to add free download songs that is better idea,16,2026-09-20,2026-09-14,0.01,0.0874,0.9025,positive,0.9025
Google Play,d57846e9-f681-4c6b-9686-1959bc6ac408,2026-09-20 23:01:21,4,I like how you can have so much costumisation but even with explicit off there is still really inappropriate things on there😬,Emmett,9.1.80.2221,i like how you can have so much costumisation but even with explicit off there is still really inappropriate things on there,22,2026-09-20,2026-09-14,0.6182,0.3378,0.044,negative,0.6182
Google Play,611a8bae-f703-45ba-996e-f772650a29fe,2026-09-20 22:58:57,2,I can't rewind the part of the song,Big Mac “I had a seizure”,9.1.82.2161,i can't rewind the part of the song,8,2026-09-20,2026-09-14,0.2482,0.7046,0.0472,neutral,0.7046
Google Play,5e5deb4a-7e45-4890-ab72-6346b63578cb,2026-09-20 22:58:56,5,Good Job!!!,Miguel Sebastian Llacer,9.1.78.2218,good job,2,2026-09-20,2026-09-14,0.0051,0.0234,0.9715,positive,0.9715
Google Play,e6d216f9-40d7-4a86-820b-0f1a416d96f6,2026-09-20 22:55:08,4,Spotify is good but it is more expensive,A Pushpa Kumar R,9.1.80.2221,spotify is good but it is more expensive,8,2026-09-20,2026-09-14,0.4095,0.3312,0.2593,negative,0.4095
Google Play,55aa1ce0-6322-4544-b10e-f3666f3cf055,2026-09-20 22:52:26,2,to much add,Ahmed Jubayer,9.1.82.2161,to much add,3,2026-09-20,2026-09-14,0.2207,0.5958,0.1834,neutral,0.5958
Google Play,ac713bce-25e0-47a6-85c7-941f4cd7989a,2026-09-20 22:51:24,4,hebbi apps,Mithun Mondal,9.1.82.2161,hebbi apps,2,2026-09-20,2026-09-14,0.0434,0.8258,0.1309,neutral,0.8258
Google Play,ccedcec0-1185-494b-9ae6-98fd26682edc,2026-09-20 22:50:22,5,best music quality,Shuaib ashraf Shuaib,,best music quality,3,2026-09-20,2026-09-14,0.0101,0.0836,0.9063,positive,0.9063
Google Play,e87fe59f-b747-40a3-becb-82c0224c9559,2026-09-20 22:49:19,1,idk if it's just my device but when I wanted to play a song it kept on playing an another song it was the worst Spotify pls fix this it's very unacceptable and it's saying I have slow wi-fi and I have full bar's. Once again pls fix it pls.,carmelia duncan,9.1.82.2161,idk if it's just my device but when i wanted to play a song it kept on playing an another song it was the worst spotify pls fix this it's very unacceptable and it's saying i have slow wi fi and i have full bar's once again pls fix it pls,51,2026-09-20,2026-09-14,0.9148,0.0788,0.0065,negative,0.9148
Google Play,17d43050-9dff-4b96-bd90-99f2f89b45f5,2026-09-20 22:48:31,5,I love music,H. Maier,9.1.82.2161,i love music,3,2026-09-20,2026-09-14,0.005,0.0302,0.9648,positive,0.9648
Google Play,01b2516e-1daf-466a-8e76-8758bed86821,2026-09-20 22:45:14,5,You seem to have been listening. Works pretty well.,Todd Stefl,9.1.82.2161,you seem to have been listening works pretty well,9,2026-09-20,2026-09-14,0.0096,0.1091,0.8812,positive,0.8812
Google Play,e575d90e-f23b-49ca-80fa-c6d307feacd4,2026-09-20 22:44:16,5,way better than youtube music ngl,Liam Haynes,9.1.82.2161,way better than youtube music ngl,6,2026-09-20,2026-09-14,0.0138,0.0872,0.899,positive,0.899
Google Play,339c70b0-92a4-4999-b089-bbaaad106691,2026-09-20 22:39:59,1,"I mainly listen to japanese songs and I hate that spotify keeps forcing romanization when it comes to titles and lyrics without even considering that there are people outside Japan who speak or learn Japanese. Someone could've asked what's the big deal with that, well it makes it hard to understand what is written, even reading it is a pain for those who know japanese especially when the title is long. I consider quitting premium seriously bc it's too annoying.",Soren,,i mainly listen to japanese songs and i hate that spotify keeps forcing romanization when it comes to titles and lyrics without even considering that there are people outside japan who speak or learn japanese someone could've asked what's the big deal with that well it makes it hard to understand what is written even reading it is a pain for those who know japanese especially when the title is long i consider quitting premium seriously bc it's too annoying,80,2026-09-20,2026-09-14,0.8472,0.14355,0.0093,negative,0.8472
Google Play,ab22b7f9-2146-4d29-a7b7-6c2a214f94a8,2026-09-20 22:38:21,5,becuse tge music us so baddie slay and runs smoothley,Queen Dhlamini,9.1.82.2161,becuse tge music us so baddie slay and runs smoothley,10,2026-09-20,2026-09-14,0.0345,0.4117,0.5538,positive,0.5538
Google Play,ee4e636f-2807-4a4b-bd03-79e67c183bf4,2026-09-20 22:35:16,5,it has my favorite songs,Juana Puac,9.1.80.2221,it has my favorite songs,5,2026-09-20,2026-09-14,0.0038,0.027,0.9692,positive,0.9692
Survey CSV,csv-0,2026-09-20 00:00:00,2,App keeps crashing when I open my playlists,Asha,,app keeps crashing when i open my playlists,8,2026-09-20,2026-09-14,0.756,0.2274,0.0166,negative,0.756
Google Play,a21f36e9-f2f8-423e-aba9-d36855b8896e,2026-09-19 23:57:26,2,I don't know what's going on with this app it's literally unusable lately this just happened recently and I'm not sure why because it didn't have an update I don't think and it doesn't have an update pending what you guys really got to fix it this is an app I use everyday at this point I have to use YouTube music and you can't listen to music if you close the app I really prefer Spotify please fix it,Elizabeth,9.1.82.2161,i don't know what's going on with this app it's literally unusable lately this just happened recently and i'm not sure why because it didn't have an update i don't think and it doesn't have an update pending what you guys really got to fix it this is an app i use everyday at this point i have to use youtube music and you can't listen to music if you close the app i really prefer spotify please fix it,80,2026-09-19,2026-09-14,0.8114,0.1598,0.0288,negative,0.8114
Google Play,8c3720ef-264a-4ff9-9a63-7b4c2a671903,2026-09-19 23:55:34,5,"Just love listening to the variety of all the music available! It helps me when I need to do my cleaning and working to help with my PTSD, anxiety, etc... issues. Thank You! Helps me concentrate.",Sher'rie Eichelberger,9.1.80.2221,just love listening to the variety of all the music available it helps me when i need to do my cleaning and working to help with my ptsd anxiety etc issues thank you helps me concentrate,36,2026-09-19,2026-09-14,0.0106,0.0416,0.9477,positive,0.9477
Google Play,edabe76a-99b9-4b44-94d9-0c369aaebbf3,2026-09-19 23:55:15,4,nice pic,Pinku Negi,9.1.82.2161,nice pic,2,2026-09-19,2026-09-14,0.0273,0.1205,0.8522,positive,0.8522
Google Play,d5926d07-1dee-46a9-bdb0-d57c2e149fda,2026-09-19 23:53:36,4,nice music qulity,Brijesh Verma,9.1.82.2161,nice music qulity,3,2026-09-19,2026-09-14,0.0062,0.0382,0.9555,positive,0.9555
Google Play,e3a86b7e-4b25-40e1-be6d-9eade8eb3ed4,2026-09-19 23:48:30,4,very good with primeum but if you don't then you have adds like every 2 songs and it's the same add over and over again,Gwendolyn Guettler-Johnson,9.1.84.2205,very good with primeum but if you don't then you have adds like every 2 songs and it's the same add over and over again,25,2026-09-19,2026-09-14,0.3419,0.4876,0.1704,neutral,0.4876
Google Play,e61d42db-d17a-4741-82c6-79093f19f534,2026-09-19 23:47:16,5,best app for music listing using from past 4 years,Mayur Chouhan,,best app for music listing using from past 4 years,10,2026-09-19,2026-09-14,0.0051,0.1357,0.8591,positive,0.8591
Google Play,0d5fcceb-8977-4421-aa20-6b5c0ed35439,2026-09-19 23:46:20,5,The amount of trolling Spotify does because I won’t subscribe 😭,Surjendu Sinha,,the amount of trolling spotify does because i won t subscribe,11,2026-09-19,2026-09-14,0.8969,0.0947,0.0084,negative,0.8969
Google Play,a3aba3ba-9438-4626-9825-e7d7a6fbf87c,2026-09-19 23:44:08,5,I love Spotify especially premium!,Ginja Ninja,9.1.80.2221,i love spotify especially premium,5,2026-09-19,2026-09-14,0.0039,0.01,0.9861,positive,0.9861
Google Play,caa94588-1c26-4ddb-b510-579c1f24b5ef,2026-09-19 23:44:02,5,Best quality app,Subho Ghosh,,best quality app,3,2026-09-19,2026-09-14,0.008,0.045,0.947,positive,0.947
Google Play,8766a75e-3952-4915-9c33-d33930a3cb28,2026-09-19 23:41:25,5,Must have application on any device.,Saurabh Sharma,8.9.80.581,must have application on any device,6,2026-09-19,2026-09-14,0.0225,0.8286,0.1489,neutral,0.8286
Google Play,c608dbaf-cb97-41ed-844e-593028714875,2026-09-19 23:40:42,4,"Ads are.. there to say the least. (at least they were until i got premeum.) Moving on, why isn't there a way to delete your history directly within the app? That's something I (and im sure other ppl on earth) want. Update: I would add it to the idea board, but I keep forgetting to do that. So how about just adding that feature (and more of the most requested features/fixes) in a big update?",Eddy,9.1.82.2161,ads are there to say the least at least they were until i got premeum moving on why isn't there a way to delete your history directly within the app that's something i and im sure other ppl on earth want update i would add it to the idea board but i keep forgetting to do that so how about just adding that feature and more of the most requested features fixes in a big update,76,2026-09-19,2026-09-14,0.36245,0.48014999999999997,0.1574,neutral,0.4802
Google Play,5ddd3ed0-2097-4240-bdb4-7b3522510795,2026-09-19 23:38:22,5,"keeps me hopeful, helps my Faith to stay Strong",A Google user,9.1.78.2218,keeps me hopeful helps my faith to stay strong,9,2026-09-19,2026-09-14,0.0071,0.0544,0.9385,positive,0.9385
Google Play,e0d5be8f-e799-47f1-affe-91d234c0750d,2026-09-19 23:38:14,5,"Pretty pleased, i have yet to find a negative on SPOTIFY....the best that ever happened to music. hands down the best music app!!",Stephen Peinado,9.1.80.2221,pretty pleased i have yet to find a negative on spotify the best that ever happened to music hands down the best music app,24,2026-09-19,2026-09-14,0.0059,0.0121,0.982,positive,0.982
Google Play,cb3d87e7-0365-406b-95d8-2a5aff253fa1,2026-09-19 23:38:13,5,"I really enjoy using SPOTIFY. It has a great collection of music, excellent sound quality, and makes it easy to discover songs and artists that I love. I especially appreciate the personalized recommendations and playlists, because they often help me find music that matches my mood and interests. The overall experience is smooth, simple, and enjoyable. For me, music is something very meaningful and SPOTIFY makes enjoying that music even better. It is a holyful platform for me always.",Faizur Rahman Alif,9.1.82.2161,i really enjoy using spotify it has a great collection of music excellent sound quality and makes it easy to discover songs and artists that i love i especially appreciate the personalized recommendations and playlists because they often help me find music that matches my mood and interests the overall experience is smooth simple and enjoyable for me music is something very meaningful and spotify makes enjoying that music even better it is a holyful platform for me always,79,2026-09-19,2026-09-14,0.0028,0.01105,0.9861500000000001,positive,0.9862
Google Play,bc313134-bea7-4020-9daa-0e83c716f0b4,2026-09-19 23:38:09,5,W speed,mojo jojo the monkey,9.1.82.2161,w speed,2,2026-09-19,2026-09-14,0.1409,0.6254,0.2337,neutral,0.6254
Google Play,8bdb6ca5-640a-4a27-9afb-1ec82d521f1e,2026-09-19 23:35:58,4,I've had spotify for years but wth is going on with it at the moment its forgetting queues and constantly taking me back to the home page rather than back to where i was this is getting annoying,Nick Clarke,9.1.82.2161,i've had spotify for years but wth is going on with it at the moment its forgetting queues and constantly taking me back to the home page rather than back to where i was this is getting annoying,38,2026-09-19,2026-09-14,0.9055,0.0851,0.0094,negative,0.9055
Google Play,699cf714-95a8-44d0-970d-23ef0e1b6bfc,2026-09-19 23:35:14,5,Best music listening app,Prajakta Meshram,9.1.82.2161,best music listening app,4,2026-09-19,2026-09-14,0.0047,0.045,0.9503,positive,0.9503
Google Play,ddc16b42-12ab-4ff2-b945-e34e95ad2bcc,2026-09-19 23:32:50,5,brooooo..... no words to describe this app... aur agr premimum leliya toh frr toh... next level h broo.... im using it since last 4 year and after every update it improves...,Akshay Yadav,9.1.82.2161,brooooo no words to describe this app aur agr premimum leliya toh frr toh next level h broo im using it since last 4 year and after every update it improves,31,2026-09-19,2026-09-14,0.0207,0.0456,0.9337,positive,0.9337
Google Play,268c617b-eb5e-4480-8260-a8033facfdb0,2026-09-19 23:30:25,5,Nice appilication for music✨️,maheshwaran pillai,9.1.82.2161,nice appilication for music,4,2026-09-19,2026-09-14,0.0037,0.0192,0.9771,positive,0.9771
Google Play,f93fdd15-b1b6-4fe9-9446-55eb3590a8a9,2026-09-19 23:29:20,1,"This app is so slow. Not only does it take nearly 2 minutes for the home screen to appear, I waited on a search for over 5 minutes with no results. I wrote this review 5 years ago, and it's still this bad.",Tori Williams,9.1.78.2218,this app is so slow not only does it take nearly 2 minutes for the home screen to appear i waited on a search for over 5 minutes with no results i wrote this review 5 years ago and it's still this bad,43,2026-09-19,2026-09-14,0.9483,0.0458,0.006,negative,0.9483
Google Play,ea20b659-0f3e-453c-a5ef-d15fb19f25d6,2026-09-19 23:27:34,1,"Just when you thought Spotify couldn't get any more laggy, it does! The app has become so slow (tap on a song and get a blank screen for 15+ seconds). It crashes frequently (sometimes need to restart between each audiobook chapter). Annoying UI changes mean more taps and scrolling to do simple things like liking a song. And I hate how if I play a song on Spotify on my laptop, the sound comes out my phone's speaker. Why would I want that? UX and performance keep going downhill...",Duncan Moore,9.1.82.2161,just when you thought spotify couldn't get any more laggy it does the app has become so slow tap on a song and get a blank screen for 15 seconds it crashes frequently sometimes need to restart between each audiobook chapter annoying ui changes mean more taps and scrolling to do simple things like liking a song and i hate how if i play a song on spotify on my laptop the sound comes out my phone's speaker why would i want that ux and performance keep going downhill,89,2026-09-19,2026-09-14,0.9305000000000001,0.06265,0.0069,negative,0.9305
Google Play,32df7e1c-cab0-4553-959c-01a8a92e5982,2026-09-19 23:27:17,1,fully ad,Free fire Max,9.1.44.2120,fully ad,2,2026-09-19,2026-09-14,0.1306,0.5115,0.3579,neutral,0.5115
Google Play,5bcc2d9c-04dd-407f-a1e9-c371503c4b44,2026-09-19 23:25:42,5,Able to do super cool jam sessions with my friends and listen to really cool music.,CC Code,9.1.82.2161,able to do super cool jam sessions with my friends and listen to really cool music,16,2026-09-19,2026-09-14,0.0021,0.0169,0.981,positive,0.981
Google Play,e354af2a-f5ea-49ce-9d6b-a3febbc5ac46,2026-09-19 23:23:24,4,best app for audio music,Prakash Ambaliya,9.1.82.2161,best app for audio music,5,2026-09-19,2026-09-14,0.0058,0.0937,0.9005,positive,0.9005
Google Play,848ac204-3657-4f84-9bc7-adafedf91a02,2026-09-19 23:21:11,1,this app in only ads this app is very 👎 i am uninstalling,suresh Kambar,9.1.78.2218,this app in only ads this app is very i am uninstalling,12,2026-09-19,2026-09-14,0.9384,0.0549,0.0067,negative,0.9384
Google Play,3103783a-e9ca-4de4-ad45-b34472aa5b74,2026-09-19 23:20:42,2,this 2 stars is bcoz of advertisement!! I don't like advertisement too much!!,Divye Vats,,this 2 stars is bcoz of advertisement i don't like advertisement too much,13,2026-09-19,2026-09-14,0.913,0.079,0.008,negative,0.913
Google Play,04e34cf4-7b58-4726-941f-149e043e632e,2026-09-19 23:19:12,4,All in all the app and experience is really good. But it would be great if the dj is properly optimized because it sometimes cuts midway while playing a song.,Esomchukwu Nwanyanwu,9.1.80.2221,all in all the app and experience is really good but it would be great if the dj is properly optimized because it sometimes cuts midway while playing a song,30,2026-09-19,2026-09-14,0.021,0.0835,0.8955,positive,0.8955
Google Play,a218a1f4-4bb8-43b6-acec-a4e60ee24c79,2026-09-19 23:16:35,5,Perfect thanks,Debbie Anthony,,perfect thanks,2,2026-09-19,2026-09-14,0.0141,0.0436,0.9423,positive,0.9423
Google Play,d86333bc-141a-45ca-953d-b3fb685dab45,2026-09-19 23:15:03,4,I should be giving you 5⭐ but without Prophet Jones album and Night n Day album you'll get 4⭐,Scelo Mabaso,9.1.80.2221,i should be giving you 5 but without prophet jones album and night n day album you'll get 4,19,2026-09-19,2026-09-14,0.2809,0.6613,0.0578,neutral,0.6613
Google Play,ddcf3753-bbf3-4666-87bd-6744baf171c2,2026-09-19 23:14:36,1,"Spotify is full on dhandabazi mode, i think now I have to listen songs from instagram 😄",Arghadwip Saha,9.1.82.2161,spotify is full on dhandabazi mode i think now i have to listen songs from instagram,16,2026-09-19,2026-09-14,0.0492,0.5644,0.3864,neutral,0.5644
Google Play,71d6241e-b9f6-4cd6-9097-4f6c1cb2a7a8,2026-09-19 23:11:34,1,"this app was so good before times but now it happens to be such a annoying app every time I listen or I play a song I like it doesn't play I mean one day I searched the song ""That Way"" by KATSEYE and when I clicked on it a different song by KATSEYE played (Bel Air) and I couldn't understand why did it happen but nwm and now if that wasn't enough they have started playing an add after every song I mean you play one song and then after that you have to listen to back to back three ads like what?",Lotus,9.1.82.2161,this app was so good before times but now it happens to be such a annoying app every time i listen or i play a song i like it doesn't play i mean one day i searched the song that way by katseye and when i clicked on it a different song by katseye played bel air and i couldn't understand why did it happen but nwm and now if that wasn't enough they have started playing an add after every song i mean you play one song and then after that you have to listen to back to back three ads like what,104,2026-09-19,2026-09-14,0.85985,0.1306,0.00955,negative,0.8598
Google Play,cb462bfd-3d0b-49d1-bd14-388e02c75214,2026-09-19 23:10:20,5,woooooo bast music aap,Mayank Kumar,9.1.82.2161,woooooo bast music aap,4,2026-09-19,2026-09-14,0.0066,0.0482,0.9452,positive,0.9452
Google Play,883e325f-2671-402e-b8b8-b0e3f4ee143b,2026-09-19 23:05:59,2,Pangit naman di ka makapili ng kanta..6 skip lang hindi unli skip ok lang sana 30 second ads dinagdagan pa ng 6 skip limit per day..Kaya ayaw ko na mag stream dito..Download nalang ako offline music wla pang ads..,Joselito Enopia,9.1.80.2221,pangit naman di ka makapili ng kanta 6 skip lang hindi unli skip ok lang sana 30 second ads dinagdagan pa ng 6 skip limit per day kaya ayaw ko na mag stream dito download nalang ako offline music wla pang ads,42,2026-09-19,2026-09-14,0.2783,0.6812,0.0404,neutral,0.6812
Google Play,2f368aee-5b7a-4276-aac0-28b971781082,2026-09-19 23:04:30,1,"Spotify I want to tell u that asking for premium on every single step will bring you to uninstall the app ur asking premium for every single step like playing the same music , playing the specifics part of any music and so on u will be uninstalled from many devices if you will not resolve this problem",Yasharth Singh,9.1.78.2218,spotify i want to tell u that asking for premium on every single step will bring you to uninstall the app ur asking premium for every single step like playing the same music playing the specifics part of any music and so on u will be uninstalled from many devices if you will not resolve this problem,57,2026-09-19,2026-09-14,0.81645,0.1733,0.010249999999999999,negative,0.8164
Google Play,48b030ee-86aa-4237-bca6-4f30b0b27aea,2026-09-19 23:03:48,2,free version is insufferable. i listen to 2 songs and get 3-5 ads. that is insane and so annoying,kassandra raidt,9.1.82.2161,free version is insufferable i listen to 2 songs and get 3 5 ads that is insane and so annoying,20,2026-09-19,2026-09-14,0.9516,0.0425,0.006,negative,0.9516
Google Play,9fdbdde1-df18-4581-a13f-a92986c2922c,2026-09-19 23:03:04,5,i specially love the general kai song,K. Sanjeeb Kumar Subudhi,,i specially love the general kai song,7,2026-09-19,2026-09-14,0.0029,0.0262,0.9709,positive,0.9709
Google Play,a906f7bd-1b38-480c-8912-a26bf2abd961,2026-09-19 23:02:46,1,This is a very very worst app I ever seen 👎. too much ads and compel me to get premium. I didn't able to skip the ad without get premium. not enough.... Many problems in this app.👎👎🫤,Jasmine Fathima sulthan Jas,9.1.82.2161,this is a very very worst app i ever seen too much ads and compel me to get premium i didn't able to skip the ad without get premium not enough many problems in this app,36,2026-09-19,2026-09-14,0.9465,0.0478,0.0057,negative,0.9465
Google Play,de9e86ba-d076-40d0-8ca5-123cd8bb22e7,2026-09-19 23:00:22,3,very much add a and repeat the same songs,Varun Gupta,,very much add a and repeat the same songs,9,2026-09-19,2026-09-14,0.2641,0.6878,0.0482,neutral,0.6878
Google Play,491e4ada-a78d-49f7-b316-a316e75dc827,2026-09-19 22:59:46,5,geo app,Dhood Khan,9.1.82.2161,geo app,2,2026-09-19,2026-09-14,0.0684,0.7577,0.1739,neutral,0.7577
Google Play,95f5fa0a-a07d-44b9-a940-407193b4def1,2026-09-19 22:57:34,5,better than boomplay,Ezenwa Isreal,9.1.80.2221,better than boomplay,3,2026-09-19,2026-09-14,0.1161,0.4481,0.4357,neutral,0.4481
Google Play,17e5758d-0129-414e-9267-32f4c7d28b3a,2026-09-19 22:54:46,1,"The app is honestly trash. The whole point of Spotify was to get away from radio. Now they monetize people listening to music. Theirs more adds on Spotify than their are listening to the radio. I've used Spotify since 2015 and back then it was what it advertised. I listen to one song now and there's an add or Spotify would add random songs and call it recommended. If I make a Playlist based on what I like and what I think this group of song give, maybe you shouldn't be putting your input.",Lakeya N.,9.1.80.2221,the app is honestly trash the whole point of spotify was to get away from radio now they monetize people listening to music theirs more adds on spotify than their are listening to the radio i've used spotify since 2015 and back then it was what it advertised i listen to one song now and there's an add or spotify would add random songs and call it recommended if i make a playlist based on what i like and what i think this group of song give maybe you shouldn't be putting your input,94,2026-09-19,2026-09-14,0.6361,0.3341,0.029849999999999998,negative,0.6361
Google Play,4ec51304-4460-4fd8-a39f-12961dacb7f1,2026-09-19 22:51:51,2,This app has gotten to have so many freaking commercials. I'm literally looking for an alternative. I'm over it,Latisha “Hungry Hiker Hodgepodge” M,9.1.82.2161,this app has gotten to have so many freaking commercials i'm literally looking for an alternative i'm over it,19,2026-09-19,2026-09-14,0.9425,0.0496,0.0078,negative,0.9425
Google Play,bc1ad996-5bb4-42ed-861f-dd2a85ebe1e8,2026-09-19 22:51:28,5,Spotify listen and music and performances cover,Aamina Shariff,9.1.82.2161,spotify listen and music and performances cover,7,2026-09-19,2026-09-14,0.0107,0.8744,0.1149,neutral,0.8744
Google Play,e951aa83-e2c8-4e26-932e-a1d52f7cd1e3,2026-09-19 22:51:11,5,the best music app,Prom Tallang,,the best music app,4,2026-09-19,2026-09-14,0.0057,0.0202,0.9741,positive,0.9741
Google Play,dab21ab1-9764-4921-bf9d-690445c2a834,2026-09-19 22:50:44,3,good enough,Kajal Gayakwad,,good enough,2,2026-09-19,2026-09-14,0.0541,0.4922,0.4537,neutral,0.4922
Google Play,5bbb796e-72a7-4a2d-bd9f-db6be763e7e4,2026-09-19 22:50:22,4,"no free use ppl can survive, you have to pay",Vivek Nigam,9.1.80.2221,no free use ppl can survive you have to pay,10,2026-09-19,2026-09-14,0.7229,0.2593,0.0178,negative,0.7229
Google Play,69547051-4682-45c5-878f-fbd4f7026ce6,2026-09-19 22:49:21,1,"maksa bgt buat jadi premium, iklannya gak ngotak",vampyx 9ine,,maksa bgt buat jadi premium iklannya gak ngotak,8,2026-09-19,2026-09-14,0.1703,0.7434,0.0863,neutral,0.7434
Google Play,907f47e7-fce7-4371-9b8d-141b06f21b86,2026-09-18 23:58:58,3,the app is really great with multiple features but the new restrictions on choosing music has made it kind of useless like u can only chose a few songs a day,Faryal_ Yasir,9.1.80.2221,the app is really great with multiple features but the new restrictions on choosing music has made it kind of useless like u can only chose a few songs a day,31,2026-09-18,2026-09-14,0.5111,0.3111,0.1778,negative,0.5111
Google Play,5820e24d-2175-42ed-b5ad-ff88ba5031ca,2026-09-18 23:54:10,5,it Soo good,Jade Cargill,9.1.82.2161,it soo good,3,2026-09-18,2026-09-14,0.0065,0.0281,0.9654,positive,0.9654
Google Play,d9c9ba87-c873-4a6d-a302-5487d222aa74,2026-09-18 23:53:43,2,keeps playing a half song and goes to the next,Mary Miller,9.1.80.2221,keeps playing a half song and goes to the next,10,2026-09-18,2026-09-14,0.0601,0.8966,0.0433,neutral,0.8966
Google Play,9ec084c3-a87d-4bbe-8a37-75bb3861fd0a,2026-09-18 23:52:38,1,they wanted money from me,Arikan Mustafa,9.1.80.2221,they wanted money from me,5,2026-09-18,2026-09-14,0.2124,0.6873,0.1003,neutral,0.6873
Google Play,ec82dce8-1401-4016-a6e7-f19661e1d32a,2026-09-18 23:46:53,5,"it's okay, finding music's is easy",Mark John,9.1.78.2218,it's okay finding music's is easy,6,2026-09-18,2026-09-14,0.0118,0.1707,0.8175,positive,0.8175
Google Play,86333bd8-a3fd-455c-b7bb-a2f99c167509,2026-09-18 23:46:22,5,best app sir 💓,Prafull Singh,9.1.80.2221,best app sir,3,2026-09-18,2026-09-14,0.0056,0.0164,0.978,positive,0.978
Google Play,9939d327-d7d4-4885-a6f6-9c037f25d988,2026-09-18 23:43:19,3,If there was no adds I will give it ten but there is too much add we are trying to listen a music not adds,Almaz Fekadu,9.1.52.1394,if there was no adds i will give it ten but there is too much add we are trying to listen a music not adds,25,2026-09-18,2026-09-14,0.5739,0.386,0.0401,negative,0.5739
Google Play,15a12237-64c6-4d8a-b751-cac7de00f111,2026-09-18 23:36:51,1,actually this app so frecking bad that doesn't let songs play on our choice until we buy a plan.. I understand offline they don't give us benefit of listening music unless buying a plan.. but songs of our choice not more than 5.. worst part more than 2 ads after every 2 songs is more irritating,Gurbhej Kaur,9.1.80.2221,actually this app so frecking bad that doesn't let songs play on our choice until we buy a plan i understand offline they don't give us benefit of listening music unless buying a plan but songs of our choice not more than 5 worst part more than 2 ads after every 2 songs is more irritating,56,2026-09-18,2026-09-14,0.9004,0.0928,0.0068,negative,0.9004
Google Play,85762cff-c3a6-4721-b7c2-690e6748e751,2026-09-18 23:35:55,5,Find what ever you looking for me,Regina Amanda,9.1.80.2221,find what ever you looking for me,7,2026-09-18,2026-09-14,0.0216,0.4889,0.4895,positive,0.4895
Google Play,ebc4f004-e24f-4923-8473-135f9987ae17,2026-09-18 23:32:26,5,bahut Achcha app Hai yah download Nahin kijiye,Ajeej Khan,9.1.82.2161,bahut achcha app hai yah download nahin kijiye,8,2026-09-18,2026-09-14,0.1307,0.8171,0.0522,neutral,0.8171
Google Play,687133c3-f60a-4379-88b2-ee056d283372,2026-09-18 23:28:00,1,bhai har baat ke paise i don't like it 😕,Chitransh beniwal,,bhai har baat ke paise i don't like it,9,2026-09-18,2026-09-14,0.9161,0.0777,0.0062,negative,0.9161
Google Play,56ac8dbe-d2db-4c91-a8f1-47f0d0fc419e,2026-09-18 23:26:35,1,To many ads want premium anytime 🤬🤬,Bikash Das,9.1.82.2161,to many ads want premium anytime,6,2026-09-18,2026-09-14,0.9223,0.0698,0.0079,negative,0.9223
Google Play,82d26e3f-2e67-4330-be99-60a0b27b848e,2026-09-18 23:19:41,3,"Dear Spotify, I don't know why I have to listen to ads even after subscribing. It ruins the experience and doesn't make sense. Yours sincerely.",Jerome Darius,9.0.34.593,dear spotify i don't know why i have to listen to ads even after subscribing it ruins the experience and doesn't make sense yours sincerely,25,2026-09-18,2026-09-14,0.9158,0.0771,0.0071,negative,0.9158
Google Play,43b7c1e3-ca91-487b-9eff-94de8c615fd1,2026-09-18 23:14:34,5,"“Spotify is easy to use, has a great music library, and the recommendations are really good. Overall, a great music streaming experience.”",Fahim Hossain,9.1.82.2161,spotify is easy to use has a great music library and the recommendations are really good overall a great music streaming experience,22,2026-09-18,2026-09-14,0.0027,0.0108,0.9865,positive,0.9865
Google Play,e4c45503-23d0-4a71-a37c-d629a7000936,2026-09-18 23:12:57,5,very good but make it play songs while offline also,Bimal Shrestha,9.1.78.2218,very good but make it play songs while offline also,10,2026-09-18,2026-09-14,0.0065,0.0753,0.9182,positive,0.9182
Google Play,54d779e0-33e6-4005-90dd-a251d849bec3,2026-09-18 23:12:24,5,wow I like Spotify 💕😍❤️,CHANDA DEVI,,wow i like spotify,4,2026-09-18,2026-09-14,0.0036,0.0085,0.9879,positive,0.9879
Google Play,e679bb51-a30e-4f6a-880f-dc1fcb784199,2026-09-18 23:12:16,5,I enjoy running into Spotify and it's so impressive that every song I want is available.i'd also recommend it for friends and families,Thabiso Samuel,9.1.78.2218,i enjoy running into spotify and it's so impressive that every song i want is available i'd also recommend it for friends and families,24,2026-09-18,2026-09-14,0.0027,0.0121,0.9852,positive,0.9852
Google Play,1d03d672-f15c-4952-b076-ce0de0a6c126,2026-09-18 23:12:01,2,Because you always show me slow connection.,Lesego Molaoa,9.1.80.2221,because you always show me slow connection,7,2026-09-18,2026-09-14,0.8758,0.1149,0.0093,negative,0.8758
Google Play,62875a97-40fa-4b4d-8b86-1c53a56ac154,2026-09-18 23:10:23,1,you have to pay even to choose or skip songs or parts of songs after few tines.,Branesh P,9.1.52.1394,you have to pay even to choose or skip songs or parts of songs after few tines,17,2026-09-18,2026-09-14,0.457,0.5199,0.0231,neutral,0.5199
Google Play,5acb37af-758e-47e4-9302-7e26b3ccaef4,2026-09-18 23:07:48,5,very very good experience,dhanya sugu,9.1.76.2055,very very good experience,4,2026-09-18,2026-09-14,0.0068,0.0201,0.9731,positive,0.9731
Google Play,0a1ee157-a025-4a16-b0ab-53bc55799536,2026-09-18 23:05:06,5,spotify is nice music's app and all time favorite... all new music hearing quality is the highlight of Spotify 🎶,Liji Prasad,9.1.82.2161,spotify is nice music's app and all time favorite all new music hearing quality is the highlight of spotify,19,2026-09-18,2026-09-14,0.0026,0.0125,0.9849,positive,0.9849
Google Play,fac020ce-8c60-4214-b169-875d69474956,2026-09-18 23:00:43,5,so so Good Good quality Good sound like Good everything though except premium,Young Humphrey victory,9.1.82.2161,so so good good quality good sound like good everything though except premium,13,2026-09-18,2026-09-14,0.0109,0.0496,0.9395,positive,0.9395
Google Play,6918b157-8b02-4e35-b985-1bdd423bd500,2026-09-18 23:00:39,5,best at everything,cenzo,,best at everything,3,2026-09-18,2026-09-14,0.0312,0.1899,0.779,positive,0.779
Google Play,d8eb7d84-88b0-42a3-a1b0-dbf717a7810c,2026-09-18 22:58:55,4,"reduce the ads for the users who don't have subscription, please, that would be very helpful.",Hymavathi Vijrothu,9.1.80.2221,reduce the ads for the users who don't have subscription please that would be very helpful,16,2026-09-18,2026-09-14,0.0722,0.5784,0.3494,neutral,0.5784
Google Play,277622c7-4593-4fed-8f88-4a433ea4765b,2026-09-18 22:56:04,2,"paying for extras from an overpriced app, glitchy, not as user friendly as it should be for the price.",Neverdiebyanother,9.1.82.2161,paying for extras from an overpriced app glitchy not as user friendly as it should be for the price,19,2026-09-18,2026-09-14,0.9216,0.0714,0.007,negative,0.9216
Google Play,3e31345a-ddfe-4754-9711-5766556e02bd,2026-09-18 22:49:32,1,i don't know why i can not login with my account but i can login in with my old account pls do someting it never even give reason it just say someting went wrong and i show okey and i must do that instead they can give a reason,Yashetta Yash,,i don't know why i can not login with my account but i can login in with my old account pls do someting it never even give reason it just say someting went wrong and i show okey and i must do that instead they can give a reason,49,2026-09-18,2026-09-14,0.7859,0.1989,0.0151,negative,0.7859
Google Play,d3960db2-bbfb-4035-98a9-09a9ee5e76e8,2026-09-18 22:49:27,5,I love it sooo i could never let it gooo in the whole wide world you are the one for meee i love you soo (love you so),Rupsa Ghosh,9.1.80.2221,i love it sooo i could never let it gooo in the whole wide world you are the one for meee i love you soo love you so,28,2026-09-18,2026-09-14,0.0062,0.0089,0.9848,positive,0.9848
Google Play,7a351e2f-3ed5-42ed-a4bd-58f271afcce7,2026-09-18 22:47:43,1,What's the point of having Spotify if I can't listen to the song of my choice whenever I want as per my mood if I don't have premium. I believe the time when we were able to listen to the music whichever we wanted to with no limits but with certain conditions like we can't download and all was the best time. I believe we need to get the old Spotify back.,Ichha Shakti Dubey,,what's the point of having spotify if i can't listen to the song of my choice whenever i want as per my mood if i don't have premium i believe the time when we were able to listen to the music whichever we wanted to with no limits but with certain conditions like we can't download and all was the best time i believe we need to get the old spotify back,72,2026-09-18,2026-09-14,0.1292,0.43865,0.43205000000000005,neutral,0.4386
Google Play,2ae1db1e-9943-44b4-95f4-41d00867984c,2026-09-18 22:45:34,5,"I really enjoy this app. they have audiobooks and podcasts, along with music",Carla Jordan,,i really enjoy this app they have audiobooks and podcasts along with music,13,2026-09-18,2026-09-14,0.0019,0.0098,0.9884,positive,0.9884
Google Play,7f95738b-1971-4d7b-a659-60f0f4c9ca16,2026-09-18 22:39:05,5,my favourite,Mehmood Khan,9.1.80.2221,my favourite,2,2026-09-18,2026-09-14,0.0132,0.0581,0.9286,positive,0.9286
Google Play,083ed8dd-f10c-4b09-9a8b-2d3cf77b3bc5,2026-09-18 22:37:06,2,for some reason there are like 5 ads per ad break which is quite irritating along with the fact that i deleted my account because of personal reasons I tried making a new one one and a pop up shows i can login as my old account but when I try it's says it failed to do so and when I try creating a new account it it says it's says i still have my account and to login instead but when I try logging in it says my Gmail isn't linked to an account.,Colin O,9.1.82.2161,for some reason there are like 5 ads per ad break which is quite irritating along with the fact that i deleted my account because of personal reasons i tried making a new one one and a pop up shows i can login as my old account but when i try it's says it failed to do so and when i try creating a new account it it says it's says i still have my account and to login instead but when i try logging in it says my gmail isn't linked to an account,95,2026-09-18,2026-09-14,0.7903,0.201,0.0087,negative,0.7903
Google Play,2cf45cc0-2f1b-4e09-9bcb-1c95f4771f8d,2026-09-18 22:36:00,5,soo good,Nargiza Raxmatova,,soo good,2,2026-09-18,2026-09-14,0.0136,0.0534,0.9331,positive,0.9331
Google Play,1449ccb1-7e69-4908-b534-fd43a757849c,2026-09-18 22:31:25,5,Have had it for years. I like DJ feature more and more,nickie tee,9.1.80.2221,have had it for years i like dj feature more and more,12,2026-09-18,2026-09-14,0.0054,0.0782,0.9165,positive,0.9165
Google Play,16a3fafa-280d-4b94-a21c-3baa53d5cd5b,2026-09-18 22:28:51,2,"A legutóbbi frissítéssel bevezetett függőleges elrendezés nagyon zavaró, nem átlátható, kérjük vissza a régit az albumokkal, vagy lehetőséget, hogy a régit lehessen használni. Gondoljatok arra, hogy nem mindenki a Tiktok generáció tagja. Köszönöm szépen.",Gergely Bokros,,a legut bbi friss t ssel bevezetett f gg leges elrendez s nagyon zavar nem tl that k rj k vissza a r git az albumokkal vagy lehet s get hogy a r git lehessen haszn lni gondoljatok arra hogy nem mindenki a tiktok gener ci tagja k sz n m sz pen,53,2026-09-18,2026-09-14,0.0769,0.8206,0.1025,neutral,0.8206
Google Play,111ca891-b80a-4c1a-9ba5-035a149ae6eb,2026-09-18 22:28:08,1,"After 3 months using it, I just can't figure why people keep using this piece of misunderstanding... Judging the free version is easy, it misses evn most basic options, way worse than its main rival - you can't even find songs, it returns a bunch of useless playlists instead. But then I tried premium, and even there you're frustratingly restricted - I CAN find a song there (woow), but why do I have to listen to the whole album/discography of the artist?!! Next song AI matching is a joke, etcetc.",Ivan Grigorov,9.1.82.2161,after 3 months using it i just can't figure why people keep using this piece of misunderstanding judging the free version is easy it misses evn most basic options way worse than its main rival you can't even find songs it returns a bunch of useless playlists instead but then i tried premium and even there you're frustratingly restricted i can find a song there woow but why do i have to listen to the whole album discography of the artist next song ai matching is a joke etcetc,89,2026-09-18,2026-09-14,0.92685,0.0663,0.0069,negative,0.9268
Google Play,4d0cd87d-476c-40c2-83d3-fd45382c7e16,2026-09-18 22:28:06,4,It's very good app for me it's my personal observation,Abdul Qadeer,9.1.82.2161,it's very good app for me it's my personal observation,10,2026-09-18,2026-09-14,0.0037,0.0185,0.9777,positive,0.9777
Google Play,b438571d-5602-4498-affa-cc7d1347531a,2026-09-18 22:28:05,5,"kind of music.Go to the app and. see ? , ?",Antinolfi,9.0.62.622,kind of music go to the app and see,9,2026-09-18,2026-09-14,0.0154,0.9058,0.0788,neutral,0.9058
Google Play,279131c8-4cf5-492c-a570-64df586845c2,2026-09-18 22:27:20,5,blahblahblah good thing,THOMAIAMMAL Michael,,blahblahblah good thing,3,2026-09-18,2026-09-14,0.0144,0.0585,0.9271,positive,0.9271
Google Play,bf142e9d-23d1-4ec3-949c-473c7a7bccb7,2026-09-18 22:26:27,5,best aapp,Amit Mehra,9.1.82.2161,best aapp,2,2026-09-18,2026-09-14,0.0145,0.0504,0.9351,positive,0.9351
Google Play,04008dc4-070e-404c-b8bb-330393f83de9,2026-09-18 22:25:10,5,best song list,Dipawali Gedam,,best song list,3,2026-09-18,2026-09-14,0.0132,0.086,0.9008,positive,0.9008
Google Play,a4a13514-291c-4ee6-9a99-8f8c2e55ee34,2026-09-18 22:24:54,5,I want to listen and watch,Gideon Junior,9.1.82.2161,i want to listen and watch,6,2026-09-18,2026-09-14,0.0153,0.6337,0.351,neutral,0.6337
Google Play,c541ac80-fc47-4847-b740-cb314b84353e,2026-09-17 23:59:05,5,join spotify rate and continue listening the music marn lona,Lebogang Lebza,,join spotify rate and continue listening the music marn lona,10,2026-09-17,2026-09-14,0.0104,0.7353,0.2543,neutral,0.7353
Google Play,43b83f97-f61d-4dc6-8f50-4911ab6a9152,2026-09-17 23:57:54,1,You advertise it's for free then ask for money to play a song.,Jiki Samson,9.1.80.2221,you advertise it's for free then ask for money to play a song,13,2026-09-17,2026-09-14,0.5231,0.4492,0.0276,negative,0.5231
Google Play,7bbdd25f-cc80-47d4-bc95-064563129f48,2026-09-17 23:55:18,5,super except ads,Saisiva Nagayk,9.1.80.2221,super except ads,3,2026-09-17,2026-09-14,0.1815,0.6301,0.1885,neutral,0.6301
Google Play,23c486c4-0fe4-467c-863d-e2fefb51c5f2,2026-09-17 23:49:53,5,very d good music,Manju Lakhmani,,very d good music,4,2026-09-17,2026-09-14,0.0056,0.0306,0.9638,positive,0.9638
Google Play,31f0a3cf-67bf-4060-94c9-58d856b539a1,2026-09-17 23:49:32,5,best music app of all time,Robert Pinnell,9.1.82.2160,best music app of all time,6,2026-09-17,2026-09-14,0.0062,0.0355,0.9582,positive,0.9582
Google Play,8705dd64-55cd-4d13-9cbf-efe52fe1199c,2026-09-17 23:49:01,3,"Good app but too much ads, would definitely be better with less two ads",Cake,9.1.80.2221,good app but too much ads would definitely be better with less two ads,14,2026-09-17,2026-09-14,0.1015,0.1645,0.734,positive,0.734
Google Play,f994f90d-fbec-4439-b05f-7ca9d456e149,2026-09-17 23:36:19,5,i love this app...its amazing,Samie Chamz,8.9.4.304,i love this app its amazing,6,2026-09-17,2026-09-14,0.0065,0.0091,0.9843,positive,0.9843
Google Play,b0680ba3-bab4-4708-8d54-f893aaa1834e,2026-09-17 23:36:08,5,nice and my favourite app,Muhammad Hassan Asif,,nice and my favourite app,5,2026-09-17,2026-09-14,0.0044,0.0161,0.9795,positive,0.9795
Google Play,2542fc5e-7571-4e6d-ad3e-c7e2d86bea80,2026-09-17 23:27:56,5,love spotify!,Sean Malone,9.1.80.2221,love spotify,2,2026-09-17,2026-09-14,0.0035,0.015,0.9816,positive,0.9816
Google Play,64a3511f-064d-4bd2-bfca-b05d6ffc118e,2026-09-17 23:27:49,3,lts my first time let's see,Ali Nawaz,9.1.80.2221,lts my first time let's see,6,2026-09-17,2026-09-14,0.024,0.7109,0.2651,neutral,0.7109
Google Play,8cc482a8-2ac4-4062-bd3e-cf688b8a42e8,2026-09-17 23:26:25,1,"what the hell is this, Spotify.... you are forcing to unlock premiums. you stopped the free users to play the songs that we want. Even you stopped us to play the specific part of the song without premium and after this, it is not meant of listening songs anymore. i am thinking about to switch to another app if these types of restrictions will not be removed.😡😡😡",Tamanna Khatoon,9.1.80.2221,what the hell is this spotify you are forcing to unlock premiums you stopped the free users to play the songs that we want even you stopped us to play the specific part of the song without premium and after this it is not meant of listening songs anymore i am thinking about to switch to another app if these types of restrictions will not be removed,67,2026-09-17,2026-09-14,0.9088,0.08535,0.0059,negative,0.9088
Google Play,ce838070-ba9e-4dba-8bb2-e80f9be01ecd,2026-09-17 23:22:59,1,why the heck is there an audio listening limit when im already paying monthly?! stupid monetization choice and EXTREMELY anti consumer.,TheSunknNorwegian,9.1.80.2221,why the heck is there an audio listening limit when im already paying monthly stupid monetization choice and extremely anti consumer,21,2026-09-17,2026-09-14,0.9313,0.0627,0.0061,negative,0.9313
Google Play,cf7a3710-a142-46b0-a563-45dddc486d83,2026-09-17 23:19:47,5,loving the music,Nathan Brown,9.1.80.2221,loving the music,3,2026-09-17,2026-09-14,0.0051,0.0282,0.9666,positive,0.9666
Google Play,d5441d71-70dd-4535-9ae7-c6c5a3ca5b0e,2026-09-17 23:19:43,1,can't do anything without premium,lily,9.1.80.2221,can't do anything without premium,5,2026-09-17,2026-09-14,0.2339,0.6243,0.1418,neutral,0.6243
Google Play,51382a0b-9c00-4b41-811a-6a3b43184a12,2026-09-17 23:19:06,1,"I don't listen to podcasts or audiobooks on here, so it's quite annoying having them recommended to me constantly. Most mixes have been playing the same songs over and over a thousand times even though I haven't liked them, and usually skip them. ""Fitness for you"" videos on Spotify, are you kidding me.",pætur banan,9.1.80.2221,i don't listen to podcasts or audiobooks on here so it's quite annoying having them recommended to me constantly most mixes have been playing the same songs over and over a thousand times even though i haven't liked them and usually skip them fitness for you videos on spotify are you kidding me,53,2026-09-17,2026-09-14,0.6927000000000001,0.25355,0.0537,negative,0.6927
Google Play,a2f41b8b-0800-43a9-a8cf-67fd73f928a9,2026-09-17 23:19:06,5,without premium you can not enjoy spotify get spotify premium today😁😁😉,Kent Ayeni,9.1.80.2221,without premium you can not enjoy spotify get spotify premium today,11,2026-09-17,2026-09-14,0.0666,0.2945,0.6389,positive,0.6389
Google Play,fa4beee5-7d4e-4593-975f-1653e68b3a2c,2026-09-17 23:15:45,5,I music but I like run rabbit,Romerico Trompeta,,i music but i like run rabbit,7,2026-09-17,2026-09-14,0.0443,0.5748,0.3809,neutral,0.5748
Google Play,fb75126f-888f-4283-98ff-9444591f373f,2026-09-17 23:14:14,1,sewajarnya iklan aja anj. masa 2 lagu 5 iklan bangsat bgt gaya lu,Nabila Tusyita,9.1.76.2055,sewajarnya iklan aja anj masa 2 lagu 5 iklan bangsat bgt gaya lu,13,2026-09-17,2026-09-14,0.1207,0.8428,0.0365,neutral,0.8428
Google Play,b9f4802a-3179-4161-8370-9c34a4864e47,2026-09-17 23:13:41,1,App crashes trying to listen to old podcast episodes. When I scroll down the list of older episodes of a podcast the app freezes and crashes.,Nicholas Porretta (TheNickster15),5.5.0.16251,app crashes trying to listen to old podcast episodes when i scroll down the list of older episodes of a podcast the app freezes and crashes,26,2026-09-17,2026-09-14,0.8771,0.1151,0.0078,negative,0.8771
Google Play,e79259a6-f4a8-4894-af38-bf3764ecfc08,2026-09-17 23:12:21,5,I love this app very much 😇,SROTA Sarkar,,i love this app very much,6,2026-09-17,2026-09-14,0.0044,0.008,0.9875,positive,0.9875
Google Play,c85c962c-3367-4f10-ad8d-57b2ac425c26,2026-09-17 23:11:29,5,good song,Manjeet Singh,9.1.80.2221,good song,2,2026-09-17,2026-09-14,0.0146,0.08,0.9054,positive,0.9054
Google Play,51a8b720-74ef-45a4-9f44-0920ecd5a3fd,2026-09-17 23:09:28,5,best in the world,Azim,9.1.80.2221,best in the world,4,2026-09-17,2026-09-14,0.0176,0.0814,0.901,positive,0.901
Google Play,2e911d78-d734-418e-9606-21d89f84fd44,2026-09-17 23:05:37,1,a lot of glitches and ads,Smita Chouhan,9.1.80.2221,a lot of glitches and ads,6,2026-09-17,2026-09-14,0.8591,0.1294,0.0115,negative,0.8591
Google Play,de58f4e7-f417-4f8b-bf54-513ac2edf98e,2026-09-17 23:03:10,5,arbajkkha Vishal,Vishal Singh Koli,,arbajkkha vishal,2,2026-09-17,2026-09-14,0.0534,0.7914,0.1551,neutral,0.7914
Google Play,6b5ad5fa-3d16-4743-bc9e-5a86f57a7b29,2026-09-17 23:01:14,1,"Using this app back then but now it's greedy apps, everything need to unlock by money also just only hearing one song that we want it can't we need to subscribe, trash",fdch. exe,,using this app back then but now it's greedy apps everything need to unlock by money also just only hearing one song that we want it can't we need to subscribe trash,32,2026-09-17,2026-09-14,0.9168,0.0758,0.0074,negative,0.9168
Google Play,dd6e0945-f1b3-4398-aebf-f47429777cf3,2026-09-17 23:00:25,5,I enjoy music and I can choose any music I want to play,Alouis Nkgogo,9.1.80.2221,i enjoy music and i can choose any music i want to play,13,2026-09-17,2026-09-14,0.0041,0.0396,0.9563,positive,0.9563
Google Play,b855f4cf-58ec-4b5b-a260-f6c1f07b87f3,2026-09-17 22:59:50,5,Very effective music listening app.,anjana tyagi,9.1.80.2221,very effective music listening app,5,2026-09-17,2026-09-14,0.004,0.0437,0.9524,positive,0.9524
Google Play,7f531647-510e-4883-9a23-17db5636c114,2026-09-17 22:59:41,5,klip werf,Frikkie Greeff,9.0.84.1340,klip werf,2,2026-09-17,2026-09-14,0.3667,0.5738,0.0595,neutral,0.5738
Google Play,d9394e36-ec4a-4b71-a3e1-bd6f00f5e90c,2026-09-17 22:51:40,5,best music site in the world 😌🎧,Kajal Paul,9.1.80.2221,best music site in the world,6,2026-09-17,2026-09-14,0.0029,0.0157,0.9815,positive,0.9815
Google Play,ef277768-1652-4007-a8ee-b892e4e6f391,2026-09-17 22:49:59,5,love the app very much the quality of the app even the music sounds excellent,Tshepiso Siza Stephen Jnr. Bapela,9.1.80.2221,love the app very much the quality of the app even the music sounds excellent,15,2026-09-17,2026-09-14,0.0034,0.0078,0.9888,positive,0.9888
Google Play,791e1246-b47c-4c07-a50a-48eb85cd64a8,2026-09-17 22:45:39,5,the best game in the world it changed my life,Valentino Willemse,,the best game in the world it changed my life,10,2026-09-17,2026-09-14,0.0072,0.0128,0.98,positive,0.98
Google Play,0151210a-2566-4720-b8f2-a2c3b62b7b78,2026-09-17 22:43:03,5,Easy to use,Bill Altscheffel,9.1.80.2221,easy to use,3,2026-09-17,2026-09-14,0.0289,0.1969,0.7741,positive,0.7741
Google Play,bf932b3e-cd0d-4c87-8258-af289a63f35e,2026-09-17 22:42:57,5,Truly exceptional ⭐⭐⭐⭐⭐,Davidwest “Almeida Junior” Damiete,9.1.80.2221,truly exceptional,2,2026-09-17,2026-09-14,0.0062,0.024,0.9698,positive,0.9698
Google Play,116fdc58-a0d7-4be0-a5fb-e794742a8551,2026-09-17 22:41:45,5,it gets me music that I like and new play lists that I like,Oleg,9.1.80.2221,it gets me music that i like and new play lists that i like,14,2026-09-17,2026-09-14,0.0038,0.052,0.9442,positive,0.9442
Google Play,3f7b3845-9e8f-4a18-aa98-49500b7c8503,2026-09-17 22:40:02,1,bad for a non premium user,Arnav Mishra,,bad for a non premium user,6,2026-09-17,2026-09-14,0.8096,0.1792,0.0112,negative,0.8096
Google Play,7ed2944f-de02-4043-87a3-66a4cfebc761,2026-09-17 22:38:58,5,nice 👍 app wonderful we can save like song also,Lakhwinder Dhaliwal,9.1.58.1567,nice app wonderful we can save like song also,9,2026-09-17,2026-09-14,0.0046,0.0155,0.9799,positive,0.9799
Google Play,42b70a53-3099-4478-bb99-afdc63314085,2026-09-17 22:34:22,4,somtimes to many adds,ivy crago,9.1.80.2221,somtimes to many adds,4,2026-09-17,2026-09-14,0.264,0.6668,0.0692,neutral,0.6668
Google Play,ff9d40d3-5f02-420d-9d3b-45957d98397b,2026-09-17 22:31:03,5,all good,Trippy,9.1.72.1891,all good,2,2026-09-17,2026-09-14,0.0384,0.2262,0.7354,positive,0.7354
Google Play,cd3a0de7-9416-46b2-866f-294aa6be8bb8,2026-09-17 22:25:07,5,great ;D,Sebastian Chahal,9.1.80.2221,great d,2,2026-09-17,2026-09-14,0.0076,0.0213,0.9711,positive,0.9711
Google Play,0c790de1-39d4-42c6-acdb-c130116a0d30,2026-09-17 22:20:42,5,super sa bhi upare,shalini,9.1.80.2221,super sa bhi upare,4,2026-09-17,2026-09-14,0.0597,0.7495,0.1908,neutral,0.7495
Google Play,7d8bb978-7bcb-4a27-8c59-d85dfdcd9640,2026-09-17 22:19:15,5,"Love this app,but if I immediately do not click on other song an ad will be played immediately,there will be two of them,I have to wait until the both ad ends and then listen to the song,btw this app is good",Rafia10216 Aijaz,9.1.80.2221,love this app but if i immediately do not click on other song an ad will be played immediately there will be two of them i have to wait until the both ad ends and then listen to the song btw this app is good,45,2026-09-17,2026-09-14,0.0447,0.2313,0.724,positive,0.724
Google Play,dd60dddd-a426-423d-89c1-da33508c29d1,2026-09-17 22:18:52,1,very bad music app..🤧any time ads🤬...,Suhaib M,9.1.80.2221,very bad music app any time ads,7,2026-09-17,2026-09-14,0.9545,0.0395,0.006,negative,0.9545
Google Play,8af13628-d5dd-401a-abe0-aa147b02c328,2026-09-17 22:17:01,5,best app forever i really love this app for the letest songs and popular songs i always listen songs on this app,Ramej Sk,9.1.80.2221,best app forever i really love this app for the letest songs and popular songs i always listen songs on this app,22,2026-09-17,2026-09-14,0.0044,0.0091,0.9865,positive,0.9865
Google Play,7a4aa55c-bf36-4bce-96eb-ee46accef2aa,2026-09-17 22:14:56,5,music app,Ligia Almeida,9.1.68.1888,music app,2,2026-09-17,2026-09-14,0.0469,0.6905,0.2626,neutral,0.6905
Google Play,acadda85-c079-494a-8661-9ee74b330d6e,2026-09-16 23:54:06,5,Great app. This is the best song app I know of. It has all of the podcasts,Samuel Kumar Sundaram,,great app this is the best song app i know of it has all of the podcasts,17,2026-09-16,2026-09-14,0.0039,0.0098,0.9862,positive,0.9862
Google Play,7db9a9bc-94e8-4a50-821a-6afafbfbb980,2026-09-16 23:53:42,4,why do I have to pay to be able to freaking skip and go back to a song oh and to repeat a song to?😭,Yam Dawit,9.1.80.2221,why do i have to pay to be able to freaking skip and go back to a song oh and to repeat a song to,25,2026-09-16,2026-09-14,0.8921,0.0992,0.0087,negative,0.8921
Google Play,eae62b66-2fb9-4ab7-be4e-bc5809261620,2026-09-16 23:50:59,5,peter Peterkitanda sandila21Kitanda,Peter Peter,9.1.80.2221,peter peterkitanda sandila21kitanda,3,2026-09-16,2026-09-14,0.0205,0.7753,0.2042,neutral,0.7753
Google Play,477d29de-fbbb-4a97-a8c1-9e23a2404fdb,2026-09-16 23:49:53,4,Good for music,Chibuzor Daniel,9.1.78.2218,good for music,3,2026-09-16,2026-09-14,0.0078,0.0828,0.9094,positive,0.9094
Google Play,ecdb8cb1-3d4a-40ed-b339-c505a6bedafa,2026-09-16 23:43:28,4,Excellent selection.,Albert Wolf,9.1.80.2221,excellent selection,2,2026-09-16,2026-09-14,0.01,0.0415,0.9485,positive,0.9485
Google Play,48196e76-c01e-4a55-8f5e-092f2da6f054,2026-09-16 23:39:38,5,Luv Spotify,Daddio Magnifico,9.1.80.2221,luv spotify,2,2026-09-16,2026-09-14,0.0117,0.0627,0.9255,positive,0.9255
Google Play,251f2ec7-8835-4082-ba77-a6d4a8314e15,2026-09-16 23:37:17,1,soo bad app it gives more ads than other apps,Ankit Raj,9.1.62.1601,soo bad app it gives more ads than other apps,10,2026-09-16,2026-09-14,0.9475,0.0465,0.006,negative,0.9475
Google Play,b546592f-ccb8-40c2-bc9f-d8cef53837ed,2026-09-16 23:36:12,1,I hate the fact that you need premium Even for the most useless thing's like to repeat a song. I would not recommend it,Aphiwe Sibanda,9.1.80.2221,i hate the fact that you need premium even for the most useless thing's like to repeat a song i would not recommend it,24,2026-09-16,2026-09-14,0.9415,0.0521,0.0065,negative,0.9415
Google Play,26f67e53-16f4-496d-8dc8-ea4ce23b36c7,2026-09-16 23:35:30,1,most worst app i have ever used. i got add after every song. they just want all users to buy premium thats all,Jarmandeep Singh Sidhu,9.1.80.2221,most worst app i have ever used i got add after every song they just want all users to buy premium thats all,23,2026-09-16,2026-09-14,0.9358,0.0576,0.0066,negative,0.9358
Google Play,28923698-661f-405b-af50-2876aa5ffce3,2026-09-16 23:34:18,5,I've never been able to come up with a play list before and had hard time finding songs due to not knowing the actual name of song or artist but with y'all's app its made easy,Lisa Pardue,9.1.80.2221,i've never been able to come up with a play list before and had hard time finding songs due to not knowing the actual name of song or artist but with y'all's app its made easy,36,2026-09-16,2026-09-14,0.3308,0.4874,0.1818,neutral,0.4874
Google Play,0b54fbd5-a2cc-4a0b-84be-9c0495740734,2026-09-16 23:29:02,1,i would love to know why i have a premium account but still have to hear ads on the app.,Sonia Silva,9.1.80.2221,i would love to know why i have a premium account but still have to hear ads on the app,20,2026-09-16,2026-09-14,0.8217,0.1676,0.0107,negative,0.8217
Google Play,c7eabe50-1c7f-4a8f-80ab-2a1f44ba4e19,2026-09-16 23:25:58,4,Too much Ad...,Aishwarya Deep,,too much ad,3,2026-09-16,2026-09-14,0.3933,0.5415,0.0653,neutral,0.5415
Google Play,ba773a2e-7e47-41f3-b17f-1f91379e6ac2,2026-09-16 23:23:29,1,less music... more ads ..,Kshitij Khandekar,9.1.80.2221,less music more ads,4,2026-09-16,2026-09-14,0.6196,0.3526,0.0277,negative,0.6196
Google Play,5c91a897-96ed-4581-92b2-afc027302666,2026-09-16 23:20:54,5,best and the quality,Goofy Boy,9.1.80.2221,best and the quality,4,2026-09-16,2026-09-14,0.0281,0.2592,0.7126,positive,0.7126
Google Play,6b9537de-c81b-4f7b-91f6-fdf7a921a8a2,2026-09-16 23:17:10,3,keeps crashing,Amy Conneely,9.1.80.2221,keeps crashing,2,2026-09-16,2026-09-14,0.6971,0.2567,0.0462,negative,0.6971
Google Play,9e8ea1ef-d436-421c-ab09-772abc6e1030,2026-09-16 23:17:08,4,ain't no complaints.,Luthando Mhlahlo,9.1.80.2221,ain't no complaints,3,2026-09-16,2026-09-14,0.1218,0.5169,0.3613,neutral,0.5169
Google Play,f04e0e67-e9b6-4e1d-a499-e33db09890ee,2026-09-16 23:15:56,1,terrible customer service! literally having the worst time ever trying to relieve the service that I paid for.,Colten Moore,9.1.80.2221,terrible customer service literally having the worst time ever trying to relieve the service that i paid for,18,2026-09-16,2026-09-14,0.9542,0.0393,0.0065,negative,0.9542
Google Play,3a993c35-cb68-4fce-8ece-4175869b0f8c,2026-09-16 23:13:42,5,best ever,Will Espinoza,9.1.80.2221,best ever,2,2026-09-16,2026-09-14,0.0163,0.0854,0.8982,positive,0.8982
Google Play,54873022-a8d4-42c0-adc0-5a3741ad5d29,2026-09-16 23:13:19,5,stress buster,Dinesh_AQUA_CHENNAI,9.1.80.2221,stress buster,2,2026-09-16,2026-09-14,0.5673,0.3592,0.0735,negative,0.5673
Google Play,1d3df3be-57e0-4bac-b68b-eb6429e6f81b,2026-09-16 23:11:08,5,premium thisuko bro baguntundhi,Balu,9.1.78.2218,premium thisuko bro baguntundhi,4,2026-09-16,2026-09-14,0.0468,0.7695,0.1837,neutral,0.7695
Google Play,d6e65702-13c2-4b58-a444-f6d475642fc9,2026-09-16 23:09:12,5,good my healer,Thanga Rithika,9.1.80.2221,good my healer,3,2026-09-16,2026-09-14,0.0264,0.1161,0.8575,positive,0.8575
Google Play,0e393b1a-c799-4cd6-98e2-92087c04e289,2026-09-16 23:08:37,5,I'm using only spotify almost 5 years to listen all type of music. Easy and cheap to subscribe packages,Mohana Priya,9.1.80.2221,i'm using only spotify almost 5 years to listen all type of music easy and cheap to subscribe packages,19,2026-09-16,2026-09-14,0.0086,0.1743,0.8171,positive,0.8171
Google Play,4866ebd0-0d6f-45bd-8005-e5a9166dc4f8,2026-09-16 23:05:23,1,"No premium = no freedom worst music app ever build, this app restricts basic music player features can not hear the the song we want can not change as we want thousands of ads after every song can not control the time line even VLC is better than this they let use control what and how we want to listen",Jatin Thakor,,no premium no freedom worst music app ever build this app restricts basic music player features can not hear the the song we want can not change as we want thousands of ads after every song can not control the time line even vlc is better than this they let use control what and how we want to listen,59,2026-09-16,2026-09-14,0.76555,0.2235,0.01095,negative,0.7655
Google Play,d45352e9-8e39-4887-aaf4-44eda7bfb2d9,2026-09-16 23:05:11,5,love it but YouTube lets your speakers go louder,Carl Phillip Paul,9.1.80.2221,love it but youtube lets your speakers go louder,9,2026-09-16,2026-09-14,0.0069,0.0526,0.9406,positive,0.9406
Google Play,5dfbca78-dac7-46b5-9ed5-5ca375fa23ab,2026-09-16 23:04:46,5,"I can do my own ""thang"" with what I love listening to.",Teresa Murphy Mills,9.1.80.2221,i can do my own thang with what i love listening to,12,2026-09-16,2026-09-14,0.0047,0.0925,0.9028,positive,0.9028
Google Play,79925ab5-4ca4-4cb4-ae7b-77f14b4b749a,2026-09-16 23:04:21,1,to much ad,Jaydeep Barman,9.1.80.2221,to much ad,3,2026-09-16,2026-09-14,0.334,0.5328,0.1332,neutral,0.5328
Google Play,01a93252-c52e-4b9b-b646-ffa319a34ad3,2026-09-16 23:04:08,4,I enjoy it if I have premium but I wish the prices were lower otherwise it's amazing I'd say,Drishti Hagjer,9.1.80.2221,i enjoy it if i have premium but i wish the prices were lower otherwise it's amazing i'd say,19,2026-09-16,2026-09-14,0.0182,0.0745,0.9073,positive,0.9073
Google Play,05264be0-fc4c-4b99-949d-7cf4a68163f4,2026-09-16 23:02:37,5,My go to music app!! I love everything ❤️ 💗 💕 about Spotify!!,Sherrie Smart,9.1.82.2160,my go to music app i love everything about spotify,10,2026-09-16,2026-09-14,0.0037,0.0064,0.9899,positive,0.9899
Google Play,98c97001-9df7-4857-8588-00fac2b4dab3,2026-09-16 23:00:24,1,Can't even rewind in the song without premium. What a premium feature.,Saurav Mishra,9.1.80.2221,can't even rewind in the song without premium what a premium feature,12,2026-09-16,2026-09-14,0.2213,0.5064,0.2723,neutral,0.5064
Google Play,e03e4a64-a6d8-4576-b7ae-23fbb86658d7,2026-09-16 23:00:18,4,very good app but !! but !! too much ads !!!!!!! that why I cut 1 star,MR ISMAIL,9.1.80.2221,very good app but but too much ads that why i cut 1 star,14,2026-09-16,2026-09-14,0.7306,0.1824,0.087,negative,0.7306
Google Play,67841abd-ddf1-43dc-a69e-4d1c4348d160,2026-09-16 22:59:35,4,"i wish the auto shuffle thing was completely removed, i find it kind of useless to listen to music if u dont get to choose it, other than that great app!",Emma,9.1.82.2160,i wish the auto shuffle thing was completely removed i find it kind of useless to listen to music if u dont get to choose it other than that great app,31,2026-09-16,2026-09-14,0.8614,0.1186,0.02,negative,0.8614
Google Play,935c3e0a-6ecd-4198-8544-7434ef289f1e,2026-09-16 22:59:08,5,exceptional music app,Okello Brian,9.1.80.2221,exceptional music app,3,2026-09-16,2026-09-14,0.009,0.0854,0.9056,positive,0.9056
Google Play,2b55698c-e087-49ab-a073-a96aa09fca25,2026-09-16 22:58:26,5,love com vid eo,Cenzii Jux,9.0.78.1116,love com vid eo,4,2026-09-16,2026-09-14,0.0371,0.6021,0.3608,neutral,0.6021
Google Play,5c01805f-c7df-4f22-8a9c-c2ca3ad01406,2026-09-16 22:56:12,1,too much ads,FATIMA .,9.1.80.2221,too much ads,3,2026-09-16,2026-09-14,0.7815,0.1951,0.0233,negative,0.7815
Google Play,ad783afe-49e8-4673-bc67-d028db386f57,2026-09-16 22:55:47,3,Easy to use but so many adds if your broke like me. I listen to music while doing school and the similar songs thing always ruins my focus. If they could fix that then it's 5 stars but the fact that I need to spend money that I don't have is an annoyance especially for the features to decrease exponentially.,Gabriella Rodriguez-Hahn,9.1.80.2221,easy to use but so many adds if your broke like me i listen to music while doing school and the similar songs thing always ruins my focus if they could fix that then it's 5 stars but the fact that i need to spend money that i don't have is an annoyance especially for the features to decrease exponentially,60,2026-09-16,2026-09-14,0.8547,0.1311,0.0142,negative,0.8547
Google Play,dbe1a529-29f0-42f7-a7b7-7caea652438f,2026-09-16 22:55:01,1,they added fade between tracks. maybe some people like it. I can't stand it. directions for turning it off lead to buttons that don't exist,Tyrell Nelson,9.1.80.2221,they added fade between tracks maybe some people like it i can't stand it directions for turning it off lead to buttons that don't exist,25,2026-09-16,2026-09-14,0.8899,0.1021,0.008,negative,0.8899
Google Play,4b362c88-6dd1-4275-adba-96f7bf71bf5c,2026-09-16 22:54:58,2,"why is my Spotify only playing 5 songs then stopping???? EDIT - Tried restarting the device, still happening",Jono Leahy,9.1.82.2160,why is my spotify only playing 5 songs then stopping edit tried restarting the device still happening,17,2026-09-16,2026-09-14,0.8515,0.1388,0.0097,negative,0.8515
Google Play,74431fe6-e447-4dc5-9f7e-0cb57a7c2d64,2026-09-16 22:54:49,5,good music good experience,Matibidi Samuel,9.1.76.2055,good music good experience,4,2026-09-16,2026-09-14,0.0066,0.0216,0.9718,positive,0.9718
Google Play,867da4c1-4bfc-42b9-b248-d36f2383829e,2026-09-16 22:54:44,5,this app is my part of life,Isarat Ali,9.1.42.2058,this app is my part of life,7,2026-09-16,2026-09-14,0.0095,0.0958,0.8948,positive,0.8948
Google Play,b66f56f9-ba80-4b66-9fdc-b4d2d03ac310,2026-09-16 22:52:06,4,pretty easy to sign up and access.,Marian Manning,9.1.2.1253,pretty easy to sign up and access,7,2026-09-16,2026-09-14,0.0099,0.4288,0.5612,positive,0.5612
Google Play,38f45b08-9712-4c14-9438-ed3670d1125a,2026-09-16 22:49:47,5,"it is a very good tool to listen music .there is no other app like this i fond no app like this on whole app store but,i reccomend that app should provide a option to download song so that the music music can be continued even in absence of internet secondly I also recommend that the app has a feature that the music will be off automatically if it kept on for an hour this will help. in the case of playing music at night while sleeping However, it is a very good app for listening music in hin",Devesh,9.1.78.2218,it is a very good tool to listen music there is no other app like this i fond no app like this on whole app store but i reccomend that app should provide a option to download song so that the music music can be continued even in absence of internet secondly i also recommend that the app has a feature that the music will be off automatically if it kept on for an hour this will help in the case of playing music at night while sleeping however it is a very good app for listening music in hin,100,2026-09-16,2026-09-14,0.006266666666666667,0.17876666666666666,0.8149666666666667,positive,0.815
Google Play,1313d624-ee97-40ce-a79b-5aa4132aca48,2026-09-16 22:45:43,4,Spotify team/mgmt I would love a glass ios slides and themes and buttons😍😍,Maroof Mohamed,9.1.80.2221,spotify team mgmt i would love a glass ios slides and themes and buttons,14,2026-09-16,2026-09-14,0.005,0.0292,0.9658,positive,0.9658
Google Play,7ba5990b-28a5-4008-ad2f-87ce17332375,2026-09-16 22:42:59,5,"I play it while I'm outside working, and it's like my old transistor radio.",Michael Raymond,9.1.80.2221,i play it while i'm outside working and it's like my old transistor radio,14,2026-09-16,2026-09-14,0.0131,0.4645,0.5224,positive,0.5224
Google Play,f9384554-5916-4c74-b2a9-239920e70b32,2026-09-16 22:40:34,5,I REALLY LOVE SPOTIFY! I HOPE THEY MAKE MORE EVENT THIS YEARS !!!,Damia Norsiah,9.1.82.2160,i really love spotify i hope they make more event this years,12,2026-09-16,2026-09-14,0.0043,0.0093,0.9864,positive,0.9864
Google Play,36972c75-ce21-4a7c-9bf9-2bb8016f9934,2026-09-16 22:40:24,5,me 5 start de rha hu par ad mat laya karo please laya karo par thoda kam please 🥺🙏🏿❤️,Krishna Chaudhary,,me 5 start de rha hu par ad mat laya karo please laya karo par thoda kam please,18,2026-09-16,2026-09-14,0.0182,0.2478,0.734,positive,0.734
Google Play,ba38c542-42fc-46e5-ad10-7513638cd6e4,2026-09-16 22:40:04,5,Thoroughly enjoying Spotify!,Chris Bryant,9.1.80.2221,thoroughly enjoying spotify,3,2026-09-16,2026-09-14,0.0031,0.0113,0.9855,positive,0.9855
Google Play,210eb304-550c-4bd2-a2be-77cd67300f18,2026-09-16 22:39:50,2,The app would be so much better if it werent for the amount of ads. 2 ads after every song. So many restrictions. It's insufferable.,S Deshmukh,9.1.80.2221,the app would be so much better if it werent for the amount of ads 2 ads after every song so many restrictions it's insufferable,25,2026-09-16,2026-09-14,0.8625,0.1133,0.0242,negative,0.8625
Google Play,40cbd48e-e4e9-4da4-b769-b1aba9ba8323,2026-09-16 22:39:45,1,sick greedy bastards. now I CANT CHOOSE THE SONGS I WANT TO LISTEN TO? too far spotify. to damn far. i used to like app but now its nothing more than an app BEGGING to buy the premium version.,Anna Maligmat,,sick greedy bastards now i cant choose the songs i want to listen to too far spotify to damn far i used to like app but now its nothing more than an app begging to buy the premium version,39,2026-09-16,2026-09-14,0.9519,0.0427,0.0054,negative,0.9519
Google Play,a0a68001-f31c-4bca-b172-1cfe1f2ddb5a,2026-09-15 23:59:36,4,did a fresh reinstall as suggested by the team and so far the app is working. Thank you for the quick response. Will update again if problems appear again.,Steve Schumacher,,did a fresh reinstall as suggested by the team and so far the app is working thank you for the quick response will update again if problems appear again,29,2026-09-15,2026-09-14,0.008,0.1617,0.8303,positive,0.8303
Google Play,4e9fd2a9-ac46-4583-9ab9-155b7ce04708,2026-09-15 23:57:07,5,Spotify is the best app to listen to high quality music. and gives a different vibe than other apps.,Muhammad Abdulrehman Cheema,9.1.80.2221,spotify is the best app to listen to high quality music and gives a different vibe than other apps,19,2026-09-15,2026-09-14,0.0038,0.0166,0.9796,positive,0.9796
Google Play,64c60fef-814a-4aaa-88e4-04513b43e62e,2026-09-15 23:56:02,5,This site has all the music that I requested. This is a great site.,Terrence Kelly,9.1.80.2221,this site has all the music that i requested this is a great site,14,2026-09-15,2026-09-14,0.0025,0.0118,0.9857,positive,0.9857
Google Play,4d59683a-5583-4f0d-b8e9-ecca317df518,2026-09-15 23:48:07,5,premium is so worth it I'm not gone hold you. the ads on the podcasts don't go away just cus you got premium for me but I don't listen to podcasts or episodes just music so its definitely worth getting premium considering the different features that come with it.,Isaiah Bargas,9.1.80.2221,premium is so worth it i'm not gone hold you the ads on the podcasts don't go away just cus you got premium for me but i don't listen to podcasts or episodes just music so its definitely worth getting premium considering the different features that come with it,49,2026-09-15,2026-09-14,0.0188,0.1461,0.8351,positive,0.8351
Google Play,e2f9fc98-81b5-4637-95b4-b46e9d2e1a0a,2026-09-15 23:46:34,4,"the app icon is not showing on the app list, every time I have to go playstore to open this",Ankit Sharma,9.1.80.2221,the app icon is not showing on the app list every time i have to go playstore to open this,20,2026-09-15,2026-09-14,0.655,0.3262,0.0189,negative,0.655
Google Play,431cd17a-d41f-4aed-aae7-514732dbe574,2026-09-15 23:43:20,1,bad experience fully add not interested this app,Nithin Vishnu,9.1.60.1970,bad experience fully add not interested this app,8,2026-09-15,2026-09-14,0.9162,0.0723,0.0114,negative,0.9162
Google Play,7dbf75cd-5a67-40ca-a71f-a2cd85416876,2026-09-15 23:42:06,5,"love it, if there's no WiFi it saves the songs for you",Claire Eaton,9.1.80.2221,love it if there's no wifi it saves the songs for you,12,2026-09-15,2026-09-14,0.0118,0.0812,0.907,positive,0.907
Google Play,791079cc-f247-44b1-835d-05fae124f0f2,2026-09-15 23:40:53,5,very good for music,Shaurya Tab,9.1.80.2221,very good for music,4,2026-09-15,2026-09-14,0.0063,0.0572,0.9365,positive,0.9365
Google Play,7a6d9be1-5af0-41b1-b572-d8af6b149001,2026-09-15 23:37:53,5,amazing app,Massimo Samdal,,amazing app,2,2026-09-15,2026-09-14,0.0107,0.0306,0.9587,positive,0.9587
Google Play,36eb9804-cbd7-4ba9-aa6b-c8b8741f53d4,2026-09-15 23:31:40,4,very good mood of song on,KIRAN DUPATI,9.1.80.2221,very good mood of song on,6,2026-09-15,2026-09-14,0.0039,0.0269,0.9692,positive,0.9692
Google Play,ec5e5b61-ce64-4647-8b78-c170f5ff8da5,2026-09-15 23:24:42,5,exactly as described highly recommend getting premium tho,Gloria Bell,9.1.80.2221,exactly as described highly recommend getting premium tho,8,2026-09-15,2026-09-14,0.0205,0.2935,0.686,positive,0.686
Google Play,ebcb94ea-d0ef-47ff-95d2-6eeb2f2f44aa,2026-09-15 23:24:19,2,Buggy. Goes offline for no reason. Fails to connect to devices and sometimes connects for no reason.,Jacob Kohl,9.1.80.2221,buggy goes offline for no reason fails to connect to devices and sometimes connects for no reason,17,2026-09-15,2026-09-14,0.9014,0.0892,0.0094,negative,0.9014
Google Play,2e962dff-35b1-455b-9b4f-a5beae1b63f0,2026-09-15 23:18:43,5,happy journey,Venkat Venkat goud,,happy journey,2,2026-09-15,2026-09-14,0.0102,0.0513,0.9385,positive,0.9385
Google Play,7f9f7a99-250a-4f3d-8fd0-41fb3576d1c1,2026-09-15 23:13:48,5,soooo goood,rohith ramkumar,9.1.80.2221,soooo goood,2,2026-09-15,2026-09-14,0.0193,0.0867,0.894,positive,0.894
Google Play,e345aef2-8982-401d-902a-0627fdb40f13,2026-09-15 23:12:48,5,better than an app where we listen to ads more than music,syed rahamthulla,9.1.80.2221,better than an app where we listen to ads more than music,12,2026-09-15,2026-09-14,0.4956,0.4528,0.0516,negative,0.4956
Google Play,4cfa42ce-6b5c-4d3f-85dd-4f2f96385c9a,2026-09-15 23:12:34,2,"App stopped working. ""something went wrong, try again? "" Lists are empty. I don't know if I've pressed something in error or what.. Widget is problematic. Takes forever to update and stalls when you haven't used Spotify in a day. Ads after every 2 plays.",Zee D,9.1.80.2221,app stopped working something went wrong try again lists are empty i don't know if i've pressed something in error or what widget is problematic takes forever to update and stalls when you haven't used spotify in a day ads after every 2 plays,44,2026-09-15,2026-09-14,0.9334,0.0616,0.005,negative,0.9334
Google Play,65efbba0-02b4-4eb9-9b15-041b33dca567,2026-09-15 23:12:02,3,"I enjoy the free version of Spotify more now, ever since they phased out most of the monologs/dialogs about how much they enjoy Spotify or certain features, as I found the intonation quite annoying. However, I don't recommend ads with videos, as my phone's RAM capacity is already limited as it is, so often causes Spotify or the System UI to crash.",James Suryo Kriner,9.1.80.2221,i enjoy the free version of spotify more now ever since they phased out most of the monologs dialogs about how much they enjoy spotify or certain features as i found the intonation quite annoying however i don't recommend ads with videos as my phone's ram capacity is already limited as it is so often causes spotify or the system ui to crash,63,2026-09-15,2026-09-14,0.45994999999999997,0.25535,0.28464999999999996,negative,0.46
Google Play,2e7fc447-4e17-4221-8754-740c93ecf1c1,2026-09-15 23:07:41,1,bekar app ek song bajne ke baad add ara hai,Omprakash Mohanty,9.1.80.2221,bekar app ek song bajne ke baad add ara hai,10,2026-09-15,2026-09-14,0.1811,0.7716,0.0473,neutral,0.7716
Google Play,f1de3f43-ac55-4c7f-974d-022cb5f5be2f,2026-09-15 23:07:38,1,"The free version is complete trash now can't skip without ads, can't play albums in order, constant popups for premium, and they have even stopped you from playing your ""liked"" songs. I mean, how could you stop us from playing our favorite song. So what's the point of this app again? It's better to listen to the radio, at least they play the latest songs. The app is total trash now. I'm planning to switch. Far better options in free version",Sunanda Sonawane,9.1.80.2221,the free version is complete trash now can't skip without ads can't play albums in order constant popups for premium and they have even stopped you from playing your liked songs i mean how could you stop us from playing our favorite song so what's the point of this app again it's better to listen to the radio at least they play the latest songs the app is total trash now i'm planning to switch far better options in free version,81,2026-09-15,2026-09-14,0.9128000000000001,0.0791,0.0081,negative,0.9128
Google Play,65cdac4b-f847-4a67-90ca-35d7de4b7393,2026-09-15 23:00:58,2,here lately it has deleting channels ive been listening to or will say there is no music in that channel.,Christopher Phillips,9.1.80.2221,here lately it has deleting channels ive been listening to or will say there is no music in that channel,20,2026-09-15,2026-09-14,0.6076,0.3783,0.0141,negative,0.6076
Google Play,7ae222e4-6c26-45bd-b281-4e83284c9cd4,2026-09-15 22:59:05,2,Drastically low volume compared to other music apps or Youtube. Volume on my Oneplus Tab is drastically lower when using Spotify almost at level 1 even when volume is set to max. I have tried volume normalisation and loud preset.. even uninstalled and installed again but the problem is still persistent. I am on latest firmware. Even playing on bluetooth speaker is much lower. I can't find anything related to low volume issue on community too I am a premium subscriber please resolve this issue.,Ayush Rawat,9.1.80.2221,drastically low volume compared to other music apps or youtube volume on my oneplus tab is drastically lower when using spotify almost at level 1 even when volume is set to max i have tried volume normalisation and loud preset even uninstalled and installed again but the problem is still persistent i am on latest firmware even playing on bluetooth speaker is much lower i can't find anything related to low volume issue on community too i am a premium subscriber please resolve this issue,85,2026-09-15,2026-09-14,0.7096,0.2641,0.0263,negative,0.7096
Google Play,3807fcc7-a2c0-47fb-a322-5169413b296b,2026-09-15 22:52:21,1,"2019 5 star review gone bro. the algorithm no longer is made for you to discover new songs alike to your taste, seems more interested in keeping you from leaving to another app, and their strategy has changed from an actually good recommendation system, to filling the entire radio with corporate tasteless songs with literally no relationship, nor in genre or style, to the song you put on the radio in the first place.",Dave Del Angel,9.1.80.2221,2019 5 star review gone bro the algorithm no longer is made for you to discover new songs alike to your taste seems more interested in keeping you from leaving to another app and their strategy has changed from an actually good recommendation system to filling the entire radio with corporate tasteless songs with literally no relationship nor in genre or style to the song you put on the radio in the first place,74,2026-09-15,2026-09-14,0.7779666666666666,0.206,0.016066666666666667,negative,0.778
Google Play,edbd1349-f440-4120-8146-481aec632e2d,2026-09-15 22:47:31,5,1st time...still learning to use it...,A Google user,9.1.80.2221,1st time still learning to use it,7,2026-09-15,2026-09-14,0.0583,0.743,0.1987,neutral,0.743
Google Play,dd4c7268-903a-4862-bcb7-4891f1fae51a,2026-09-15 22:46:48,5,I want enlighte public and individuals the problem of our political today,Abdul Majeed Gmail comes.,,i want enlighte public and individuals the problem of our political today,12,2026-09-15,2026-09-14,0.1838,0.7478,0.0684,neutral,0.7478
Google Play,baedee8a-afa1-476f-9bbe-d744257b5aa7,2026-09-15 22:45:08,4,great love it,martyn simpson,9.1.80.2221,great love it,3,2026-09-15,2026-09-14,0.0081,0.0212,0.9707,positive,0.9707
Google Play,362a42d8-af74-4437-a172-7bb3d6e565c0,2026-09-15 22:43:59,2,"• AI is NOT art - music is art and AI shouldn't be in a creative space like that, AI songs trending on #1 without a single AI tag • terrible on mobile if you don't have premium • ads ads ads ads ads • just use free music apps that offer more variety for both music and videos... • did I mention ads before • loading anything takes forever",Sookie Yamo,,ai is not art music is art and ai shouldn't be in a creative space like that ai songs trending on 1 without a single ai tag terrible on mobile if you don't have premium ads ads ads ads ads just use free music apps that offer more variety for both music and videos did i mention ads before loading anything takes forever,63,2026-09-15,2026-09-14,0.8206500000000001,0.16899999999999998,0.01035,negative,0.8207
Google Play,350c1454-53d0-4673-98e7-166bea69da89,2026-09-15 22:43:47,5,how can i play the music while offline,Anam Alex,9.1.80.2221,how can i play the music while offline,8,2026-09-15,2026-09-14,0.0811,0.8828,0.0362,neutral,0.8828
Google Play,127f0376-1c06-42ba-b423-e9cccebcb1f9,2026-09-15 22:40:56,2,"I can't follow someone I know in Spotify, How many times do I press the follow button, but it doesn't respond to following.",vixe,9.1.80.2221,i can't follow someone i know in spotify how many times do i press the follow button but it doesn't respond to following,23,2026-09-15,2026-09-14,0.7264,0.2623,0.0113,negative,0.7264
Google Play,94ceaa3e-0bb6-4592-ba45-e4659081305a,2026-09-15 22:40:37,5,this is best app ☺️☺️,Hajira Fatima,9.1.78.2218,this is best app,4,2026-09-15,2026-09-14,0.0058,0.0095,0.9848,positive,0.9848
Google Play,8c888054-f719-4f2a-a726-73bb8f59df1e,2026-09-15 22:29:05,4,it is good,Sachin Sijapatu,,it is good,3,2026-09-15,2026-09-14,0.0121,0.1009,0.887,positive,0.887
Google Play,b138a86b-5716-4f5d-bc0e-5a3613d7cb08,2026-09-15 22:25:17,5,I wish you are a female I would has ask you out because am in love with Spotify!!!,Uloks Sunny,9.1.80.2221,i wish you are a female i would has ask you out because am in love with spotify,18,2026-09-15,2026-09-14,0.0125,0.0528,0.9348,positive,0.9348
Google Play,db573575-3a25-43f6-8d24-1d52dbe2f775,2026-09-15 22:21:32,4,"if there were less commercials, I would give a 5 star rating. Great music though",Raymond Carter,9.1.80.2221,if there were less commercials i would give a 5 star rating great music though,15,2026-09-15,2026-09-14,0.0162,0.0799,0.9039,positive,0.9039
Google Play,336a46e1-4b68-42d2-80c5-576c013df0bb,2026-09-15 22:18:44,5,its all good songs I listen to.,RichNorma Albert,9.1.82.2160,its all good songs i listen to,7,2026-09-15,2026-09-14,0.0037,0.0395,0.9567,positive,0.9567
Google Play,6db72300-ad2d-42ef-a2fc-24013d59f2da,2026-09-15 22:16:01,5,"Absolutely amazing 🤩. I love listening to music on this app as I don't really have to browse the newest hits on Google because I can just find it here. And even though ads are many, this still remains to be my favorite app.",Kenny Hudson,,absolutely amazing i love listening to music on this app as i don't really have to browse the newest hits on google because i can just find it here and even though ads are many this still remains to be my favorite app,43,2026-09-15,2026-09-14,0.005,0.0133,0.9817,positive,0.9817
Google Play,6405ed74-9f8d-45c0-b4e2-fa9fca36932b,2026-09-15 22:14:47,5,"The more you use this app the better it seems to get as it starts to recognize the types, genres, and music sound combinations you prefer. Then it will accommodate you better to find more music you may like based on your previous choices.",D,9.1.80.2221,the more you use this app the better it seems to get as it starts to recognize the types genres and music sound combinations you prefer then it will accommodate you better to find more music you may like based on your previous choices,44,2026-09-15,2026-09-14,0.005,0.0914,0.9036,positive,0.9036
Google Play,cea4557d-7fda-47de-a6d3-d7885bdfe3fc,2026-09-15 22:11:28,1,Yaha desh mai khane k laale pde h aur wo log kya gane sunne k liye premium subscription lenge wo bhi add htane k liye you should reduce add duration or increase the no of songs after a ad,Rishi Gour,9.1.78.2218,yaha desh mai khane k laale pde h aur wo log kya gane sunne k liye premium subscription lenge wo bhi add htane k liye you should reduce add duration or increase the no of songs after a ad,39,2026-09-15,2026-09-14,0.2888,0.6777,0.0335,neutral,0.6777
Google Play,56b8edf4-d026-4184-b6a5-9d36f5ea0d39,2026-09-15 22:06:32,5,"best app for music, phonk anything",Anjola Adewale,,best app for music phonk anything,6,2026-09-15,2026-09-14,0.0067,0.0539,0.9394,positive,0.9394
Google Play,702173db-a259-4a32-832e-b294d58f6442,2026-09-15 21:58:16,5,Great app well enjoyed songs 🎵,Rana Munir,9.1.80.2221,great app well enjoyed songs,5,2026-09-15,2026-09-14,0.0037,0.0122,0.9841,positive,0.9841
Google Play,dad186b2-258e-4af1-a5c0-7d74d6a351a6,2026-09-15 21:58:14,5,I didnt know Spotify will turn out this good i opposed the idea when it started but here am i propagating it with a 5 star,Emmanuel Peace,,i didnt know spotify will turn out this good i opposed the idea when it started but here am i propagating it with a 5 star,26,2026-09-15,2026-09-14,0.1378,0.196,0.6662,positive,0.6662
Google Play,722c3bcb-f172-4995-89fd-b0f132a5d313,2026-09-15 21:54:41,4,yo tomrrow my sceince exam lock in!!,Arotrik the banana,,yo tomrrow my sceince exam lock in,7,2026-09-15,2026-09-14,0.0073,0.3967,0.596,positive,0.596
Google Play,3896b328-dde8-4fc8-8df2-ce824470002e,2026-09-15 21:53:35,4,"the music is good, the quality is fine.",Anthony Spacks,9.1.82.2160,the music is good the quality is fine,8,2026-09-15,2026-09-14,0.0056,0.0331,0.9614,positive,0.9614
Google Play,85f9bc87-d207-48c9-a797-6661d15a7fae,2026-09-15 21:53:27,5,all you need!,Garth Riches,9.1.80.2221,all you need,3,2026-09-15,2026-09-14,0.0136,0.2794,0.707,positive,0.707
Google Play,be8e8d2c-d352-4320-a673-4889fc787ff6,2026-09-15 21:51:08,5,Love it. plus happy wife happy life,Viva Kuyonisa,9.1.80.2221,love it plus happy wife happy life,7,2026-09-15,2026-09-14,0.0049,0.0109,0.9842,positive,0.9842
Google Play,2e5b286d-00a8-433f-96c9-ca90b2652feb,2026-09-15 21:49:56,1,doesnt even let me play music with my phone screen locked anymore despite me paying $20/month for premium features. total scam and i am switching services asap,Ryan Thomas,8.9.6.458,doesnt even let me play music with my phone screen locked anymore despite me paying 20 month for premium features total scam and i am switching services asap,28,2026-09-15,2026-09-14,0.9187,0.0747,0.0066,negative,0.9187
Google Play,6e2c521f-bf8a-45a8-b2c3-f8c7f47e768a,2026-09-15 21:49:41,5,nice and smooth experience,muhammad zakari,9.1.80.2221,nice and smooth experience,4,2026-09-15,2026-09-14,0.0095,0.0407,0.9498,positive,0.9498
Google Play,b6535d40-d2d2-46cd-a782-402f4e3cda91,2026-09-15 21:49:16,2,i can only chose 1or4 music a day they are telling me to charge money,Aadhil Xmax,9.1.80.2221,i can only chose 1or4 music a day they are telling me to charge money,15,2026-09-15,2026-09-14,0.4695,0.4996,0.031,neutral,0.4996
Google Play,a6d58057-56ec-4ec0-a71b-4db5af4844cd,2026-09-15 21:48:27,5,it is epic,Lindokuhle Mzolo,9.1.80.2221,it is epic,3,2026-09-15,2026-09-14,0.0065,0.0463,0.9472,positive,0.9472
Google Play,42754ab2-2038-475d-a73a-72db3830d5a2,2026-09-15 21:47:55,5,best app for song music,Sudhir Mandaogade,,best app for song music,5,2026-09-15,2026-09-14,0.0055,0.0887,0.9058,positive,0.9058
Google Play,42ec3049-ddf8-4ef6-bda9-4c8f1fb8c09d,2026-09-15 21:47:21,1,and reply ke liye paise do,Mamta Rudra,9.1.80.2221,and reply ke liye paise do,6,2026-09-15,2026-09-14,0.1416,0.8184,0.04,neutral,0.8184
Google Play,4025a34c-4b4a-48cb-81f0-1da91b3a192e,2026-09-15 21:47:12,5,Excellent Exce6 Excellent way Excellent way,David,,excellent exce6 excellent way excellent way,6,2026-09-15,2026-09-14,0.0046,0.0155,0.9799,positive,0.9799
Google Play,b2116f75-bb44-4fd6-81c9-f541885d6a76,2026-09-14 23:51:31,5,love the variety and no DJs,Bill Conger,9.1.80.2221,love the variety and no djs,6,2026-09-14,2026-09-14,0.0167,0.0595,0.9238,positive,0.9238
Google Play,6c8990b1-7ff5-4e24-a548-35e5eb8d94c7,2026-09-14 23:49:36,5,So good huhyhuhu plss give me one year subscription free,Lyka Mae Lopez,9.1.80.2221,so good huhyhuhu plss give me one year subscription free,10,2026-09-14,2026-09-14,0.0041,0.0155,0.9804,positive,0.9804
Google Play,5864beac-1568-4407-a8bd-aadc3d89023a,2026-09-14 23:47:21,5,cool app,Isaac Gideon,9.1.80.2221,cool app,2,2026-09-14,2026-09-14,0.0175,0.0902,0.8924,positive,0.8924
Google Play,0e627d2a-1d2e-407a-a23e-eb16c2adfbea,2026-09-14 23:46:34,4,your shuffle still sucks.,Jillian Porter,9.1.80.2221,your shuffle still sucks,4,2026-09-14,2026-09-14,0.9334,0.0579,0.0087,negative,0.9334
Google Play,54fc782b-0a7a-42d3-94b8-0e0089dbf150,2026-09-14 23:42:29,1,It does not want me to pick my own song,Manabe Malatji,9.1.32.2083,it does not want me to pick my own song,10,2026-09-14,2026-09-14,0.7197,0.2653,0.015,negative,0.7197
Google Play,fd5af352-fc61-4d49-a265-f8caf6fe18b6,2026-09-14 23:42:20,5,so good but to much advertisement,Tigist Abinet,9.1.64.1676,so good but to much advertisement,6,2026-09-14,2026-09-14,0.3004,0.2198,0.4798,positive,0.4798
Google Play,a2677651-d5dc-4280-a1df-147944774dc8,2026-09-14 23:41:16,5,Just amazing 😍,Bimal chandra Mondal,9.1.42.2058,just amazing,2,2026-09-14,2026-09-14,0.0109,0.0187,0.9703,positive,0.9703
Google Play,9c67d78f-42e1-4136-b655-d339949d74c0,2026-09-14 23:37:17,5,la mejor app para música en streaming,Rosel Guzmán,9.1.80.2221,la mejor app para m sica en streaming,8,2026-09-14,2026-09-14,0.0348,0.7579,0.2073,neutral,0.7579
Google Play,6b1c6c5b-8dd6-4ae7-bc4c-f90b00dab25c,2026-09-14 23:34:37,5,it's good I love it,Samiya Khan,9.1.80.2221,it's good i love it,5,2026-09-14,2026-09-14,0.0046,0.013,0.9824,positive,0.9824
Google Play,e33f70e3-c378-44c2-8e1d-0a9ed8f7918f,2026-09-14 23:31:55,4,"I love this app! For me it is a LIFESAVER!😅🫠The only bad thing is, that you can't listen to your fav songs too often without Spotify Premium... but still I LOVE THIS APP!💜💜💅🫶",Sare Tokuşlu,9.1.80.2221,i love this app for me it is a lifesaver the only bad thing is that you can't listen to your fav songs too often without spotify premium but still i love this app,34,2026-09-14,2026-09-14,0.0116,0.0285,0.9599,positive,0.9599
Google Play,31af4ee8-7f4a-4506-8a1c-faac858f6290,2026-09-14 23:30:28,5,best music system but a lot of adds,Avneesh Rajput,9.1.80.2221,best music system but a lot of adds,8,2026-09-14,2026-09-14,0.0612,0.2105,0.7284,positive,0.7284
Google Play,52ad31e3-f431-4873-a721-fcd32971bd26,2026-09-14 23:26:02,1,new review because it still sucks. I pay $11 a month and it crashes. I have to log in and relog in. uninstall and reinstall it. remove all cache. it still crashes and tells me I can't use Spotify. this is bs. fix ur app.,Kendra,9.1.80.2221,new review because it still sucks i pay 11 a month and it crashes i have to log in and relog in uninstall and reinstall it remove all cache it still crashes and tells me i can't use spotify this is bs fix ur app,45,2026-09-14,2026-09-14,0.9569,0.0384,0.0047,negative,0.9569
Google Play,d8466667-70e7-4ccf-a763-91456aea1cf0,2026-09-14 23:24:23,5,"I love it, It's very easy to use",Umar Farouk,9.1.78.2218,i love it it's very easy to use,8,2026-09-14,2026-09-14,0.0047,0.0082,0.9871,positive,0.9871
Google Play,7f642954-82b1-477c-9a1b-38ad84e235a2,2026-09-14 23:23:11,4,make it free for us,Kawsarujjaman Suman,,make it free for us,5,2026-09-14,2026-09-14,0.0369,0.6959,0.2672,neutral,0.6959
Google Play,cd931e88-feb3-4ac3-bed9-3dc64babc743,2026-09-14 23:17:43,1,Is it necessary for DJ X to be only on the Premium Platinum package?,Karabo Ngele,9.1.82.2160,is it necessary for dj x to be only on the premium platinum package,14,2026-09-14,2026-09-14,0.0155,0.9412,0.0433,neutral,0.9412
Google Play,a0830a2b-928b-4503-8a9e-379c7d48ff7d,2026-09-14 23:15:27,5,the new update does not let me do anything it shout down my account I can not login or sing up I can not use this app at all.,Parsa Dehghan,9.1.80.2221,the new update does not let me do anything it shout down my account i can not login or sing up i can not use this app at all,29,2026-09-14,2026-09-14,0.9427,0.0521,0.0051,negative,0.9427
Google Play,456bc255-3f05-4da1-bfe7-70d6dc9f0a2c,2026-09-14 23:15:16,5,gooo hai samaj me aaya,VIDYA DEWANGAN,,gooo hai samaj me aaya,5,2026-09-14,2026-09-14,0.0554,0.7213,0.2234,neutral,0.7213
Google Play,77dba7bd-02a1-4e5e-bd3e-81192979cdbf,2026-09-14 23:15:14,5,It's amazing,Vongaishe Mutimwiyi,9.1.76.2055,it's amazing,2,2026-09-14,2026-09-14,0.0101,0.0348,0.9551,positive,0.9551
Google Play,4db1ced9-05ad-4b3c-94e0-e1818e66262a,2026-09-14 23:12:29,5,Nice app for song and naat,Sheikh Zaeem,,nice app for song and naat,6,2026-09-14,2026-09-14,0.0075,0.0862,0.9064,positive,0.9064
Google Play,7e78fdaf-9999-47a3-90be-8bdb71d669df,2026-09-14 23:11:21,4,it has way too much adds,Rao Ahmed,,it has way too much adds,6,2026-09-14,2026-09-14,0.7556,0.2175,0.0269,negative,0.7556
Google Play,9550b368-5d0f-49af-bd3b-a19f1c398545,2026-09-14 23:11:02,5,I was using the other music streamer for awhile. Spotify's algorithm definitely makes better playlists than DZR and seems to be easier to find new music that matches what we like to listen to.,Thomas Hasty,9.1.80.2221,i was using the other music streamer for awhile spotify's algorithm definitely makes better playlists than dzr and seems to be easier to find new music that matches what we like to listen to,34,2026-09-14,2026-09-14,0.0076,0.1757,0.8167,positive,0.8167
Google Play,e666bfc3-6cb0-4c4e-ab13-2682e16667b8,2026-09-14 23:08:47,3,Good for music but dont expect an ad free podcast even with a premium subscription.,Piyush Taluka,9.1.80.2221,good for music but dont expect an ad free podcast even with a premium subscription,15,2026-09-14,2026-09-14,0.0809,0.4859,0.4332,neutral,0.4859
Google Play,fa4d3a8d-d27b-48dc-b21d-8a3e1b9e458d,2026-09-14 22:58:18,2,"Cannot successfully disable autoplay. If my Bluetooth headset is connected to my phone, Spotify automatically starts playing the last podcast episode I was listening to. About to cancel Premium and find a new podcast app. Suggestion is to turn autoplay off. Autoplay is off, but it continues to autoplay.",Mark Demma,9.1.82.2155,cannot successfully disable autoplay if my bluetooth headset is connected to my phone spotify automatically starts playing the last podcast episode i was listening to about to cancel premium and find a new podcast app suggestion is to turn autoplay off autoplay is off but it continues to autoplay,49,2026-09-14,2026-09-14,0.57745,0.4044,0.01815,negative,0.5774
Google Play,372c7e9c-dc35-4e59-bc2a-15b0b665fa8f,2026-09-14 22:55:26,5,This app is nice but there are too many ads in this app BTW love this app✨💗,Shekhfalak,9.1.80.2221,this app is nice but there are too many ads in this app btw love this app,17,2026-09-14,2026-09-14,0.0132,0.0323,0.9545,positive,0.9545
Google Play,3592fff3-4d70-4100-af1c-d829738a8ce3,2026-09-14 22:52:25,5,Music is me. I am music.,Ryan Driscoll,9.1.80.2221,music is me i am music,6,2026-09-14,2026-09-14,0.0061,0.1425,0.8514,positive,0.8514
Google Play,94c3ccb0-f035-4d07-b879-e2ff12891568,2026-09-14 22:52:21,5,Awesome app,David Hernden,9.1.80.2221,awesome app,2,2026-09-14,2026-09-14,0.0062,0.0222,0.9716,positive,0.9716
Google Play,13a21cf7-8bdd-434b-811e-8d7e778fdb38,2026-09-14 22:50:30,1,"the worst podcast player ever. always resets the list settings, keeps playing finished episodes when only unfinished episodes are filtered. no matter how you sort, always goes back to the newest episode. stick to sort rules, play the next in sort order",Daniel i Kate Wurzberg,9.1.80.2221,the worst podcast player ever always resets the list settings keeps playing finished episodes when only unfinished episodes are filtered no matter how you sort always goes back to the newest episode stick to sort rules play the next in sort order,42,2026-09-14,2026-09-14,0.9157,0.0786,0.0057,negative,0.9157
Google Play,c23b346b-334f-4063-9b02-032e7fb3feee,2026-09-14 22:49:48,5,free fire is a best game,Noor Ahmed Barbhuiya,,free fire is a best game,6,2026-09-14,2026-09-14,0.0131,0.0429,0.944,positive,0.944
Google Play,6df91dca-bf9d-475e-b32f-dd073d54ef37,2026-09-14 22:47:53,5,good for beginner 🔰,Faizan Usmani,,good for beginner,3,2026-09-14,2026-09-14,0.0041,0.0704,0.9255,positive,0.9255
Google Play,31dfc328-9a74-477b-a793-3176ea63b5bc,2026-09-14 22:47:52,5,top-notch streaming app,olusola Awolaja,9.1.62.1601,top notch streaming app,4,2026-09-14,2026-09-14,0.0072,0.089,0.9039,positive,0.9039
Google Play,df27547a-2473-43ca-910f-19dde4c5fbc6,2026-09-14 22:45:34,1,THE UPDATE IS NOT NICE,Paresh Rafusiya,9.1.82.2160,the update is not nice,5,2026-09-14,2026-09-14,0.9188,0.0714,0.0099,negative,0.9188
Google Play,9c971dab-b85b-4402-adc3-a1f2b3244d33,2026-09-14 22:44:21,4,"It's a good app, but one thing that's bothering me, is that some time ago I listened, saved and downloaded a few podcasts which made a new playlist in my library, my ""Your episodes"" playlist, sinec then I've stopped listening to podcasts, deleted my downloads and removed the episodes from my ""Your episodes"" playlist, but the playlist itself doesn't go away and it's cluttering up my library. I wish there was a way to remove my ""Your Episodes"" playlist. You can easily remove the DJ, why not this?",Kiaan v.d. Merwe (Krokkie),9.1.80.2221,it's a good app but one thing that's bothering me is that some time ago i listened saved and downloaded a few podcasts which made a new playlist in my library my your episodes playlist sinec then i've stopped listening to podcasts deleted my downloads and removed the episodes from my your episodes playlist but the playlist itself doesn't go away and it's cluttering up my library i wish there was a way to remove my your episodes playlist you can easily remove the dj why not this,88,2026-09-14,2026-09-14,0.7515999999999999,0.22983333333333333,0.018566666666666665,negative,0.7516
Google Play,99df62cd-5893-472c-878f-2f8ad700a9d6,2026-09-14 22:41:28,1,Holy bloatware. memory isn't cheap anymore get back to optimizing the app instead of shipping AI slop.,Phalgun P,9.1.82.2160,holy bloatware memory isn't cheap anymore get back to optimizing the app instead of shipping ai slop,17,2026-09-14,2026-09-14,0.9297,0.0622,0.0081,negative,0.9297
Google Play,669b730d-96d5-4cc4-b6b6-4c7202d31fdb,2026-09-14 22:38:13,5,Nice one,Lenard Kumwenda,9.1.78.2218,nice one,2,2026-09-14,2026-09-14,0.0248,0.1498,0.8254,positive,0.8254
Google Play,cf8b4bdf-8fb5-41f3-b447-0097bddd97ce,2026-09-14 22:35:46,5,The music I want when I want it.,Sandi Allena,9.1.80.2221,the music i want when i want it,8,2026-09-14,2026-09-14,0.0101,0.332,0.6579,positive,0.6579
Google Play,9bf52a72-76a2-469d-ac2c-a9d91fa1c3fa,2026-09-14 22:35:35,4,love the music selection but the ads feel like there are to many,Tiffany Hunt,9.1.82.2160,love the music selection but the ads feel like there are to many,13,2026-09-14,2026-09-14,0.1792,0.326,0.4947,positive,0.4947
Google Play,3be670ec-5299-4301-9876-da40958ad7a0,2026-09-14 22:31:45,1,ghatiya app pehle wo my bahu my bahu wali add hata itna gussa aata he jab wo budi ki add aati he to,Prince Mohammad,9.1.82.2160,ghatiya app pehle wo my bahu my bahu wali add hata itna gussa aata he jab wo budi ki add aati he to,23,2026-09-14,2026-09-14,0.1405,0.7988,0.0607,neutral,0.7988
Google Play,d54e3d33-82fd-4108-9f07-d644be34f092,2026-09-13 23:51:35,5,Love having the music back that I've loved and understood all my life.,HappyHippy70,,love having the music back that i've loved and understood all my life,13,2026-09-13,2026-09-07,0.0037,0.0151,0.9812,positive,0.9812
Google Play,9ef27e21-7302-45bb-912c-0ac3cd79208b,2026-09-13 23:50:01,1,fadeup with ads . I wish listen a song but deal with rapidly 3 ads what the heck,Binoy Saha,9.1.78.2218,fadeup with ads i wish listen a song but deal with rapidly 3 ads what the heck,17,2026-09-13,2026-09-07,0.8985,0.095,0.0066,negative,0.8985
Google Play,d53c724a-26ef-4210-9ff8-1e891c7cd06e,2026-09-13 23:49:55,5,"spotify is very good, no other words really",Tyler Smith 745,9.1.80.2221,spotify is very good no other words really,8,2026-09-13,2026-09-07,0.0063,0.0111,0.9826,positive,0.9826
Google Play,6a3ed4d6-15fb-40f2-88f5-0b96bec27874,2026-09-13 23:48:42,1,lol ads app,Ansh Sharma,,lol ads app,3,2026-09-13,2026-09-07,0.3984,0.4847,0.1168,neutral,0.4847
Google Play,63d03f18-d878-4af1-b72c-1fea554b15eb,2026-09-13 23:46:26,5,Spotify is still the Best after 15 years 🎧😊,Roald Zipp,9.1.80.2221,spotify is still the best after 15 years,8,2026-09-13,2026-09-07,0.0029,0.0118,0.9852,positive,0.9852
Google Play,11c9fafa-53f7-4e15-b630-01982058de7e,2026-09-13 23:40:30,1,"horrible just horrible, the spotify premium plan I'm on picks and chooses when to work so at times I can't change the shuffle to and from smart shuffle nor put songs on repeat. Please fix this.",Sunny Bee,9.1.80.2221,horrible just horrible the spotify premium plan i'm on picks and chooses when to work so at times i can't change the shuffle to and from smart shuffle nor put songs on repeat please fix this,36,2026-09-13,2026-09-07,0.9137,0.0784,0.0079,negative,0.9137
Google Play,eb3fbc67-6efa-4980-aa9e-2a175c7055cc,2026-09-13 23:40:29,5,Aman Badhu,Aman Babu,9.1.80.2221,aman badhu,2,2026-09-13,2026-09-07,0.0998,0.722,0.1782,neutral,0.722
Google Play,528ee55a-d4bd-4fcc-9ac6-cf4d96a349b1,2026-09-13 23:40:24,3,reduce ads pls,Olu Aluko,,reduce ads pls,3,2026-09-13,2026-09-07,0.498,0.4446,0.0574,negative,0.498
Google Play,463167a4-0fa6-406c-8d24-059122088945,2026-09-13 23:38:58,5,😁no money,Anas mohamed334,9.1.80.2221,no money,2,2026-09-13,2026-09-07,0.0653,0.4231,0.5117,positive,0.5117
Google Play,b306070d-52f1-4e2e-9fd9-975923ba3d02,2026-09-13 23:37:05,4,i like it but sometimes when i click a song it plays a whole other song,Chamine Brooks,9.1.80.2221,i like it but sometimes when i click a song it plays a whole other song,16,2026-09-13,2026-09-07,0.1519,0.6446,0.2035,neutral,0.6446
Google Play,2c50e362-26be-40b6-9f64-54ebe4f8acee,2026-09-13 23:36:06,1,too much ads and restrictions,Vaibhav Singh,9.1.76.2055,too much ads and restrictions,5,2026-09-13,2026-09-07,0.7842,0.2013,0.0146,negative,0.7842
Google Play,84c706c2-9621-4975-bd14-47f44ea77f33,2026-09-13 23:26:05,5,very very nice app,Rahul Kumar,9.1.78.2218,very very nice app,4,2026-09-13,2026-09-07,0.0088,0.0251,0.9661,positive,0.9661
Google Play,b595cb70-0769-4911-93ee-37da7bc5c0ef,2026-09-13 23:25:47,5,just best,Belinda Fernandes,,just best,2,2026-09-13,2026-09-07,0.0221,0.0706,0.9073,positive,0.9073
Google Play,93e6bf2e-6023-4874-a75f-4fe171e5864f,2026-09-13 23:25:29,5,best music app I ever use,Keefer Nyamsi Bang,9.1.80.2221,best music app i ever use,6,2026-09-13,2026-09-07,0.0038,0.0211,0.9751,positive,0.9751
Google Play,a6b4b315-c72e-4063-b511-f60c10ba45d4,2026-09-13 23:18:31,5,Excellent audio quality is unique advantage of Spotify!,Kandha Vel,,excellent audio quality is unique advantage of spotify,8,2026-09-13,2026-09-07,0.0029,0.02,0.9772,positive,0.9772
Google Play,24bbb0ba-c769-4cdd-969f-e67ae3f33d8f,2026-09-13 23:18:18,1,Keeps shoving fat-Donald's ads into my face and when it plays random songs it never plays songs on my playlist so what's the point of having playlists just a stupid useless app.,Cecilia Pawson,9.1.80.2221,keeps shoving fat donald's ads into my face and when it plays random songs it never plays songs on my playlist so what's the point of having playlists just a stupid useless app,33,2026-09-13,2026-09-07,0.9493,0.045,0.0057,negative,0.9493
Google Play,5900bf72-bc4b-4fde-a53b-4309d2ad462b,2026-09-13 23:10:26,5,lovely listening to my music on Spotify without a doubt best thing going 👌,Jack Grey,9.1.80.2221,lovely listening to my music on spotify without a doubt best thing going,13,2026-09-13,2026-09-07,0.0034,0.0074,0.9893,positive,0.9893
Google Play,42cc2024-7a5b-4997-a34e-205771d71765,2026-09-13 23:10:18,1,Stop promoting your AI music,Joshua,,stop promoting your ai music,5,2026-09-13,2026-09-07,0.8772,0.1124,0.0103,negative,0.8772
Google Play,6730adbc-969f-4069-a48b-18273d86343b,2026-09-13 23:09:37,5,Very pleasant ☺️,Anand Singh,9.1.80.2221,very pleasant,2,2026-09-13,2026-09-07,0.0091,0.0193,0.9716,positive,0.9716
Google Play,5b6ea404-ff88-49c0-8339-34181df53173,2026-09-13 23:08:36,5,Vibe TO High MARUTI SUZUKI ❤️‍🩹,Modyyy Das,9.1.80.2221,vibe to high maruti suzuki,5,2026-09-13,2026-09-07,0.0041,0.15,0.8459,positive,0.8459
Google Play,49dc8c5c-3faa-4b4b-bcfc-0a011f007dd6,2026-09-13 23:07:22,5,amazing mannnnnnn,Nikhath Jabeen,9.1.76.2055,amazing mannnnnnn,2,2026-09-13,2026-09-07,0.0134,0.0438,0.9427,positive,0.9427
Google Play,bba28faa-01a2-478b-96f9-77fa73c840e7,2026-09-13 23:06:52,4,There is always room for more creativity and improvements. Love Spotify! 🎶 🎵 ❤️🙏🏼,Neill Buswell,9.1.80.2221,there is always room for more creativity and improvements love spotify,11,2026-09-13,2026-09-07,0.0031,0.0128,0.9841,positive,0.9841
Google Play,dcf7d729-6f98-4aa4-a56c-f88ee5a963cc,2026-09-13 22:59:00,1,"Doesn't support seperate streams on seperate smart speakers regardless of family plan or not. Falling behind competitors on convenience. Once I figure out a way to port my lists to another provider I'm off Inserted ad enshitification has just broken episode playback. literally the purpose of the app in response family plan doesn't work as it doesn't allow two people to stream different music to two separate Amazon devices, something you've know about for over 6 years - look at your forums",Sean Barry,9.1.80.2221,doesn't support seperate streams on seperate smart speakers regardless of family plan or not falling behind competitors on convenience once i figure out a way to port my lists to another provider i'm off inserted ad enshitification has just broken episode playback literally the purpose of the app in response family plan doesn't work as it doesn't allow two people to stream different music to two separate amazon devices something you've know about for over 6 years look at your forums,81,2026-09-13,2026-09-07,0.8676999999999999,0.1244,0.0079,negative,0.8677
Google Play,756bbc7b-1d76-40c8-b683-399cfa636252,2026-09-13 22:53:19,5,Enjoyed listening to Brasilian music.!,Desi Mora,9.1.80.2221,enjoyed listening to brasilian music,5,2026-09-13,2026-09-07,0.0026,0.021,0.9764,positive,0.9764
Google Play,985b796a-ddfa-4497-ba06-73b1c45c6f75,2026-09-13 22:53:02,5,"It's the best music app there is, having outstanding features and great app performance. I still have one request that is if you could make it so that listeners can listen when offline without premium, most apps like Audiomack has this that is why I'm requesting. Thank you.",Cecilia Ntim,9.1.80.2221,it's the best music app there is having outstanding features and great app performance i still have one request that is if you could make it so that listeners can listen when offline without premium most apps like audiomack has this that is why i'm requesting thank you,48,2026-09-13,2026-09-07,0.0044,0.0322,0.9634,positive,0.9634
Google Play,74b34296-f1d1-4576-b930-6ff0f5b4de53,2026-09-13 22:52:44,4,too good but always talk about primium 🙄,Shradha suman Maharana,9.1.80.2221,too good but always talk about primium,7,2026-09-13,2026-09-07,0.4111,0.2813,0.3076,negative,0.4111
Google Play,99702f73-7ff4-496d-bfd7-35e87238c683,2026-09-13 22:50:05,5,"Love Spotify, musiek te kies en keur en alle sangers en hul songs beskikbaar. Lekker musiek 💞",Martie viljoen,9.1.78.2218,love spotify musiek te kies en keur en alle sangers en hul songs beskikbaar lekker musiek,16,2026-09-13,2026-09-07,0.0051,0.0272,0.9677,positive,0.9677
Google Play,d04a8605-ace1-4b01-9248-8afa40bcf6d0,2026-09-13 22:49:42,1,worst app ever I used for listening music 😡😡,Raja Saab,,worst app ever i used for listening music,8,2026-09-13,2026-09-07,0.953,0.0408,0.0062,negative,0.953
Google Play,bfd24b8c-29df-4a2a-89b0-867723052a19,2026-09-13 22:47:39,5,Really good even though you have to have premium to listen to music,Kateisha Slater,9.1.80.2221,really good even though you have to have premium to listen to music,13,2026-09-13,2026-09-07,0.0039,0.0657,0.9303,positive,0.9303
Google Play,c3b48cf5-2dee-4d52-8b60-1914e05ac5d0,2026-09-13 22:46:21,5,"I've tried a lot of the different services but having Spotify premium. Guess me all my books. My podcasts and music with a good variety that I want, so it's worth the money.",Best Choice Power Don,9.1.82.2155,i've tried a lot of the different services but having spotify premium guess me all my books my podcasts and music with a good variety that i want so it's worth the money,33,2026-09-13,2026-09-07,0.0065,0.1226,0.8709,positive,0.8709
Google Play,8aa62bc8-27f2-44cc-bef8-88ed1bfcdff8,2026-09-13 22:46:00,1,this app forcely changes song while listening,Vijay Kumar Swarnkar,9.1.22.1630,this app forcely changes song while listening,7,2026-09-13,2026-09-07,0.7725,0.211,0.0165,negative,0.7725
Google Play,35b6c089-d2a5-4106-afe1-0c0ad5854771,2026-09-13 22:42:06,5,mast h,Surya Mitra,9.1.80.2221,mast h,2,2026-09-13,2026-09-07,0.1404,0.6907,0.169,neutral,0.6907
Google Play,a31dbcd0-196b-4a4b-a5c7-ca8103b7cb97,2026-09-13 22:40:37,5,Atif Aslam is the goat,Huzaifa Ahmed,9.1.80.2221,atif aslam is the goat,5,2026-09-13,2026-09-07,0.0183,0.1759,0.8058,positive,0.8058
Google Play,321814d2-56da-4097-8136-e599c55bc9b8,2026-09-13 22:40:07,1,very bad and hungry for premium,Aditya Chowdhury,,very bad and hungry for premium,6,2026-09-13,2026-09-07,0.8703,0.1121,0.0176,negative,0.8703
Google Play,1d88ad2a-70e8-428e-be78-e335b675b344,2026-09-13 22:37:37,5,best appp,Malesh Mandavi,9.1.80.2221,best appp,2,2026-09-13,2026-09-07,0.0095,0.0428,0.9476,positive,0.9476
Google Play,96b26d47-9023-4b3e-bf9a-ba96e83810e2,2026-09-13 22:34:39,5,"The app is kinda awesome I just downloaded it lately, soo.. the only problem I saw is the ad is premium😁 but that' s fone other wise it's good",Padma Devi,9.1.80.2221,the app is kinda awesome i just downloaded it lately soo the only problem i saw is the ad is premium but that' s fone other wise it's good,29,2026-09-13,2026-09-07,0.0052,0.0157,0.9791,positive,0.9791
Google Play,3ce62735-8607-42e0-9b16-dfa4780b4908,2026-09-13 22:33:33,4,too many ads but algorithm is amazing,aman rathor,,too many ads but algorithm is amazing,7,2026-09-13,2026-09-07,0.0325,0.0852,0.8823,positive,0.8823
Google Play,ea4c28c4-58ab-4096-8eaa-021f783d9013,2026-09-13 22:31:16,5,good and ever song send the shi,Zane Bolton,9.1.80.2221,good and ever song send the shi,7,2026-09-13,2026-09-07,0.2212,0.3541,0.4248,positive,0.4248
Google Play,49954d0f-49ec-483a-82c5-36172b459da0,2026-09-13 22:30:07,1,only target amount..,Jahir Hussain,9.1.78.2218,only target amount,3,2026-09-13,2026-09-07,0.0707,0.8465,0.0828,neutral,0.8465
Google Play,8aa609f4-49fb-44ed-ab5b-0eef4f406edb,2026-09-13 22:29:51,5,amazing app love lossless audio(we need spacial audio) but overall better than apple music,Sam Harvey,9.1.80.2221,amazing app love lossless audio we need spacial audio but overall better than apple music,15,2026-09-13,2026-09-07,0.0088,0.0243,0.9669,positive,0.9669
Google Play,322e896d-749c-4468-807c-e9037b376aa8,2026-09-13 22:29:29,5,"Nice, Very good",Anandhitha .R.S,9.1.80.2221,nice very good,3,2026-09-13,2026-09-07,0.0053,0.0199,0.9749,positive,0.9749
Google Play,3c15f4fd-4c74-4235-83d9-afa0ce7bdab0,2026-09-13 22:24:47,5,Spotify has some great classics in music. every song is clear Spotify has music for all generations. its the best music app on Google play.,serena davis,9.1.80.2221,spotify has some great classics in music every song is clear spotify has music for all generations its the best music app on google play,25,2026-09-13,2026-09-07,0.0035,0.012,0.9845,positive,0.9845
Google Play,ebc05e9a-693b-449a-b4d9-30279f45b8b9,2026-09-13 22:23:06,1,It doesn't play my liked songs properly,Foas,,it doesn't play my liked songs properly,7,2026-09-13,2026-09-07,0.7642,0.2236,0.0121,negative,0.7642
Google Play,d29484b5-af5a-4f86-bc54-86ea527827f2,2026-09-13 22:21:53,2,So why can't the music app play music offline when with a payment of Spotify premium? A lot of the songs ive added to my playlist aren't available whenever I go offline. What's up with that?,Dimitris Folias,9.1.80.2221,so why can't the music app play music offline when with a payment of spotify premium a lot of the songs ive added to my playlist aren't available whenever i go offline what's up with that,36,2026-09-13,2026-09-07,0.7295,0.26,0.0105,negative,0.7295
Google Play,d1e71275-db38-453d-9da2-7af03cf71bb3,2026-09-13 22:21:26,5,the best music and podcasts app I love that I can here all my fav music while my device is closed,Gurpreet Bhullar,9.1.80.2221,the best music and podcasts app i love that i can here all my fav music while my device is closed,21,2026-09-13,2026-09-07,0.0038,0.0185,0.9777,positive,0.9777
Google Play,a670fbb0-d958-4b25-8147-4338bb223e8b,2026-09-13 22:18:44,3,Won't allow me to log in or sign up. It states my email is linked when I try to sign up. But when I try to log in it says I'm not linked. Could you delete my Spotify account?,Deon Johnson,9.1.80.2221,won't allow me to log in or sign up it states my email is linked when i try to sign up but when i try to log in it says i'm not linked could you delete my spotify account,39,2026-09-13,2026-09-07,0.7977,0.1948,0.0075,negative,0.7977
Google Play,e5b1789c-e9cc-4ebd-b54d-666cc9c45e39,2026-09-12 23:59:26,5,it has jus about every song u can think of. I've yet to look for a song n have not found it. love it.....,G Money8808,9.1.78.2218,it has jus about every song u can think of i've yet to look for a song n have not found it love it,24,2026-09-12,2026-09-07,0.0234,0.0521,0.9246,positive,0.9246
Google Play,9921662b-70e7-4d0f-ad0e-ce505737d5eb,2026-09-12 23:57:22,5,type anything at all into spotify sewrch rbgije and yoyve got all the tunes and songs you could ever need whethrr youre n the mood to laugh cry or screwm in pain its my number 1 real music mschine,John Macleod,9.1.80.2221,type anything at all into spotify sewrch rbgije and yoyve got all the tunes and songs you could ever need whethrr youre n the mood to laugh cry or screwm in pain its my number 1 real music mschine,39,2026-09-12,2026-09-07,0.0096,0.0852,0.9052,positive,0.9052
Google Play,37563085-2bbf-4506-930d-166e32b08d06,2026-09-12 23:54:44,5,its good because I can play it anytime when I leave the app,Manuelito,9.1.80.2221,its good because i can play it anytime when i leave the app,13,2026-09-12,2026-09-07,0.0062,0.1011,0.8927,positive,0.8927
Google Play,dcf29008-5195-406b-875e-a13d4fcd5175,2026-09-12 23:52:12,5,the perfect streaming service ever,Goodluck Edozie,9.1.80.2221,the perfect streaming service ever,5,2026-09-12,2026-09-07,0.0064,0.0228,0.9708,positive,0.9708
Google Play,be0528f2-3526-4d97-85f2-8bd0a0a387fe,2026-09-12 23:49:55,5,"I really love using this app mostly because I can turn off my phone and put it in my pocket without sensors going off and changing it, I also like that you can leave the app and open a new app and the music will keep playing! I recommend this if your an artist",Eloise,9.1.80.2221,i really love using this app mostly because i can turn off my phone and put it in my pocket without sensors going off and changing it i also like that you can leave the app and open a new app and the music will keep playing i recommend this if your an artist,54,2026-09-12,2026-09-07,0.0039,0.0351,0.961,positive,0.961
Google Play,7ec8d497-d361-47df-844d-282765a89d85,2026-09-12 23:48:33,1,chill on yo ads gng and please 🙏 let us shuffle and restart the song without premium ts is so pay to listen to the point where it's repetitive,Brody Orr,9.1.80.2221,chill on yo ads gng and please let us shuffle and restart the song without premium ts is so pay to listen to the point where it's repetitive,28,2026-09-12,2026-09-07,0.6434,0.3267,0.03,negative,0.6434
Google Play,a5358d7d-2edb-40cf-82c7-5edf91207b50,2026-09-12 23:48:14,5,awesome experience,Jumba Churchill,9.1.80.2221,awesome experience,2,2026-09-12,2026-09-07,0.0074,0.0331,0.9595,positive,0.9595
Google Play,68ab400a-66e3-4a3a-855c-40d3e50ae8bc,2026-09-12 23:47:09,5,Everything I want in a music app!,VFMP,9.1.80.2221,everything i want in a music app,7,2026-09-12,2026-09-07,0.0035,0.0499,0.9466,positive,0.9466
Google Play,8c8ba6bc-120f-4f8c-b134-f88aa1b46d96,2026-09-12 23:43:49,5,Nick jr,Awesome Logos TV,,nick jr,2,2026-09-12,2026-09-07,0.0386,0.8425,0.1188,neutral,0.8425
Google Play,c3a7155c-d25e-44d4-bd26-0daaf4afda09,2026-09-12 23:41:05,5,no experience,Phumlani Mhlongo,,no experience,2,2026-09-12,2026-09-07,0.2533,0.6663,0.0804,neutral,0.6663
Google Play,06dc9418-09d6-458d-b705-7e62edcd56ee,2026-09-12 23:40:43,5,heufshoceinv dhtkndudtue,Akshay Salve,9.1.76.2055,heufshoceinv dhtkndudtue,2,2026-09-12,2026-09-07,0.111,0.7119,0.177,neutral,0.7119
Google Play,5bd55b37-dc84-44a2-ac75-f72b6efb0e10,2026-09-12 23:39:28,5,if you don't have the app you should go get it it's definitely the best out there on the market they offer a lot with no fees to you,Star F,9.1.80.2221,if you don't have the app you should go get it it's definitely the best out there on the market they offer a lot with no fees to you,29,2026-09-12,2026-09-07,0.0076,0.0604,0.9321,positive,0.9321
Google Play,80a23990-f148-4687-8179-81cba01cdb7e,2026-09-12 23:38:29,4,to many of my songs end up on region locked,Angel “St. Cloud”,9.1.80.2221,to many of my songs end up on region locked,10,2026-09-12,2026-09-07,0.7583,0.2289,0.0128,negative,0.7583
Google Play,d5567222-925a-42ac-a20c-9398cbd80d2b,2026-09-12 23:38:24,5,everything is perfect expect listening to advertise after every single song,Angel,,everything is perfect expect listening to advertise after every single song,11,2026-09-12,2026-09-07,0.234,0.3792,0.3868,positive,0.3868
Google Play,67e138fe-366e-4d5c-9d99-d3872a11f774,2026-09-12 23:35:42,5,top tier music experience,nancy kaari,9.1.78.2218,top tier music experience,4,2026-09-12,2026-09-07,0.0066,0.0389,0.9545,positive,0.9545
Google Play,2cb1df2c-d1b4-4730-b070-289d160ecd65,2026-09-12 23:34:17,4,"Fallo en la vista ""Now Playing"": Las portadas de los archivos locales (MP3) cargan y se ven correctamente en la lista de reproducción y en la barra inferior mini, pero al expandir a pantalla completa se reemplazan por un disco gris genérico. Podrían agregarlo?, gracias.",Manuel Enrique Mantilla Quispe,9.1.80.2221,fallo en la vista now playing las portadas de los archivos locales mp3 cargan y se ven correctamente en la lista de reproducci n y en la barra inferior mini pero al expandir a pantalla completa se reemplazan por un disco gris gen rico podr an agregarlo gracias,48,2026-09-12,2026-09-07,0.0136,0.8117,0.1747,neutral,0.8117
Google Play,afcf0b1f-1bc7-496b-b250-6c24c594eff3,2026-09-12 23:31:27,5,best music app in world,Pragyan Nath,,best music app in world,5,2026-09-12,2026-09-07,0.0049,0.0292,0.9659,positive,0.9659
Google Play,d8240647-379c-4986-a904-d8e7dec338f9,2026-09-12 23:28:49,5,"I use Spotify every day for politics, news, and of course, music! I suffer through the ads for my favorite podcasts because I know it supports them.",Laszlo216,9.1.80.2221,i use spotify every day for politics news and of course music i suffer through the ads for my favorite podcasts because i know it supports them,27,2026-09-12,2026-09-07,0.0321,0.172,0.796,positive,0.796
Google Play,86fca11d-2974-4cdd-a674-9c7023a9e48d,2026-09-12 23:27:45,4,pourquoi ne pas mettre les mêmes choses dans chaque pays. 😒 Mais après l'application est bon,nyahy hariliva,9.1.80.2221,pourquoi ne pas mettre les m mes choses dans chaque pays mais apr s l'application est bon,17,2026-09-12,2026-09-07,0.7821,0.2078,0.0101,negative,0.7821
Google Play,53b79619-a6e5-4938-8da1-e46619bafacd,2026-09-12 23:26:26,1,sometimes hard to open it,Uptop Don,,sometimes hard to open it,5,2026-09-12,2026-09-07,0.586,0.3861,0.0279,negative,0.586
Google Play,8fb044db-7f40-4c33-a1f5-7a22741cd1af,2026-09-12 23:26:00,4,it's alright the only thing is that there is an ad every 2 songs,Saivian Martin,9.1.80.2221,it's alright the only thing is that there is an ad every 2 songs,14,2026-09-12,2026-09-07,0.064,0.518,0.4179,neutral,0.518
Google Play,2a2cd811-220c-4b42-9c2e-7392ed7505f7,2026-09-12 23:25:49,5,"It's Spotify, what can I say. Spotify is always coming out with new features that keep me loyal to their product.",Steven McDermott,9.1.80.2221,it's spotify what can i say spotify is always coming out with new features that keep me loyal to their product,21,2026-09-12,2026-09-07,0.0057,0.0421,0.9522,positive,0.9522
Google Play,70adf6dd-3be1-4f0c-b15b-6ac3e298593e,2026-09-12 23:25:31,5,fav app ngl,Vin,,fav app ngl,3,2026-09-12,2026-09-07,0.0369,0.2617,0.7014,positive,0.7014
Google Play,278ef371-8c44-4b3f-a156-586e6c088e78,2026-09-12 23:24:36,5,Just knows your mood everyday,Lefa Motaung,,just knows your mood everyday,5,2026-09-12,2026-09-07,0.0747,0.8234,0.1019,neutral,0.8234
Google Play,8d45494b-c8cb-41da-b00b-d0735a26e489,2026-09-12 23:24:23,5,Ads are pretty annoying obviously cant go back but overall I really like the app thanks for making it.,Dylan Lopez,9.1.80.2221,ads are pretty annoying obviously cant go back but overall i really like the app thanks for making it,19,2026-09-12,2026-09-07,0.3168,0.2787,0.4045,positive,0.4045
Google Play,8ab6a004-d872-4ba7-8d16-814efe8a20e3,2026-09-12 23:22:40,5,lovely app,Osato Clarke,,lovely app,2,2026-09-12,2026-09-07,0.0182,0.039,0.9429,positive,0.9429
Google Play,33719d53-c341-4fe2-8b2d-389d30434ed6,2026-09-12 23:21:40,5,"I love spotify, i love when you got premium you can play it offline and their discount too",Huda Daud,9.1.80.2221,i love spotify i love when you got premium you can play it offline and their discount too,18,2026-09-12,2026-09-07,0.0036,0.0175,0.9789,positive,0.9789
Google Play,e9adbeb9-8f93-42b2-a5b5-43152af57a91,2026-09-12 23:20:46,5,I love this app because when i watch in YouTube I can't hear but Spotify is the best,Aron Jaime,,i love this app because when i watch in youtube i can't hear but spotify is the best,18,2026-09-12,2026-09-07,0.024,0.0611,0.9149,positive,0.9149
Google Play,afc5fa30-91cd-4026-aefb-405bba1f4aa8,2026-09-12 23:19:49,5,nice playing,Shivam Rajput,9.1.80.2221,nice playing,2,2026-09-12,2026-09-07,0.026,0.1637,0.8103,positive,0.8103
Google Play,068cc427-616a-4089-9e05-d9e1e901d8d3,2026-09-12 23:19:11,5,"ads disturb muchs ⚡️, force stop 🛑🔞",Lavish Nagar,9.1.80.2221,ads disturb muchs force stop,5,2026-09-12,2026-09-07,0.7763,0.2109,0.0129,negative,0.7763
Google Play,269aa210-9bf8-4989-b650-b4d17cf866a3,2026-09-12 23:13:46,1,why is allowing me to choose only 5 songs?,George General Matshika,9.1.76.2055,why is allowing me to choose only 5 songs,9,2026-09-12,2026-09-07,0.7091,0.281,0.0099,negative,0.7091
Google Play,a24052ef-2615-45fc-a8ca-7ca689c65b72,2026-09-12 23:12:46,5,thee best (⁠｡⁠•̀⁠ᴗ⁠-⁠)⁠✧,Loide Ausiku,9.1.80.2221,thee best,2,2026-09-12,2026-09-07,0.0061,0.0705,0.9233,positive,0.9233
Google Play,7ab2f2a8-2c1a-4280-bb36-8573f17e50dd,2026-09-12 23:10:56,5,Spotify is my go to music source.,bsting9,9.1.80.2221,spotify is my go to music source,7,2026-09-12,2026-09-07,0.0043,0.0626,0.9331,positive,0.9331
Google Play,cce855ce-4469-42ae-8816-4d2193293d8d,2026-09-12 23:09:35,4,Pretty good but lags sometimes,Oghene Banks,,pretty good but lags sometimes,5,2026-09-12,2026-09-07,0.2079,0.2898,0.5023,positive,0.5023
Google Play,bb097cd4-8afa-4538-b44e-c0464326b494,2026-09-12 23:08:01,5,evan fong on spotify🤤🤤🤤🤤🤤🤤,Germe pooping,9.1.60.1970,evan fong on spotify,4,2026-09-12,2026-09-07,0.005,0.0448,0.9502,positive,0.9502
Google Play,1c20e5c7-cbfa-442f-8f19-b9f185ccce35,2026-09-12 23:07:04,5,it is amazing,Caleb Serna,9.1.80.2221,it is amazing,3,2026-09-12,2026-09-07,0.0112,0.0364,0.9524,positive,0.9524
Google Play,fbc67f3b-b135-4b5a-a822-c77124b075e0,2026-09-12 23:05:49,5,"This app, really helped me out during my studies and in motivation, I love this app",qurat naveed,9.1.80.2221,this app really helped me out during my studies and in motivation i love this app,16,2026-09-12,2026-09-07,0.0039,0.0108,0.9853,positive,0.9853
Google Play,9ab04ce2-f9cb-4d17-82a9-1c16ff627882,2026-09-12 23:05:40,5,I love that I can find new tunes to enjoy. My Range is from soft to hard rock pop dance electric country. I have a large amount I enjoy listening too. it's the best while I'm driving through the mountain passes.,Crystal Mahowich,9.1.80.2221,i love that i can find new tunes to enjoy my range is from soft to hard rock pop dance electric country i have a large amount i enjoy listening too it's the best while i'm driving through the mountain passes,41,2026-09-12,2026-09-07,0.0034,0.0202,0.9763,positive,0.9763
Google Play,7e5c5db5-57da-4c7a-b627-50d2ada65081,2026-09-12 23:03:36,1,hay más anuncio que canción si no tienes premium,Momota Parvin,9.1.80.2221,hay m s anuncio que canci n si no tienes premium,11,2026-09-12,2026-09-07,0.08,0.8418,0.0781,neutral,0.8418
Google Play,ddaf4f04-2985-47db-9534-4699bdb0286f,2026-09-12 23:00:57,5,this app is just the best,Abigael Okoth,9.1.80.2221,this app is just the best,6,2026-09-12,2026-09-07,0.0103,0.0146,0.9751,positive,0.9751
Google Play,f90062c8-c8e2-4681-bcb3-e633c4a6d677,2026-09-12 22:59:55,4,"good but ads are a bit irritating, I get it's for monetization and such, but I'm talking about the ads that show on the cover image that I try to look at.",Matt Vff,9.1.80.2221,good but ads are a bit irritating i get it's for monetization and such but i'm talking about the ads that show on the cover image that i try to look at,32,2026-09-12,2026-09-07,0.8157,0.1714,0.0129,negative,0.8157
Google Play,41fb2233-52a5-4954-adbd-9f75799a573a,2026-09-12 22:59:15,5,good streaming for music,Laiz Aliviano,9.1.80.2221,good streaming for music,4,2026-09-12,2026-09-07,0.0061,0.1427,0.8512,positive,0.8512
Google Play,46cd9af8-304f-42b0-bca4-a1b00d758fb1,2026-09-12 22:57:50,5,this is a very amezing app it Such as well,Geeta Fulwariya,9.1.80.2221,this is a very amezing app it such as well,10,2026-09-12,2026-09-07,0.0257,0.1818,0.7925,positive,0.7925
Google Play,0399e9b1-4ff9-448e-9cb3-86f5b53de7eb,2026-09-12 22:57:15,1,"YouTube music is better than Spotify, negligible ads at least you can skip the ad in youtube music but not in Spotify. so i suggest you to go with youtube music.",Anmol Singh,9.1.80.2221,youtube music is better than spotify negligible ads at least you can skip the ad in youtube music but not in spotify so i suggest you to go with youtube music,31,2026-09-12,2026-09-07,0.0215,0.1026,0.8758,positive,0.8758
Google Play,0f8a2575-f62e-4a9b-a921-bdcdebb28cbe,2026-09-12 22:51:42,5,Tuff music app,Vincas,9.1.80.2221,tuff music app,3,2026-09-12,2026-09-07,0.6507,0.2869,0.0624,negative,0.6507
Google Play,e3aeffce-c79c-4e90-838f-08c642bee46b,2026-09-12 22:51:34,1,"Well the app is isn't as good as it used to be, you can play the songs you want as much as you like or play them on repeat and what not. They charge you for such small features that shouldn't even be bought. It's either they're greedy or they're losing profit which is why they charge you for the small things. It wouldn't matter much to those who can pay their monthly or weekly plans it is a problem for us broke consumers which is why this app sucks now. The ads don't bother, it's inconvenience",Embhahlangki Makdoh,,well the app is isn't as good as it used to be you can play the songs you want as much as you like or play them on repeat and what not they charge you for such small features that shouldn't even be bought it's either they're greedy or they're losing profit which is why they charge you for the small things it wouldn't matter much to those who can pay their monthly or weekly plans it is a problem for us broke consumers which is why this app sucks now the ads don't bother it's inconvenience,97,2026-09-12,2026-09-07,0.8464,0.13924999999999998,0.01435,negative,0.8464
Google Play,fef3dc84-c465-4459-93ee-c97ca92c01b8,2026-09-11 23:59:44,5,very interesting vibe this aap,Sandip kumar,,very interesting vibe this aap,5,2026-09-11,2026-09-07,0.0046,0.0644,0.9309,positive,0.9309
Google Play,325b3838-bc36-4e09-8e25-44998ce2f3f1,2026-09-11 23:59:19,1,only caters to the current music trends. never seems to improve either. I not going back.,Pat Linares,9.1.78.2218,only caters to the current music trends never seems to improve either i not going back,16,2026-09-11,2026-09-07,0.9121,0.0809,0.007,negative,0.9121
Google Play,c65b42c9-8abb-405b-81ed-35595c824c5f,2026-09-11 23:58:54,5,Love it!! especially the Mix and tempo options,Bill R (BigBill73),9.1.80.2221,love it especially the mix and tempo options,8,2026-09-11,2026-09-07,0.0023,0.0118,0.9859,positive,0.9859
Google Play,2db6f780-007f-4949-97bb-4eb102335225,2026-09-11 23:57:55,1,"You have tried changing the song 6 times, it is not a good thing, do it like before.",Salim Khalifa,9.1.80.2221,you have tried changing the song 6 times it is not a good thing do it like before,18,2026-09-11,2026-09-07,0.8872,0.1056,0.0072,negative,0.8872
Google Play,b25f2404-dd9a-4c04-a516-132579ca9eb2,2026-09-11 23:56:17,1,"Horrible experience. I used to love Spotify and listen to music on it all day, but basically now we need premium for almost everything. because what do you mean we need premium to listen to what we want to?! and there are s lot of ads. also I'm having problems. when I try to listen to a song it says ""You have discovered a premium feature!"" and the song won't play and all my library songs are blocked. it's so annoying I wanna actually scream. i don't want premium, stop trying to get me to get it.",Paris Battaglia,,horrible experience i used to love spotify and listen to music on it all day but basically now we need premium for almost everything because what do you mean we need premium to listen to what we want to and there are s lot of ads also i'm having problems when i try to listen to a song it says you have discovered a premium feature and the song won't play and all my library songs are blocked it's so annoying i wanna actually scream i don't want premium stop trying to get me to get it,97,2026-09-11,2026-09-07,0.9056,0.08165,0.012799999999999999,negative,0.9056
Google Play,495e3867-3439-458e-b091-4bb5027deac3,2026-09-11 23:55:25,1,"Very awful experience! Which app plays songs according to their preferences... i can listen to as many songs as I want to, but this app restricts to continue to play songs. didn't expect this from Spotify as I've heard so much about this but my experience was really really bad",santosh kumar,,very awful experience which app plays songs according to their preferences i can listen to as many songs as i want to but this app restricts to continue to play songs didn't expect this from spotify as i've heard so much about this but my experience was really really bad,50,2026-09-11,2026-09-07,0.8829,0.1074,0.0097,negative,0.8829
Google Play,d5015dbf-7c5a-4fb3-8c5b-02d1863147b3,2026-09-11 23:54:47,5,Main music app,Marc Yong,9.1.78.2218,main music app,3,2026-09-11,2026-09-07,0.0375,0.7797,0.1829,neutral,0.7797
Google Play,324c84d1-2ed4-4556-b123-7ae27fb4b092,2026-09-11 23:53:13,1,horrible app. It gives you the ability to create your own playlist and allows you to organize it however you want then proceeds to play YOUR playlist in a random order unless you pay to have it play regularly and eventually it'll just remove your ability to choose the songs that play unless you pay for that aswell,elyjah,9.1.80.2221,horrible app it gives you the ability to create your own playlist and allows you to organize it however you want then proceeds to play your playlist in a random order unless you pay to have it play regularly and eventually it'll just remove your ability to choose the songs that play unless you pay for that aswell,58,2026-09-11,2026-09-07,0.46466666666666673,0.5001333333333333,0.0352,neutral,0.5001
Google Play,6d96cb04-5096-4db5-b6d8-e8fd9d883806,2026-09-11 23:49:59,1,constant adds,Ash Fulham,9.1.80.2221,constant adds,2,2026-09-11,2026-09-07,0.1458,0.7572,0.097,neutral,0.7572
Google Play,46461fec-fc04-4b4c-b711-0bb72b0f1474,2026-09-11 23:47:54,5,"This app is actually one of the best apps ever. there are MANY song recommendations that perfectly match my vibe, def recommend this app",Sandy's Trading Tips,9.1.80.2221,this app is actually one of the best apps ever there are many song recommendations that perfectly match my vibe def recommend this app,24,2026-09-11,2026-09-07,0.0049,0.0071,0.9879,positive,0.9879
Google Play,bcb50e28-d3d0-4f03-b8f1-6d9617807477,2026-09-11 23:44:34,5,"we know too well that spotify is SPOTIFY, excellent features and high quality streaming. Playlists and recommendations 10/10 even without premium the app is top, plus a subscription? Music gets even better. I wouldn't choose any other than this app!!",Obinna Cosmos,9.0.96.826,we know too well that spotify is spotify excellent features and high quality streaming playlists and recommendations 10 10 even without premium the app is top plus a subscription music gets even better i wouldn't choose any other than this app,41,2026-09-11,2026-09-07,0.0052,0.0134,0.9814,positive,0.9814
Google Play,44039ac9-71e9-4f77-b394-fbc22d0a2293,2026-09-11 23:44:11,5,Awesome song collection !,Unmukta,,awesome song collection,3,2026-09-11,2026-09-07,0.0039,0.0131,0.983,positive,0.983
Google Play,184d8b5c-0b4c-44cf-8d95-4dedc9ef8010,2026-09-11 23:43:32,1,subscription issue and they didn't even solve it.,Akshay Yadav,9.1.80.2221,subscription issue and they didn't even solve it,8,2026-09-11,2026-09-07,0.9011,0.0936,0.0053,negative,0.9011
Google Play,12163f8b-e73d-44d9-9c11-471ed9c9c1fc,2026-09-11 23:43:06,4,enjoyable and splendid experience.,Olajide-Williams Funmi,9.0.90.1229,enjoyable and splendid experience,4,2026-09-11,2026-09-07,0.0047,0.0151,0.9802,positive,0.9802
Google Play,4b5d92c9-1d02-4517-a6b5-8a041338cf95,2026-09-11 23:41:26,4,Everything is perfect. i love it. i just don't like the wighets🙁,Alireza Mousavi,9.1.80.2221,everything is perfect i love it i just don't like the wighets,12,2026-09-11,2026-09-07,0.4423,0.2477,0.3101,negative,0.4423
Google Play,4dd24fee-072f-423b-b205-abc624822151,2026-09-11 23:39:12,1,FIX YOUR GLITCHES,Vbena M,9.1.80.2221,fix your glitches,3,2026-09-11,2026-09-07,0.6213,0.3221,0.0566,negative,0.6213
Google Play,718a0c1a-9a9f-477f-8cb2-7e1bd914a4ba,2026-09-11 23:34:16,5,I absolutely adore using Spotify while playing and streaming games or even while busy doing work.,Kayleigh Diehl,9.1.80.2221,i absolutely adore using spotify while playing and streaming games or even while busy doing work,16,2026-09-11,2026-09-07,0.0025,0.0162,0.9813,positive,0.9813
Google Play,d9413638-787b-48c9-b2e1-9e37b73d2034,2026-09-11 23:26:33,5,it's pretty op ngl,Holloman Hobbies,9.1.80.2221,it's pretty op ngl,4,2026-09-11,2026-09-07,0.0081,0.0725,0.9193,positive,0.9193
Google Play,c46bb83d-b44d-4d87-9ab3-c19c53b968bb,2026-09-11 23:25:04,5,use it every day!,honey li,9.1.80.2221,use it every day,4,2026-09-11,2026-09-07,0.0084,0.6157,0.3759,neutral,0.6157
Google Play,bc2374ba-2189-453e-bf50-9ba96023e2e4,2026-09-11 23:18:29,5,by far the best music platform. I am a long time listener convert from Pandora and can't stand using any other music app,Kc Voll,9.1.80.2221,by far the best music platform i am a long time listener convert from pandora and can't stand using any other music app,23,2026-09-11,2026-09-07,0.0108,0.0562,0.933,positive,0.933
Google Play,2d278434-c5db-40a8-bae6-7f491b16b61f,2026-09-11 23:14:28,5,app is easy to operate and it's free for the basics but I recommend paying for premium package,Curt,9.1.80.2221,app is easy to operate and it's free for the basics but i recommend paying for premium package,18,2026-09-11,2026-09-07,0.0051,0.1416,0.8533,positive,0.8533
Google Play,1a9b8ada-4119-4d71-b4f9-2ed8ded4a51c,2026-09-11 23:12:32,5,I've been using Spotify since I was in elementary school and it's still peak 🥹🔥🔥,Pierre-Antoine Family,9.1.80.2221,i've been using spotify since i was in elementary school and it's still peak,14,2026-09-11,2026-09-07,0.0047,0.0506,0.9447,positive,0.9447
Google Play,83d20ddb-e4b5-4adb-9ecd-47aa2d4de3c9,2026-09-11 23:12:02,5,so cool 🫶,Bamboo Sam,9.1.64.1676,so cool,2,2026-09-11,2026-09-07,0.0058,0.0239,0.9703,positive,0.9703
Google Play,44c7d14d-f160-42b0-9871-35b90bfdc486,2026-09-11 23:11:15,4,Wow super spotify.....,Ramtula khanal,,wow super spotify,3,2026-09-11,2026-09-07,0.0044,0.0273,0.9683,positive,0.9683
Google Play,ff61e5f1-7e17-4494-bdca-eb4bace142bd,2026-09-11 23:06:42,3,they updated it and the song overlap n that sucks especially when the song not over please fix it,BIGDOGG,9.1.80.2221,they updated it and the song overlap n that sucks especially when the song not over please fix it,19,2026-09-11,2026-09-07,0.9013,0.0926,0.0061,negative,0.9013
Google Play,9785a134-63ea-4063-ab2d-1121849c1c02,2026-09-11 23:06:10,5,veryyy veryy nice aappp,Maya Ramteke,9.1.72.1891,veryyy veryy nice aappp,4,2026-09-11,2026-09-07,0.0071,0.0146,0.9783,positive,0.9783
Google Play,1d60669a-cb94-419e-b671-4cdab1b29802,2026-09-11 22:59:43,5,"personally never had a problem with Spotify, great music, I listen to MJ and Lil Tecca on my ps4 while playing fortnite, gta5, etc. Unfortunately, Spotify no longer works on the device I'm writing this review on. I don't have any issues whatsoever with it. I reccomend, sorry to those who encounter bugs. I'd do 6 stars if could.",Reckless Apple,,personally never had a problem with spotify great music i listen to mj and lil tecca on my ps4 while playing fortnite gta5 etc unfortunately spotify no longer works on the device i'm writing this review on i don't have any issues whatsoever with it i reccomend sorry to those who encounter bugs i'd do 6 stars if could,59,2026-09-11,2026-09-07,0.04305,0.1998,0.7571,positive,0.7571
Google Play,23bd49b1-60a4-45b1-92d6-734a1aa40405,2026-09-11 22:59:09,4,It's a really good app if they allow downloading that would change everything,Mr. Zenitsu,,it's a really good app if they allow downloading that would change everything,13,2026-09-11,2026-09-07,0.0076,0.021,0.9714,positive,0.9714
Google Play,ef3bc983-e493-4982-a281-21d5e2c564da,2026-09-11 22:56:09,5,I think this app should have Dolby Atmos like Apple Music is Done superb and class!! we need more sound quality with spatial Audio,Joel Turner,9.1.80.2221,i think this app should have dolby atmos like apple music is done superb and class we need more sound quality with spatial audio,24,2026-09-11,2026-09-07,0.0484,0.2125,0.7392,positive,0.7392
Google Play,f3e4632d-0d06-4eac-95be-ba04d0b0db94,2026-09-11 22:55:47,2,"6..7 in listening music but very greedy aap,again again give notification of premium pack to get more and more and stop my music after sometimes",Anjali Mourya,9.1.80.2221,6 7 in listening music but very greedy aap again again give notification of premium pack to get more and more and stop my music after sometimes,27,2026-09-11,2026-09-07,0.7849,0.1931,0.0221,negative,0.7849
Google Play,50e2b119-d9d2-4830-91a3-b6907101a36e,2026-09-11 22:49:39,1,ad jada deta he,Anchal Maurya,9.1.80.2221,ad jada deta he,4,2026-09-11,2026-09-07,0.2289,0.707,0.0641,neutral,0.707
Google Play,d81f3d82-e9e1-49ea-adb0-d06e8c7aca62,2026-09-11 22:49:12,5,Experience is so good 😊😊😊😊 unlimited out of unlimited 😊😊😊😊🎉🎉🎉🎉🎉🤣🎉😊😊🎉😊🎉😊🎉🎉😊🎉🥹🥹🥹🥹🙃🙂🙃🙂🙃🙂🙃,Maunil shah,9.1.78.2218,experience is so good unlimited out of unlimited,8,2026-09-11,2026-09-07,0.0026,0.0084,0.989,positive,0.989
Google Play,91bd2d39-265e-414b-bb05-0057a2436a67,2026-09-11 22:47:14,5,wonderful app mwaaaa 😘,thierry gabriel,,wonderful app mwaaaa,3,2026-09-11,2026-09-07,0.0041,0.0137,0.9822,positive,0.9822
Google Play,7fa2b9fe-80c1-4df9-8703-202aac530e2e,2026-09-11 22:46:30,5,good app love it,Appian,,good app love it,4,2026-09-11,2026-09-07,0.0071,0.0167,0.9762,positive,0.9762
Google Play,d1794591-d73f-4a2b-9ed3-be026792e3cd,2026-09-11 22:43:58,5,music makes me feel alive,Pee,9.1.80.2221,music makes me feel alive,5,2026-09-11,2026-09-07,0.0073,0.0419,0.9508,positive,0.9508
Google Play,0d7e6ba7-b1c1-481e-ad3f-8f2c2626d0d6,2026-09-11 22:42:31,5,it so good,Qamar White,,it so good,3,2026-09-11,2026-09-07,0.01,0.0462,0.9438,positive,0.9438
Google Play,3569088c-5d48-4dc0-acde-536253454331,2026-09-11 22:39:06,5,One of the best experiences I've had with live streaming,Roderick Fisher,9.1.80.2221,one of the best experiences i've had with live streaming,10,2026-09-11,2026-09-07,0.0028,0.012,0.9852,positive,0.9852
Google Play,66460904-3ad6-4e4e-b580-2b98e52fd448,2026-09-11 22:37:28,5,I love Spotify. It helps me with my writing,Belinda Korner,9.1.80.2221,i love spotify it helps me with my writing,9,2026-09-11,2026-09-07,0.0032,0.0123,0.9845,positive,0.9845
Google Play,b34d66be-e41e-409d-90ca-471508faea24,2026-09-11 22:37:26,5,app achha hai yaar,Aditya Gour,9.1.80.2221,app achha hai yaar,4,2026-09-11,2026-09-07,0.1386,0.7587,0.1028,neutral,0.7587
Google Play,1893c4e8-84b6-4f0b-9cab-359b8c053b5a,2026-09-11 22:35:06,5,possibly the best music app but I've been using this for the past 12 years I love this,X G,9.1.80.2221,possibly the best music app but i've been using this for the past 12 years i love this,18,2026-09-11,2026-09-07,0.0052,0.0091,0.9858,positive,0.9858
Google Play,33fe15e7-c567-458b-9a83-966ccd0d2c94,2026-09-11 22:30:35,5,The music I love when I want to listen,Rilette du Plessis,9.1.80.2221,the music i love when i want to listen,9,2026-09-11,2026-09-07,0.0026,0.0182,0.9793,positive,0.9793
Google Play,21ab0603-62cc-41e5-a0a1-fe5749a167ac,2026-09-11 22:28:57,2,for wenn we will have wull control of wich song to play wichalbum to play in order and that stuff like in the old days?,Vendetta _05,9.1.80.2221,for wenn we will have wull control of wich song to play wichalbum to play in order and that stuff like in the old days,25,2026-09-11,2026-09-07,0.0185,0.9358,0.0457,neutral,0.9358
Google Play,030555e3-7be8-4be9-8cbc-f43f9dbfca76,2026-09-11 22:28:08,5,BEST! Healing,Christopher Musembi,9.1.80.2221,best healing,2,2026-09-11,2026-09-07,0.0049,0.0195,0.9756,positive,0.9756
Google Play,892c0117-4353-4368-abdc-be3b3d5307f2,2026-09-11 22:26:20,3,"the more I use it, the worse the algorithm is for recommented song, song that are similar and created for mevplaylists. The app itself works fine. It also uses more Data then expected.",Kelly-Robyn Bellamy,9.1.80.2221,the more i use it the worse the algorithm is for recommented song song that are similar and created for mevplaylists the app itself works fine it also uses more data then expected,33,2026-09-11,2026-09-07,0.7798,0.1957,0.0245,negative,0.7798
Google Play,06bccb13-25ae-470b-9479-98c158aee4d2,2026-09-11 22:26:02,1,make everything free then I put five stars,Clay Ratzlaff,9.1.80.2221,make everything free then i put five stars,8,2026-09-11,2026-09-07,0.0598,0.6312,0.309,neutral,0.6312
Google Play,d1a70232-cf93-4e8c-8c51-bfcb67294be9,2026-09-10 23:52:45,5,"I am speechless 😶, (edit) I finally got Spotify premium yay!",Abhyuday,9.1.64.1676,i am speechless edit i finally got spotify premium yay,10,2026-09-10,2026-09-07,0.0038,0.0175,0.9788,positive,0.9788
Google Play,e78e7221-dce7-490b-a422-ba3e562fd4fe,2026-09-10 23:52:08,4,only ads are the problem everything is amazing,A Google user,,only ads are the problem everything is amazing,8,2026-09-10,2026-09-07,0.1825,0.1885,0.629,positive,0.629
Google Play,936b43b2-835f-47e3-ad85-3b577d5dc166,2026-09-10 23:52:03,5,my heart beat,Prince Kumar,9.1.78.2218,my heart beat,3,2026-09-10,2026-09-07,0.0543,0.526,0.4197,neutral,0.526
Google Play,16e8694d-4f2b-4362-9bec-76837bebe284,2026-09-10 23:51:08,4,wide range of music at your finger tips with an easy user interface,Alhassan Stephen,9.1.78.2218,wide range of music at your finger tips with an easy user interface,13,2026-09-10,2026-09-07,0.0056,0.2458,0.7487,positive,0.7487
Google Play,ca681863-13d5-4884-97af-d203073cdf7f,2026-09-10 23:47:11,5,it has every song I'm looking for and I love how the audio is really smoothh and js overall amazingg 🤍💝,Sheethal Prasanth,9.1.80.2221,it has every song i'm looking for and i love how the audio is really smoothh and js overall amazingg,20,2026-09-10,2026-09-07,0.0036,0.0079,0.9885,positive,0.9885
Google Play,ed2821c5-fb5f-4174-a100-59c20d281433,2026-09-10 23:46:11,4,not bad some commercials as nd lots of music not on my list,Vernon Sweeney,9.1.78.2218,not bad some commercials as nd lots of music not on my list,13,2026-09-10,2026-09-07,0.6544,0.3016,0.0441,negative,0.6544
Google Play,79feaaa8-4290-4c43-b184-d0703394a672,2026-09-10 23:46:09,5,"Fantastic music streaming app! The interface is clean and user-friendly, the personalized playlists like Discover Weekly are spot-on, and the vast library makes it effortless to find any song or podcast you're looking for.",Miyahira Kasumi,9.1.80.2221,fantastic music streaming app the interface is clean and user friendly the personalized playlists like discover weekly are spot on and the vast library makes it effortless to find any song or podcast you're looking for,36,2026-09-10,2026-09-07,0.0028,0.0142,0.9831,positive,0.9831
Google Play,ed4f4539-4998-40dd-b1f5-66b14544ba7f,2026-09-10 23:45:56,4,it was good until it took away skips and song picking and the premium being expensive but still a good app,Jade Van (Skylar),9.1.80.2221,it was good until it took away skips and song picking and the premium being expensive but still a good app,21,2026-09-10,2026-09-07,0.0814,0.1992,0.7194,positive,0.7194
Google Play,a1901f67-4692-4fec-8cbf-b46a87bc8d99,2026-09-10 23:45:15,5,This is litterrely very very nice app.,Wahid Mohammad,9.1.72.1891,this is litterrely very very nice app,7,2026-09-10,2026-09-07,0.0044,0.0107,0.9849,positive,0.9849
Google Play,70522a92-4315-4f6f-9183-15f42cbdf96c,2026-09-10 23:42:18,5,it's good I love bts playlist more I love this sarvice it's good but need to improve but I this this app so much thanks Spotify for this connection between a fan an a artists am an army but I don't go in bts concerts but it's feel like I having a concert thanks Spotify love you,kashikant poddar,9.1.80.2221,it's good i love bts playlist more i love this sarvice it's good but need to improve but i this this app so much thanks spotify for this connection between a fan an a artists am an army but i don't go in bts concerts but it's feel like i having a concert thanks spotify love you,57,2026-09-10,2026-09-07,0.0047,0.0195,0.9758,positive,0.9758
Google Play,8ae81ca7-aa6f-4187-af61-8b01e30e2989,2026-09-10 23:36:53,5,Always keeping me up with the newest hits and giving excellent music recommendations.,Victor,,always keeping me up with the newest hits and giving excellent music recommendations,13,2026-09-10,2026-09-07,0.004,0.0209,0.975,positive,0.975
Google Play,ef35ad01-c32b-446d-98e2-5c3f9f845754,2026-09-10 23:35:47,1,"stop inserting songs into my playlists without my consent. I would use the smart shuffle setting if I wanted AI used while trying to enjoy art, but since I appreciate art I do not appreciate being made to harm art by supporting AI against my will. Could you please not? Edit because it won't allow a reply: I have premium and turned off smart shuffle already, but thanks for talking to me like I'm stupid.",Red Carter,9.1.80.2221,stop inserting songs into my playlists without my consent i would use the smart shuffle setting if i wanted ai used while trying to enjoy art but since i appreciate art i do not appreciate being made to harm art by supporting ai against my will could you please not edit because it won't allow a reply i have premium and turned off smart shuffle already but thanks for talking to me like i'm stupid,75,2026-09-10,2026-09-07,0.7319,0.2474,0.0207,negative,0.7319
Google Play,35386c5f-cea7-4fba-b2be-9a6c2bd50bed,2026-09-10 23:35:13,1,"jam impossible to use. even having both mobiles in hand. so complicated. qr code scan does not work, started 2 jams, how to join another person in room - no chance even same wifi even Spotify couple. Very unthinkable unfriendly complexity.",Nerijus Navickas,9.1.80.2221,jam impossible to use even having both mobiles in hand so complicated qr code scan does not work started 2 jams how to join another person in room no chance even same wifi even spotify couple very unthinkable unfriendly complexity,40,2026-09-10,2026-09-07,0.915,0.0788,0.0062,negative,0.915
Google Play,514f4540-5f68-4a14-b1b6-aff520ad4e80,2026-09-10 23:34:46,5,"Feature Suggestion : Please provide song sharing option so I can directly shere song or playlist to my friend in just one-two clicks. if u provide this feature, Spotify will be come on fire 🔥🔥 One Problem : Even only 42 MB, Spotify hang in my mobile and also make my mobile heavier to use and laggy. Otherwise Spotify is Best app",Darshan Sarvaiya,9.0.94.274,feature suggestion please provide song sharing option so i can directly shere song or playlist to my friend in just one two clicks if u provide this feature spotify will be come on fire one problem even only 42 mb spotify hang in my mobile and also make my mobile heavier to use and laggy otherwise spotify is best app,60,2026-09-10,2026-09-07,0.0089,0.08725,0.90385,positive,0.9038
Google Play,974a6bf6-dcdf-4ca1-bf6b-2d6b14288c1d,2026-09-10 23:33:13,5,why are you forci ng to premium,SZgeelan 1,9.1.80.2221,why are you forci ng to premium,7,2026-09-10,2026-09-07,0.6308,0.3503,0.0189,negative,0.6308
Google Play,bc73641d-e1a7-4a06-8115-aec3aaab4dd4,2026-09-10 23:33:05,1,It's easy to listen to songs even if ads are playing but now I can't listen to one song the second time it's feature is getting terrible by the time 😞. premium is best but in Spotify I can't even listen to the same song for the second time I hope you understand and do not change the normal features from Spotify.,YashChaurasiya,9.1.36.1948,it's easy to listen to songs even if ads are playing but now i can't listen to one song the second time it's feature is getting terrible by the time premium is best but in spotify i can't even listen to the same song for the second time i hope you understand and do not change the normal features from spotify,61,2026-09-10,2026-09-07,0.64355,0.25665,0.0998,negative,0.6436
Google Play,c81df0dd-fb2c-48c9-b0da-edab4130bb7a,2026-09-10 23:32:40,5,brilliantly just.my songs,Pat Riddell,9.1.80.2221,brilliantly just my songs,4,2026-09-10,2026-09-07,0.0051,0.0233,0.9717,positive,0.9717
Google Play,437da9d7-cdbd-45db-aeb6-ad42c08305d6,2026-09-10 23:29:05,5,7yl t ACS A a44,Zamzam Osman,9.1.80.2221,7yl t acs a a44,5,2026-09-10,2026-09-07,0.1267,0.7774,0.0958,neutral,0.7774
Google Play,44cc8bbe-581a-46c3-b4ca-72c1974c4637,2026-09-10 23:26:31,1,"good, but stop begging for premium and allow more free features",Atharva Deshpande,9.1.80.2221,good but stop begging for premium and allow more free features,11,2026-09-10,2026-09-07,0.102,0.4555,0.4425,neutral,0.4555
Google Play,b81b4415-5c2b-4796-96c9-ec707fa2a27a,2026-09-10 23:25:34,4,I wish there were less ads,Crystle Chavez,9.1.80.2221,i wish there were less ads,6,2026-09-10,2026-09-07,0.5121,0.3985,0.0895,negative,0.5121
Google Play,8ecbc172-2df9-4029-804f-ba1bbf110b38,2026-09-10 23:24:49,1,"i don't know what has happened but spotify isn't like it used to be ,doesn't even show the list of songs/podcasts, it's annoying nowi will uninstall it",Shpresa Lika,,i don't know what has happened but spotify isn't like it used to be doesn't even show the list of songs podcasts it's annoying nowi will uninstall it,28,2026-09-10,2026-09-07,0.9364,0.0582,0.0054,negative,0.9364
Google Play,94792f83-62a4-4328-819a-d4c4179cc49f,2026-09-10 23:20:50,5,best the music,Daniel11,9.1.80.2221,best the music,3,2026-09-10,2026-09-07,0.0174,0.1366,0.846,positive,0.846
Google Play,4ea4db59-b429-4f68-b70f-f5b01fafdeef,2026-09-10 23:19:51,5,the best app for songs in the world 🌍,Adam Dalawala,9.1.80.2221,the best app for songs in the world,8,2026-09-10,2026-09-07,0.0027,0.0165,0.9807,positive,0.9807
Google Play,7b6d7dd8-2150-4b94-81f8-d171c6cea78c,2026-09-10 23:17:15,1,"😭 I wouldn't be so infuriated if it didn't just keep happening, the smart shuffle is just horrid. Despite my troubleshooting (which works temporarily) it eventually always turns itself back on and wont turn off and I despise it.",Cassius Robinson,9.1.80.2221,i wouldn't be so infuriated if it didn't just keep happening the smart shuffle is just horrid despite my troubleshooting which works temporarily it eventually always turns itself back on and wont turn off and i despise it,38,2026-09-10,2026-09-07,0.9458,0.0483,0.0059,negative,0.9458
Google Play,d8ebe417-765b-4b1d-8041-acfea952d978,2026-09-10 23:15:39,4,I truly don't know about this app but people are telling me that it's good.so I'm looking forward to seeing it,Noordeen Lulika,,i truly don't know about this app but people are telling me that it's good so i'm looking forward to seeing it,22,2026-09-10,2026-09-07,0.0046,0.0274,0.968,positive,0.968
Google Play,1f1b93f5-030b-4575-ba5e-3d7dd6b180ae,2026-09-10 23:09:28,5,amezing app 💯,Pooja Karwasra,,amezing app,2,2026-09-10,2026-09-07,0.0387,0.5819,0.3793,neutral,0.5819
Google Play,bb3210ce-5e01-4cda-8917-6bc854f932c1,2026-09-10 23:08:50,5,good music recommendations,Kvng Jesse,9.1.80.2221,good music recommendations,3,2026-09-10,2026-09-07,0.0206,0.2166,0.7628,positive,0.7628
Google Play,449c6727-d693-4a5d-921c-172988f335bd,2026-09-10 23:07:20,5,it good,Ayden Smith,9.1.80.2221,it good,2,2026-09-10,2026-09-07,0.0287,0.2091,0.7622,positive,0.7622
Google Play,46fab68b-a9a3-4f8e-b0f7-d46f0eab4b89,2026-09-10 23:06:41,5,best for my mind,Soumitra,9.1.80.2221,best for my mind,4,2026-09-10,2026-09-07,0.0297,0.2649,0.7054,positive,0.7054
Google Play,f428ec93-d40f-49d2-b986-e7806ff0399d,2026-09-10 23:06:33,5,life enriching access to the musical universe 🎧💜,Veronica Igwe,9.1.80.2221,life enriching access to the musical universe,7,2026-09-10,2026-09-07,0.0016,0.0346,0.9638,positive,0.9638
Google Play,890aac3c-20aa-47fc-ae77-f23375e96a88,2026-09-10 23:06:13,5,I found the new wibe I love all the songs and gate Spotify premium it lovely🥰😊,Devam Raparka,9.1.80.2221,i found the new wibe i love all the songs and gate spotify premium it lovely,16,2026-09-10,2026-09-07,0.0037,0.0085,0.9878,positive,0.9878
Google Play,3f0981dc-75f9-4e78-b9e2-6cc0bb8f4393,2026-09-10 23:04:59,5,expensive but good,Fancy Biggy,,expensive but good,3,2026-09-10,2026-09-07,0.0957,0.2766,0.6278,positive,0.6278
Google Play,d17247c8-c702-4966-8c1d-2fbdbf96c79a,2026-09-10 23:02:02,5,very good app i rate 5,Pravin Kokane,,very good app i rate 5,6,2026-09-10,2026-09-07,0.0069,0.0151,0.978,positive,0.978
Google Play,25ada902-defe-4274-9f52-ebf17d5e41a6,2026-09-10 22:58:38,4,a lil glitches and way too many ads,Parampriya Swain,9.1.80.2221,a lil glitches and way too many ads,8,2026-09-10,2026-09-07,0.8923,0.0995,0.0082,negative,0.8923
Google Play,dcf0946a-0213-4d8f-969b-57e4ded03ad3,2026-09-10 22:57:37,5,Great just I hate ads,Keanen Matina,9.1.80.2221,great just i hate ads,5,2026-09-10,2026-09-07,0.3439,0.2163,0.4398,positive,0.4398
Google Play,f0c1816d-d1b1-498a-bc86-0db65a96c32f,2026-09-10 22:54:00,5,great app to have,jay nunez,9.1.80.2221,great app to have,4,2026-09-10,2026-09-07,0.0085,0.0234,0.9681,positive,0.9681
Google Play,137132b2-6564-4f68-a709-8932bd260323,2026-09-10 22:50:50,1,"this is like losing my patience , I am very angry on this app , if I choose a song it tells that to take premium to play your song ?, 😡 and if I also add the queue for that also it says that take premium ughhh I am fed up of this app , for everything premium? 😡 , when I will be in happy mode and I play song in Spotify it makes my mood to destroy I hate this app ughhhh bro just to play our own song who takes premium ?, 🤬 i am gona take other music app but never gona download Spotify,go to hell",Priya Chougala,9.1.80.2221,this is like losing my patience i am very angry on this app if i choose a song it tells that to take premium to play your song and if i also add the queue for that also it says that take premium ughhh i am fed up of this app for everything premium when i will be in happy mode and i play song in spotify it makes my mood to destroy i hate this app ughhhh bro just to play our own song who takes premium i am gona take other music app but never gona download spotify go to hell,103,2026-09-10,2026-09-07,0.91945,0.07039999999999999,0.01015,negative,0.9194
Google Play,bc6cabc5-22fc-432f-8a08-20349289adb3,2026-09-10 22:50:05,5,Best music streaming service I have EVER had. Now it's the only one!,Matt Bates,9.1.80.2221,best music streaming service i have ever had now it's the only one,13,2026-09-10,2026-09-07,0.005,0.0147,0.9803,positive,0.9803
Google Play,b2b051ef-3183-44da-92ef-49e7d08453d0,2026-09-10 22:47:36,4,"Had this since 2016. I love Spotify, they have gotten better through the years. the AI setting are interesting. I think they should integrate it to the DJ. I missed when the DJ used to say my name and have more lines for in between sets of music. The only idea other then that to make it better would be when you use the AI to look for a vibe of music is uses your music as a base and then adds some more throughout so there is a decent amount of songs you know with new ones, it's opposite now.",Michael Mentzer,9.1.80.2221,had this since 2016 i love spotify they have gotten better through the years the ai setting are interesting i think they should integrate it to the dj i missed when the dj used to say my name and have more lines for in between sets of music the only idea other then that to make it better would be when you use the ai to look for a vibe of music is uses your music as a base and then adds some more throughout so there is a decent amount of songs you know with new ones it's opposite now,101,2026-09-10,2026-09-07,0.053649999999999996,0.3644,0.58205,positive,0.582
Google Play,197ab899-9423-4f83-a636-9adbbac24b4c,2026-09-10 22:42:09,5,love this better than Pandora,Kevanna Andrews,9.1.80.2221,love this better than pandora,5,2026-09-10,2026-09-07,0.0072,0.0206,0.9723,positive,0.9723
Google Play,de8531e2-0a3d-4c05-a89e-6c367c366224,2026-09-10 22:41:36,2,"it's just famous and everything else is ragebait like I can't even skip songs,also can't skip parts of song and i can't even play the song i like plus ads always saying explore premium like broop",cherry,,it's just famous and everything else is ragebait like i can't even skip songs also can't skip parts of song and i can't even play the song i like plus ads always saying explore premium like broop,37,2026-09-10,2026-09-07,0.9012,0.0885,0.0103,negative,0.9012
Google Play,50d907fd-d3a9-4c2a-b842-626fb0d12b0d,2026-09-10 22:40:21,1,worst app till date ... we can't play our liked song in order ... we can't skip more than 6 song in an hour ... we have to see an ad everytime after 2-3 songs ... now I am hating this app 😐 I prefer everyone to download echo music available on Google which is way more better than this we get premium feature of Spotify there ...,Karan,9.1.78.2218,worst app till date we can't play our liked song in order we can't skip more than 6 song in an hour we have to see an ad everytime after 2 3 songs now i am hating this app i prefer everyone to download echo music available on google which is way more better than this we get premium feature of spotify there,63,2026-09-10,2026-09-07,0.8734,0.1099,0.0167,negative,0.8734
Google Play,8cb0971e-4e3f-4976-a6b5-6231b741d783,2026-09-10 22:38:18,5,the best music and podcasts app,Francisco Duque,9.1.80.2221,the best music and podcasts app,6,2026-09-10,2026-09-07,0.0039,0.0187,0.9774,positive,0.9774
Google Play,facb6c9a-5fce-4ebf-81a8-e19e3624a193,2026-09-10 22:35:46,5,"AMAZING, experience was mostly like Apple music 🤣",Sekelo Mhlanga,9.1.80.2221,amazing experience was mostly like apple music,7,2026-09-10,2026-09-07,0.0045,0.009,0.9865,positive,0.9865
Google Play,7583f48b-7605-4acf-a29a-a5b7fd958936,2026-09-10 22:35:43,5,Less ads and really good streaming quality. I highly recommend it.,Dr. Suma Das Nath,9.1.76.2055,less ads and really good streaming quality i highly recommend it,11,2026-09-10,2026-09-07,0.0051,0.0229,0.972,positive,0.972
Google Play,ac1d3258-0d72-4388-a355-16e53f0cef6d,2026-09-10 22:34:20,5,Aezing no word🌹🌹👍👍,Satyendra prasad Singh,,aezing no word,3,2026-09-10,2026-09-07,0.0054,0.0453,0.9493,positive,0.9493
Google Play,4916f727-18b8-40fb-8235-46a34b432782,2026-09-10 22:32:36,5,The best so far,Hason Moon,,the best so far,4,2026-09-10,2026-09-07,0.0033,0.0221,0.9746,positive,0.9746
Google Play,d33b0b62-3175-46c3-9af0-b90d04019262,2026-09-10 22:30:02,1,"you want money for music, Spotify....? it's been years and i hadn't updated my tablet because of the stupidity you've done by making everything cost money... can't even rewind? that's how much you've fallen... i loved Spotify...and if you think college students can get primium your wrong, and don't come at me saying if you can afford a phone you can afford couple hundreds...it's not my money... and it's not even our phone sometimes it's hand me downs...all I wanted was to hear online music.",Dawn Howls,9.1.32.2083,you want money for music spotify it's been years and i hadn't updated my tablet because of the stupidity you've done by making everything cost money can't even rewind that's how much you've fallen i loved spotify and if you think college students can get primium your wrong and don't come at me saying if you can afford a phone you can afford couple hundreds it's not my money and it's not even our phone sometimes it's hand me downs all i wanted was to hear online music,88,2026-09-10,2026-09-07,0.6383,0.19090000000000001,0.17075,negative,0.6383
Google Play,cc5ea464-2ea4-458c-8263-1fd68b1ff59d,2026-09-09 23:59:09,5,makes me so clam when I'm sad or mad I love this app!,Ashantisagisagi11,9.1.80.2221,makes me so clam when i'm sad or mad i love this app,13,2026-09-09,2026-09-07,0.1264,0.1021,0.7715,positive,0.7715
Google Play,9510fbd7-9834-4a0a-bb81-6f8859faaf18,2026-09-09 23:58:59,4,Love the app but there's no underground music like other apps,Joshua McNerney,,love the app but there's no underground music like other apps,11,2026-09-09,2026-09-07,0.1123,0.2442,0.6435,positive,0.6435
Google Play,f0b9e430-5e5b-4603-b0b4-8ec03169c2d7,2026-09-09 23:57:45,5,"very good app, I love it",Ajan Reka,9.1.80.2221,very good app i love it,6,2026-09-09,2026-09-07,0.0047,0.0084,0.987,positive,0.987
Google Play,fce77dbe-fffd-41b9-95b0-6af794ba9910,2026-09-09 23:49:23,4,Easy to find what you're wanting to listen to.,Lucas Strader,9.1.80.2221,easy to find what you're wanting to listen to,9,2026-09-09,2026-09-07,0.0188,0.5581,0.4232,neutral,0.5581
Google Play,570dd521-a91f-48fe-9727-ad9335e3fb34,2026-09-09 23:49:16,5,easy to use huge selection of music,Donald Odom,9.1.80.2221,easy to use huge selection of music,7,2026-09-09,2026-09-07,0.0076,0.131,0.8614,positive,0.8614
Google Play,fbc58f36-5495-4d65-9538-4f83510e080e,2026-09-09 23:47:47,1,BRO MAKE PREMIUM FREE FOR 10 YEARS ATLEAST,Fin R,,bro make premium free for 10 years atleast,8,2026-09-09,2026-09-07,0.2335,0.5472,0.2193,neutral,0.5472
Google Play,ddaec0aa-ad0e-4e1b-be77-3597c1efbd04,2026-09-09 23:46:22,5,use it everyday!,Sabrina Puckett,9.1.80.2221,use it everyday,3,2026-09-09,2026-09-07,0.0072,0.5531,0.4397,neutral,0.5531
Google Play,fd700a71-c39e-4e83-9e5d-22d6b9ace6a3,2026-09-09 23:45:38,5,Spotify in 2026 is still the #1 music streaming app in the world for most people — but it's getting more expensive and the sound quality debate won't go away.,Maak,,spotify in 2026 is still the 1 music streaming app in the world for most people but it's getting more expensive and the sound quality debate won't go away,29,2026-09-09,2026-09-07,0.3567,0.4746,0.1687,neutral,0.4746
Google Play,7c98a681-a361-4131-9a1b-e93685da9f6b,2026-09-09 23:43:27,4,very nice app but now I'm struggling to play with it on my Hawaii smart phone,Sibongile Zulu,9.1.76.2055,very nice app but now i'm struggling to play with it on my hawaii smart phone,16,2026-09-09,2026-09-07,0.6349,0.2823,0.0829,negative,0.6349
Google Play,d7279840-ce38-4a7d-9f03-66bbe3f18f4e,2026-09-09 23:42:16,4,"I love the music app just for some reason lately after the new update, I can't just let it play. It has to be open on my phone or else it'll just go mute. Even with all the permissions granted",Ray,9.1.80.2221,i love the music app just for some reason lately after the new update i can't just let it play it has to be open on my phone or else it'll just go mute even with all the permissions granted,40,2026-09-09,2026-09-07,0.0637,0.1658,0.7704,positive,0.7704
Google Play,5195d147-3fc3-4315-8cd2-3bedab6054ae,2026-09-09 23:40:21,4,It's good. Lots of ads though.,Grant Allan,9.1.80.2221,it's good lots of ads though,6,2026-09-09,2026-09-07,0.1235,0.27,0.6066,positive,0.6066
Google Play,8f29513e-7f86-450e-9819-ab3dd730fa46,2026-09-09 23:39:11,5,"nice experience, best music app...!",Rajesh Shinde,9.1.80.2221,nice experience best music app,5,2026-09-09,2026-09-07,0.0037,0.0096,0.9868,positive,0.9868
Google Play,f5c998a2-a4cd-4e94-a006-08ab84736bf0,2026-09-09 23:38:34,5,The lossless download format sounds better than cds. controlling the app running on my laptop via my phone is a game changer. Laptop is attached to my Pioneer stereo for optimum sound with optional outdoor speakers attached. A must in the car through Android Auto.,Trevor Henderson,9.1.80.2221,the lossless download format sounds better than cds controlling the app running on my laptop via my phone is a game changer laptop is attached to my pioneer stereo for optimum sound with optional outdoor speakers attached a must in the car through android auto,45,2026-09-09,2026-09-07,0.0045,0.0479,0.9476,positive,0.9476
Google Play,7996e0dc-4682-4b5c-a369-f2bffc3a6c46,2026-09-09 23:35:32,5,I love it i had a very good experience,Nabeel Ikram,9.1.80.2221,i love it i had a very good experience,9,2026-09-09,2026-09-07,0.0043,0.0081,0.9876,positive,0.9876
Google Play,a1bdf6ed-44e5-452b-b236-6cdf553333df,2026-09-09 23:31:26,5,"it is the best but can you guys make it be used when offline Please.I really like listening to music on this app my favourite app this year .you guys are the best . thanks for making Spotify for people who loves music,have a great day 🥰🥰🥰🥰🥰🥰🥰",Maya Missy maymay,9.1.80.2221,it is the best but can you guys make it be used when offline please i really like listening to music on this app my favourite app this year you guys are the best thanks for making spotify for people who loves music have a great day,47,2026-09-09,2026-09-07,0.0043,0.0101,0.9856,positive,0.9856
Google Play,40bd677b-6840-4231-a05a-dbf53edade0b,2026-09-09 23:22:57,5,always gives me what I look for! no matter how old the tune.,John Harvey,9.1.80.2221,always gives me what i look for no matter how old the tune,13,2026-09-09,2026-09-07,0.004,0.0399,0.9561,positive,0.9561
Google Play,6b02bc0f-95ee-43b0-962f-5a64aeeaf4c5,2026-09-09 23:22:20,5,persinalized playlists at their peak,Abdirahman,9.1.80.2221,persinalized playlists at their peak,5,2026-09-09,2026-09-07,0.1283,0.7665,0.1052,neutral,0.7665
Google Play,985a1f08-97ce-42b4-9232-e4b1c4e4b9c8,2026-09-09 23:22:15,5,bro to cool and for student subricbtion 67 rupees oh ! my god,Aditya kumar jha,,bro to cool and for student subricbtion 67 rupees oh my god,12,2026-09-09,2026-09-07,0.0248,0.1545,0.8207,positive,0.8207
Google Play,09e9cd81-9498-435f-9362-d63d6fa5bc2a,2026-09-09 23:19:59,5,Spotify is the best app for listening music 👍🤩❤️,Rakha,9.1.76.2055,spotify is the best app for listening music,8,2026-09-09,2026-09-07,0.0027,0.0087,0.9886,positive,0.9886
Google Play,94d562e2-46e4-458a-89d1-298080a7959d,2026-09-09 23:19:38,5,the experience is very good,Sizwe Ndlovu,,the experience is very good,5,2026-09-09,2026-09-07,0.0045,0.0174,0.9781,positive,0.9781
Google Play,4ba3f106-b992-4b42-bd27-7958171f4fa7,2026-09-09 23:19:29,4,too much ads but overall it's good,Lewis Soccer,9.1.80.2221,too much ads but overall it's good,7,2026-09-09,2026-09-07,0.049,0.2022,0.7487,positive,0.7487
Google Play,77d45ff9-a1fc-42d2-bb47-7a81a029cb26,2026-09-09 23:18:47,1,it forces you to buy premium or else they will make your experience a hell,Chimudichimudi,9.1.78.2218,it forces you to buy premium or else they will make your experience a hell,15,2026-09-09,2026-09-07,0.7717,0.2167,0.0116,negative,0.7717
Google Play,3623f907-c912-4ea5-919e-0b086e8de1b6,2026-09-09 23:17:55,5,amazing just need WiFi,Faith Owens,9.1.80.2221,amazing just need wifi,4,2026-09-09,2026-09-07,0.0068,0.0421,0.9511,positive,0.9511
Google Play,0677a63a-bad3-4fe6-b2e4-9ae64ad357e0,2026-09-09 23:14:02,4,beautiful experience,Precious Destiny,9.1.72.1891,beautiful experience,2,2026-09-09,2026-09-07,0.0109,0.0291,0.96,positive,0.96
Google Play,138c5d17-acea-45f7-8915-6d60c8c2e4a9,2026-09-09 23:14:01,3,"I have taken the premium membership and the app is great with premium but currently for a while even after the update, the lyrics aren't showing up to him. Whenever I try to open the lyrics, it just shows a blank black box. [Other than this problem , this app is great than the other apps.]",Divisha Chaudhary,,i have taken the premium membership and the app is great with premium but currently for a while even after the update the lyrics aren't showing up to him whenever i try to open the lyrics it just shows a blank black box other than this problem this app is great than the other apps,55,2026-09-09,2026-09-07,0.1164,0.3218,0.5618,positive,0.5618
Google Play,3f9a1b07-9887-443c-81a3-67fb2f259213,2026-09-09 23:07:23,5,this apps emails us a lot really really lot of ads congested but this best music app,Nirmay Maurya,9.1.78.2218,this apps emails us a lot really really lot of ads congested but this best music app,17,2026-09-09,2026-09-07,0.1885,0.2475,0.564,positive,0.564
Google Play,0df40a0e-6686-4c7c-9ea3-16c980c6a1a9,2026-09-09 23:05:38,1,"I paid for the premium but it's been more than weeks neither i got premium, nor the refund. Spotify is following the path of looting now, shameful.",Snigdha Thakur,9.1.80.2221,i paid for the premium but it's been more than weeks neither i got premium nor the refund spotify is following the path of looting now shameful,27,2026-09-09,2026-09-07,0.9227,0.0715,0.0058,negative,0.9227
Google Play,4856277f-a581-43a2-b1d4-164e6e68d19c,2026-09-09 23:03:05,1,Latest widget update SUCKS. I want the widget to remember the last song I stopped at not replay the playlist/album from the beginning again. Why cant corporations leave a good thing alone? you dont have to keep changing stuff all the time,Vishal G,,latest widget update sucks i want the widget to remember the last song i stopped at not replay the playlist album from the beginning again why cant corporations leave a good thing alone you dont have to keep changing stuff all the time,43,2026-09-09,2026-09-07,0.9164,0.0753,0.0082,negative,0.9164
Google Play,c469d2ef-c3d9-45c3-aa2b-ef3006bd4b4d,2026-09-09 23:02:33,5,great music plat,Muchisa Phiri,9.1.76.2055,great music plat,3,2026-09-09,2026-09-07,0.0094,0.0754,0.9152,positive,0.9152
Google Play,d59ec1ef-1e9d-43c5-934f-c8bed31cc98b,2026-09-09 22:57:22,5,it's too good for listening any music easy to search and listen,Vaibhav Yadav,,it's too good for listening any music easy to search and listen,12,2026-09-09,2026-09-07,0.0209,0.0928,0.8863,positive,0.8863
Google Play,9520265b-b2a5-4b02-9de0-b4811f5fb3bd,2026-09-09 22:56:54,5,"I wish there could be a way for our friend groups across the world could share the family plan with us. Family isn't just restricted to blood, and the ones who matter to us we want to help",Grey Bubbles,9.1.78.2218,i wish there could be a way for our friend groups across the world could share the family plan with us family isn't just restricted to blood and the ones who matter to us we want to help,38,2026-09-09,2026-09-07,0.0303,0.4398,0.5299,positive,0.5299
Google Play,1bcd6c2c-52ac-47ab-ac5a-2efa3f170b35,2026-09-09 22:56:22,1,too much ad and not full control not download this app,Ak gamer 24 Khan,,too much ad and not full control not download this app,11,2026-09-09,2026-09-07,0.9001,0.0903,0.0097,negative,0.9001
Google Play,6395a0ba-7d66-4880-95c2-c1e208453cee,2026-09-09 22:54:44,5,u might be the greatest app on this whole page,Noyd Floyd,9.1.80.2221,u might be the greatest app on this whole page,10,2026-09-09,2026-09-07,0.0089,0.0257,0.9655,positive,0.9655
Google Play,131a28bc-ce11-4e70-b8cc-ec40d6af187d,2026-09-09 22:51:27,5,This is refresher course for students,Shivansh Shukla,9.1.80.2221,this is refresher course for students,6,2026-09-09,2026-09-07,0.0218,0.8751,0.103,neutral,0.8751
Google Play,78fc1970-d0d8-47c0-a87e-7cd674216a5d,2026-09-09 22:48:02,5,"alot of good music, and podcasts, even audiobooks!",* *,9.1.80.2221,alot of good music and podcasts even audiobooks,8,2026-09-09,2026-09-07,0.0018,0.0167,0.9815,positive,0.9815
Google Play,973079be-db81-455b-9aab-18e495f95706,2026-09-09 22:45:27,5,zero ads if u have premium 😌😭 i genuinely love this app when I have Spotify premium but when I don't I kinda hate this app 🤫,Adarsh Basantani,,zero ads if u have premium i genuinely love this app when i have spotify premium but when i don't i kinda hate this app,25,2026-09-09,2026-09-07,0.2448,0.2137,0.5415,positive,0.5415
Google Play,a294b1b8-4e72-40cc-b6de-657a66f06fab,2026-09-09 22:45:26,1,"98% ads,2% music",XxJuicexX,9.1.80.2221,98 ads 2 music,4,2026-09-09,2026-09-07,0.193,0.7226,0.0844,neutral,0.7226
Google Play,8d80cf45-27b1-4768-9076-83b3acf3f334,2026-09-09 22:44:28,5,The best music,hamidreza rahimi,9.1.80.2221,the best music,3,2026-09-09,2026-09-07,0.0058,0.0303,0.9639,positive,0.9639
Google Play,b20c0572-59de-415d-864b-8ce3638c3083,2026-09-09 22:43:04,5,this app is so good I recommend lovely songs it is greatttttttt I ❤️,Sofian Hussain,9.1.80.2221,this app is so good i recommend lovely songs it is greatttttttt i,13,2026-09-09,2026-09-07,0.0038,0.0065,0.9897,positive,0.9897
Google Play,c1178436-5b5c-4b2b-9d3b-aa6ea83d3393,2026-09-09 22:42:40,5,simply amazing,Tristan Eazy-E6972,9.1.80.2221,simply amazing,2,2026-09-09,2026-09-07,0.0155,0.036,0.9485,positive,0.9485
Google Play,bcc4808a-2f90-4168-ac46-7fdac555ba20,2026-09-09 22:36:20,5,This app refresh my mind 💜,Mst Laboni khatun,9.1.80.2221,this app refresh my mind,5,2026-09-09,2026-09-07,0.0033,0.0239,0.9727,positive,0.9727
Google Play,dbe8bebb-4585-4edf-9bf8-278ca67d474b,2026-09-09 22:35:11,5,great app for music,Khawaja Muhammad,9.1.80.2221,great app for music,4,2026-09-09,2026-09-07,0.0045,0.025,0.9704,positive,0.9704
Google Play,7ab51842-eafa-4367-a7c5-8d64a18453b6,2026-09-09 22:33:56,1,This app cut out TWICE on me today. That is NOT what I am paying a monthly fee for. Get it together or I will find another service.,Michael Maston,9.1.80.2221,this app cut out twice on me today that is not what i am paying a monthly fee for get it together or i will find another service,28,2026-09-09,2026-09-07,0.9371,0.0558,0.007,negative,0.9371
Google Play,3ec4286f-4fc6-424f-b81b-3643b7a928a9,2026-09-09 22:32:56,5,it remembers my loved songs and bring them together on most repeated songs and I like that so much,ENOCH JONAS,,it remembers my loved songs and bring them together on most repeated songs and i like that so much,19,2026-09-09,2026-09-07,0.0036,0.0247,0.9717,positive,0.9717
Google Play,c3bc3740-eae5-4c53-815f-129f7da79196,2026-09-09 22:30:44,5,best song listening app forever 💞,Abbilash Suthagaran,9.1.80.2221,best song listening app forever,5,2026-09-09,2026-09-07,0.0049,0.0127,0.9824,positive,0.9824
Google Play,c8902a04-36e4-4bee-a679-16d23645a5a8,2026-09-08 23:59:10,5,Simply awesome!! I can't live without Spotify.. Spotify has become part of so many good times!!!! Helps me do all in my life.. work and play... I love you Spotify💞💞💞,Antonella,9.1.80.2221,simply awesome i can't live without spotify spotify has become part of so many good times helps me do all in my life work and play i love you spotify,30,2026-09-08,2026-09-07,0.0044,0.0076,0.988,positive,0.988
Google Play,cf31f105-bc3e-4784-be89-e3ba09c0421e,2026-09-08 23:56:57,1,I can no longer purchase gift cards for Spotify at the store or online. I refuse to allow Spotify to charge my card every month. That was the whole purpose of me buying the gift cards in the first place.,John Doe,9.1.80.2221,i can no longer purchase gift cards for spotify at the store or online i refuse to allow spotify to charge my card every month that was the whole purpose of me buying the gift cards in the first place,40,2026-09-08,2026-09-07,0.7531,0.2297,0.0173,negative,0.7531
Google Play,4787effc-1222-4053-a484-5beafb599cf0,2026-09-08 23:56:35,2,I can't login its say wrong email but is the right email.,Rosalina Hernandez,8.6.34.749,i can't login its say wrong email but is the right email,12,2026-09-08,2026-09-07,0.4783,0.4953,0.0264,neutral,0.4953
Google Play,f3d98aa0-e8bf-4a03-aa97-a3c4a4eb4fe3,2026-09-08 23:56:15,4,Too many ads and the songs loop before they will play new songs alot. But overall its decent,Amanda Smith,9.1.80.2221,too many ads and the songs loop before they will play new songs alot but overall its decent,18,2026-09-08,2026-09-07,0.5413,0.3767,0.082,negative,0.5413
Google Play,d1e826c8-6f40-4d7e-879e-45107cae3d55,2026-09-08 23:51:41,5,Best out there,Jacob Salazar,9.1.80.2221,best out there,3,2026-09-08,2026-09-07,0.0095,0.0677,0.9228,positive,0.9228
Google Play,3e433497-1019-46c8-99bc-3dbff3257cba,2026-09-08 23:49:27,1,"This app is so unfair. I have Spotify free and it now says I need premium to select my next song or otherwise I can't do it, I found it like Spotify wants to make anyone purchase the premium plan. It so ridiculous they are making like that and who knows what else they gonna add.",Mia Guzman (Darihanzi),9.1.64.1676,this app is so unfair i have spotify free and it now says i need premium to select my next song or otherwise i can't do it i found it like spotify wants to make anyone purchase the premium plan it so ridiculous they are making like that and who knows what else they gonna add,56,2026-09-08,2026-09-07,0.8948,0.0979,0.0073,negative,0.8948
Google Play,986ebc04-41f1-4b22-91de-7d46696306ee,2026-09-08 23:43:23,5,always enjoying this app by listening my favorite music thnx,Zee Khan,9.1.80.2221,always enjoying this app by listening my favorite music thnx,10,2026-09-08,2026-09-07,0.0026,0.0097,0.9876,positive,0.9876
Google Play,7cb9eb1f-332f-4621-980d-3206254a4284,2026-09-08 23:38:27,1,third class app with only target to sell subscription to the customer,Rushil Vyas,9.1.80.2221,third class app with only target to sell subscription to the customer,12,2026-09-08,2026-09-07,0.3647,0.5921,0.0433,neutral,0.5921
Google Play,ab7ef977-2a81-4c7c-93cc-e416cdf96e71,2026-09-08 23:37:21,2,"I like getting recommended new music based on what I listen to. I like being able to find and stream music easily. But I have a lot of complaints about the app, some small, some quite large, and it seems unnecessarily difficult to get feedback and bug reports to the company. Some issues recur regularly, including regressions in functionality and harebrained UX changes, which does not inspire confidence in the development process. Why does Spotify slow down so much when it can't tell it's online?",Chloe H.,9.1.80.2221,i like getting recommended new music based on what i listen to i like being able to find and stream music easily but i have a lot of complaints about the app some small some quite large and it seems unnecessarily difficult to get feedback and bug reports to the company some issues recur regularly including regressions in functionality and harebrained ux changes which does not inspire confidence in the development process why does spotify slow down so much when it can't tell it's online,85,2026-09-08,2026-09-07,0.5196000000000001,0.26345,0.217,negative,0.5196
Google Play,403fb449-5bd3-4817-993b-90b1db3ecd90,2026-09-08 23:36:57,3,"If I get to opt-out of smart shuffle and recommendations and I do choose to opt-out of them I really want to get it done. I'm paying the most expensive plan and still I'm not getting to listen the things I want to listen. EDIT: for the one who didn't catch the hint, yeah I already turned off smart shuffle and the app is not working properly",Dani Cáceres,9.1.80.2221,if i get to opt out of smart shuffle and recommendations and i do choose to opt out of them i really want to get it done i'm paying the most expensive plan and still i'm not getting to listen the things i want to listen edit for the one who didn't catch the hint yeah i already turned off smart shuffle and the app is not working properly,69,2026-09-08,2026-09-07,0.7544500000000001,0.22965,0.015899999999999997,negative,0.7545
Google Play,d3f83660-285e-4065-a7cb-a2107de0b338,2026-09-08 23:36:12,5,i love you 💓,Mamta Mamta Anderson,9.1.80.2221,i love you,3,2026-09-08,2026-09-07,0.0072,0.0253,0.9675,positive,0.9675
Google Play,a0c385bc-1964-4a69-9e6d-10b10a5e4cb1,2026-09-08 23:31:20,5,awesome..I love this music,Warren Auger,9.1.80.2221,awesome i love this music,5,2026-09-08,2026-09-07,0.0042,0.0095,0.9863,positive,0.9863
Google Play,514efb98-49ac-4ea4-8727-3e1166d67948,2026-09-08 23:28:42,1,In one day only one time we can play a song if we want to repeat the song they will charge subscribtion.,bhavik Choudhary,,in one day only one time we can play a song if we want to repeat the song they will charge subscribtion,22,2026-09-08,2026-09-07,0.0692,0.8712,0.0596,neutral,0.8712
Google Play,6285c7a1-e0f5-4f6b-80e2-94be0e951767,2026-09-08 23:27:19,5,"The app is good, it stop most of the ads.",Kristine McCullough,9.1.80.2221,the app is good it stop most of the ads,10,2026-09-08,2026-09-07,0.0239,0.1127,0.8634,positive,0.8634
Google Play,fc1ef3cf-94e5-42c9-a728-15f7c44fd703,2026-09-08 23:26:58,5,Spotify is a good app to upload your songs,Rae Maie,,spotify is a good app to upload your songs,9,2026-09-08,2026-09-07,0.0034,0.108,0.8886,positive,0.8886
Google Play,7f319e26-954a-4c2f-b540-e33d3a197c23,2026-09-08 23:24:53,5,Super app,Mehedi Hasan,9.1.80.2221,super app,2,2026-09-08,2026-09-07,0.012,0.0622,0.9258,positive,0.9258
Google Play,a8704acd-5866-47a6-97b5-5614b0275ee1,2026-09-08 23:24:27,3,songs now randomly play instead of continuing through my playlist - changing shuffle settings doesn't fix they're issue either,Mike Burt,9.1.80.2221,songs now randomly play instead of continuing through my playlist changing shuffle settings doesn't fix they're issue either,18,2026-09-08,2026-09-07,0.8329,0.1601,0.007,negative,0.8329
Google Play,230ce1cb-f144-4a1a-82b0-3195ad4fd95a,2026-09-08 23:24:13,4,so excellent 👍,Mungoma Joseph,9.1.76.2055,so excellent,2,2026-09-08,2026-09-07,0.01,0.0209,0.9691,positive,0.9691
Google Play,e9fcb219-8e9e-4d10-b454-9c679a61e857,2026-09-08 23:22:54,5,fantastic awesome 👌 no words to say about it,Sohail Ahmad,9.1.80.2221,fantastic awesome no words to say about it,8,2026-09-08,2026-09-07,0.0072,0.0108,0.982,positive,0.982
Google Play,8d8cdab5-5980-41c6-abc9-c74a204fb8c3,2026-09-08 23:16:59,1,"since a couple of months this app gets ridiculously slow. It can take up to multiple minutes to start up the app, or to browse in a album/pick a song. Sometimes the app won't start at all and a phone reboot is required after which again, it takes minutes to load the app. It also has a lot of ""advertisments"" for whatever podcaster is the flavour of the week, eventhough I never used this app to listen to podcasts. I thought I paid to have no more advertisments, clearly I was wrong.. Please fix!!!",Mik van Dijk,9.1.80.2221,since a couple of months this app gets ridiculously slow it can take up to multiple minutes to start up the app or to browse in a album pick a song sometimes the app won't start at all and a phone reboot is required after which again it takes minutes to load the app it also has a lot of advertisments for whatever podcaster is the flavour of the week eventhough i never used this app to listen to podcasts i thought i paid to have no more advertisments clearly i was wrong please fix,95,2026-09-08,2026-09-07,0.8458,0.14295,0.0112,negative,0.8458
Google Play,c7875cf0-5639-4db7-a3ca-acae35318297,2026-09-08 23:14:32,5,Great choice of music.,Chris Coates,9.1.76.2055,great choice of music,4,2026-09-08,2026-09-07,0.007,0.0201,0.9729,positive,0.9729
Google Play,b71f93df-66ea-42d3-aac7-89af35a6dc74,2026-09-08 23:11:34,5,Love it. Wish they had unlimited hours for audio books,A Google user,9.1.80.2221,love it wish they had unlimited hours for audio books,10,2026-09-08,2026-09-07,0.0042,0.0288,0.9669,positive,0.9669
Google Play,f67d55a9-899a-44cd-8155-3bd99c052520,2026-09-08 23:11:00,1,Having always issue with the interface. It shows something and suddenly everything changed ! What a poor app design. The videos feature aren't truly essential to me. I am not fan. To disable the shuffle it obligates me to press twice!,Dan Loaiza,9.1.80.2221,having always issue with the interface it shows something and suddenly everything changed what a poor app design the videos feature aren't truly essential to me i am not fan to disable the shuffle it obligates me to press twice,40,2026-09-08,2026-09-07,0.9288,0.065,0.0062,negative,0.9288
Google Play,437c2a4e-5e87-43f7-89e9-030f93d70666,2026-09-08 23:07:40,1,Now not free many adds and control over no songs so why use it...,PRIYESWAR J,9.1.80.2221,now not free many adds and control over no songs so why use it,14,2026-09-08,2026-09-07,0.7201,0.2685,0.0114,negative,0.7201
Google Play,1f6088e2-68af-4a3a-92b3-6cfebc5d4c57,2026-09-08 23:07:00,2,"The app still freezes too often, particularly when using the phone to control music on TV or computer. Too many ads now but too undependable to ever consider the paid service. Recently the ads are often not in English...",David Hanson,9.1.80.2221,the app still freezes too often particularly when using the phone to control music on tv or computer too many ads now but too undependable to ever consider the paid service recently the ads are often not in english,39,2026-09-08,2026-09-07,0.8544,0.1374,0.0082,negative,0.8544
Google Play,1dc96ab2-846b-4959-a4b9-a2537c141089,2026-09-08 23:04:53,5,pretty good,Rozzy Skyler,9.1.80.2221,pretty good,2,2026-09-08,2026-09-07,0.0187,0.1219,0.8594,positive,0.8594
Google Play,9e470e28-a595-4a70-a72d-205de33e89ed,2026-09-08 22:58:32,3,very good app but it has so many ads and doesn't work without WiFi,Arjanita Beshiri,,very good app but it has so many ads and doesn't work without wifi,14,2026-09-08,2026-09-07,0.8621,0.1168,0.0211,negative,0.8621
Google Play,fc077176-77cf-4ba8-bd6f-e989c0f095c5,2026-09-08 22:57:30,2,bekar 🤣 app ads he bohot ateh hai kis bewkuf ne isko bnayea hai bai jisne b bnaya hai isko bai delete kar dena 🤣,Arpan sandhu Arpan,9.1.80.2221,bekar app ads he bohot ateh hai kis bewkuf ne isko bnayea hai bai jisne b bnaya hai isko bai delete kar dena,23,2026-09-08,2026-09-07,0.2974,0.6422,0.0604,neutral,0.6422
Google Play,5af47700-a79c-4d43-b1ac-4f50816e2993,2026-09-08 22:55:20,5,iam very happy 😊 visit by spotify,Abhay Kuamr,9.1.80.2221,iam very happy visit by spotify,6,2026-09-08,2026-09-07,0.0027,0.0083,0.9889,positive,0.9889
Google Play,78da7360-8ac8-439b-8725-a7e764c017f0,2026-09-08 22:54:07,5,this app is best in my life for music,Pankaj Modi,9.1.80.2221,this app is best in my life for music,9,2026-09-08,2026-09-07,0.0037,0.0099,0.9864,positive,0.9864
Google Play,077d1d0a-83ab-4550-92db-95d2dd2f6f96,2026-09-08 22:52:15,5,I love Spotify!!!! All different types of music for whatever mood you are in. It's free and I can't believe it but I use it daily and pay nothing.,LaBrenda Arrington,9.1.80.2221,i love spotify all different types of music for whatever mood you are in it's free and i can't believe it but i use it daily and pay nothing,29,2026-09-08,2026-09-07,0.0066,0.0138,0.9796,positive,0.9796
Google Play,a6efc883-9acc-4d84-90da-2709ef748816,2026-09-08 22:51:55,5,Best streaming Platform,Athan Michael,,best streaming platform,3,2026-09-08,2026-09-07,0.0041,0.0671,0.9288,positive,0.9288
Google Play,eeb7236c-238c-420d-aad1-391e5c3bee79,2026-09-08 22:51:23,1,"Selected 'low quality' 0.02G per hour, as I dont have much data left on holiday. plays at 0.14G per hour. its a simple feature you added to 'improve things' lol. Previously could easily connect to 2 BT speakers, great feature. Gone. Can you please explain why you are charging for such unfinished bug ridden software? No i won't reach out yo customer services who never reply, answer here please",S C,9.1.80.2221,selected 'low quality' 0 02g per hour as i dont have much data left on holiday plays at 0 14g per hour its a simple feature you added to 'improve things' lol previously could easily connect to 2 bt speakers great feature gone can you please explain why you are charging for such unfinished bug ridden software no i won't reach out yo customer services who never reply answer here please,71,2026-09-08,2026-09-07,0.7599499999999999,0.19805,0.042,negative,0.7599
Google Play,77e79f4a-a010-489c-b667-09b662aa4380,2026-09-08 22:50:33,5,Pretty awesome.,Aireona Aron,9.1.80.2221,pretty awesome,2,2026-09-08,2026-09-07,0.0074,0.0191,0.9735,positive,0.9735
Google Play,6944e7f7-2166-478e-85ca-6f2df18b9d78,2026-09-08 22:48:20,4,"I love the app, plays good quality music and it's very flexible when you want to shift through different kinds of music. I just don't like the many repeated adds.",John Dira,9.1.80.2221,i love the app plays good quality music and it's very flexible when you want to shift through different kinds of music i just don't like the many repeated adds,30,2026-09-08,2026-09-07,0.0323,0.1213,0.8464,positive,0.8464
Google Play,7d68f9f6-8cc2-41ee-99c8-74098cb4c38b,2026-09-08 22:45:18,5,not many adds really good,praful kayal,9.1.80.2221,not many adds really good,5,2026-09-08,2026-09-07,0.659,0.3023,0.0387,negative,0.659
Google Play,6997fe1c-e003-4afd-a9eb-75b9f7284af0,2026-09-08 22:44:56,5,i love being able to listen to my favorite songs as I work.,Sheila Steinbach,,i love being able to listen to my favorite songs as i work,13,2026-09-08,2026-09-07,0.0033,0.0165,0.9802,positive,0.9802
Google Play,50803ec2-f39e-453c-bc45-65bdbe4f0d7b,2026-09-08 22:42:43,1,After every 2 songs there are 2 ADS?! like comeon do you want us to enjoy the music or the ad?!,Hi Man,,after every 2 songs there are 2 ads like comeon do you want us to enjoy the music or the ad,21,2026-09-08,2026-09-07,0.7713,0.2137,0.015,negative,0.7713
Google Play,133f27ce-10c5-4eeb-8669-88b6a73724b5,2026-09-08 22:41:35,5,it's so excellent 👍,Ganesh Sandbhor,9.1.68.1888,it's so excellent,3,2026-09-08,2026-09-07,0.0055,0.0125,0.9819,positive,0.9819
Google Play,c3301a07-e3bb-4ebe-bf0f-ece038021e3c,2026-09-08 22:40:31,1,super ads playing app app was so bad because I haven't skip part of song. Second is i have no free to choose particular song of album then show take premium. In my friend phone Spotify app my problems all are freely access to my friend,P Naresh kumar,9.0.18.604,super ads playing app app was so bad because i haven't skip part of song second is i have no free to choose particular song of album then show take premium in my friend phone spotify app my problems all are freely access to my friend,46,2026-09-08,2026-09-07,0.8584,0.1305,0.0111,negative,0.8584
Google Play,1495f88b-601b-4502-bef7-35134bb15d6b,2026-09-08 22:37:50,1,It has become the WORST app now. Listening to music was so much but now they're all just money hungry. Now it's just full of ads and they'll basically force you to buy premium. Now here's a certain limit of how many times we can choose to play a song and it's i guess 6 in the entire day. We cannot even choose the song we wanna listen to? What is the point of this app then? We can't even play some specific parts of the song without having premium. Uninstalling this app. It just gets on my nerves.,Bhavya Army,,it has become the worst app now listening to music was so much but now they're all just money hungry now it's just full of ads and they'll basically force you to buy premium now here's a certain limit of how many times we can choose to play a song and it's i guess 6 in the entire day we cannot even choose the song we wanna listen to what is the point of this app then we can't even play some specific parts of the song without having premium uninstalling this app it just gets on my nerves,99,2026-09-08,2026-09-07,0.8872500000000001,0.10465,0.0081,negative,0.8873
Google Play,e74403b7-992b-4280-ad03-c406e3c2e34e,2026-09-08 22:33:53,2,"too many ads, the absolute worst if you dont have premium",Kirabo Briella,9.1.78.2218,too many ads the absolute worst if you dont have premium,11,2026-09-08,2026-09-07,0.9185,0.0719,0.0096,negative,0.9185
Google Play,27172375-8412-48b4-b62e-b1e65fb22fcb,2026-09-08 22:33:52,1,too much ads and why doesn’t it function when u travel?! why did it change and now I can’t listen to the musics I want to,MeiMey “MeyMei” Khadimallah,9.1.80.2221,too much ads and why doesn t it function when u travel why did it change and now i can t listen to the musics i want to,28,2026-09-08,2026-09-07,0.8984,0.0958,0.0058,negative,0.8984
Google Play,9d6cad04-4eae-4a21-996c-2e0177520e47,2026-09-08 22:33:26,5,I find this app absolutely stunning. I listen music over this app and enjoy.,Piral Shah,9.1.80.2221,i find this app absolutely stunning i listen music over this app and enjoy,14,2026-09-08,2026-09-07,0.0043,0.0091,0.9866,positive,0.9866
Google Play,1ca71112-ad99-4198-8889-c64bbaea3e8e,2026-09-08 22:32:36,1,No option to disable the squiggly progress line. Annoying aesthetic,Dan M,9.1.80.2221,no option to disable the squiggly progress line annoying aesthetic,10,2026-09-08,2026-09-07,0.9251,0.0682,0.0066,negative,0.9251
Google Play,4510778f-be06-45c0-bbe4-6b2503c6308c,2026-09-08 22:32:19,3,good but adss😫,Mahesh Bunkar,,good but adss,3,2026-09-08,2026-09-07,0.1303,0.2539,0.6158,positive,0.6158
Google Play,3070b807-7bbe-4d3d-9857-4c1172ae1a38,2026-09-07 23:51:45,5,premium nice,Rajdip Halder,,premium nice,2,2026-09-07,2026-09-07,0.0072,0.0817,0.9111,positive,0.9111
Google Play,2df59d6d-98a9-42ef-a5f6-761e8f400060,2026-09-07 23:51:08,5,love this app with premium,Kaiden Youlden,9.1.80.2221,love this app with premium,5,2026-09-07,2026-09-07,0.0052,0.0139,0.9808,positive,0.9808
Google Play,83a55511-5014-4324-b2f2-2969e6ef04fd,2026-09-07 23:50:55,3,add bhot ate hai yaar,Kuldeb Bairagi,9.1.40.1486,add bhot ate hai yaar,5,2026-09-07,2026-09-07,0.1037,0.8309,0.0654,neutral,0.8309
Google Play,dfeb93da-fef4-4e7d-9988-b52add1241ae,2026-09-07 23:50:28,4,App has significantly improved. Premium is actually worth it now.,Harley Avery,9.1.80.2221,app has significantly improved premium is actually worth it now,10,2026-09-07,2026-09-07,0.0037,0.0211,0.9753,positive,0.9753
Google Play,79351c5f-907a-449f-b5c5-3427976498bd,2026-09-07 23:49:38,5,it is the best 👌,Oluwadamilare Allen,9.1.78.2218,it is the best,4,2026-09-07,2026-09-07,0.0067,0.0137,0.9796,positive,0.9796
Google Play,da98db21-06fd-4b72-bb35-1c0078eaa981,2026-09-07 23:47:20,5,Spotify best for me for exploring podcast and music with only Spotify premium without premium we cannot use any benefits aur Spotify gana sunane ke liye nahin balki add sunane ke liye ban jata hai without premium,Manish Jain,9.1.80.2221,spotify best for me for exploring podcast and music with only spotify premium without premium we cannot use any benefits aur spotify gana sunane ke liye nahin balki add sunane ke liye ban jata hai without premium,37,2026-09-07,2026-09-07,0.0909,0.4882,0.4209,neutral,0.4882
Google Play,d04da683-2fed-4df8-a6fa-d3607c293fdf,2026-09-07 23:45:42,1,many duplicate songs are presented that's whyit's difficult to locate the real song,ajai raut,,many duplicate songs are presented that's whyit's difficult to locate the real song,13,2026-09-07,2026-09-07,0.7389,0.25,0.0111,negative,0.7389
Google Play,04da93f6-8103-46da-a015-c840e8b25f47,2026-09-07 23:38:13,1,These *** tells us to buy subscription to listen without ad and to play any specific part.You beggars don't even know the way to beg,Yash Sutariya,9.1.80.2221,these tells us to buy subscription to listen without ad and to play any specific part you beggars don't even know the way to beg,25,2026-09-07,2026-09-07,0.7033,0.2735,0.0232,negative,0.7033
Google Play,44617393-64dc-47d4-b3c2-bcbd9891328f,2026-09-07 23:36:52,1,"They're basically just trying to force you into getting premium by 1. mixing in way too many ads every couple songs, (before it was just 1 ad after quite a few songs but now the frequency between songs has increased and it's always 2 or 3 ads at a time lately) and then 2. limiting the number of songs you can choose to play per day. Lately I listen to maybe 10 or so songs and find I can't play what I want anymore. It used be better but lately it's just getting excessive with these measures.",Nick,,they're basically just trying to force you into getting premium by 1 mixing in way too many ads every couple songs before it was just 1 ad after quite a few songs but now the frequency between songs has increased and it's always 2 or 3 ads at a time lately and then 2 limiting the number of songs you can choose to play per day lately i listen to maybe 10 or so songs and find i can't play what i want anymore it used be better but lately it's just getting excessive with these measures,97,2026-09-07,2026-09-07,0.7431,0.23975000000000002,0.0172,negative,0.7431
Google Play,31b31855-640d-44e4-8184-febd9822ab7f,2026-09-07 23:35:55,5,best app and you should give me premium ykyk,Yazlyn González,9.1.80.2221,best app and you should give me premium ykyk,9,2026-09-07,2026-09-07,0.0059,0.0245,0.9696,positive,0.9696
Google Play,1e20fbeb-fa9f-493a-bc6a-59ad07e12aa1,2026-09-07 23:35:13,5,goods for now,Jhoan Samson,,goods for now,3,2026-09-07,2026-09-07,0.0449,0.5199,0.4353,neutral,0.5199
Google Play,76366d06-28bb-4689-b675-3ea886dd7269,2026-09-07 23:34:02,1,i can't play my fav song . uddarian GMW production.,Haresh Waddar,9.1.80.2221,i can't play my fav song uddarian gmw production,9,2026-09-07,2026-09-07,0.9044,0.0866,0.009,negative,0.9044
Google Play,8c10d1b9-6606-4e01-9610-631d1630d3c7,2026-09-07 23:28:46,5,very niceeeeee please download this ❤️❤️,Abhi Kundu,9.1.76.2055,very niceeeeee please download this,5,2026-09-07,2026-09-07,0.0036,0.0093,0.987,positive,0.987
Google Play,032e6e7f-6db7-4ce7-81a2-0fcf6eccbc93,2026-09-07 23:24:58,5,wow i can even listen to music with my phone 10/10👌👌⭐️,Khosi Sengwayo,9.1.80.2221,wow i can even listen to music with my phone 10 10,12,2026-09-07,2026-09-07,0.0022,0.0176,0.9802,positive,0.9802
Google Play,a965b01d-69e8-4769-a59b-4c4bd97d2ab9,2026-09-07 23:23:07,5,I love getting my podcasts on Spotify. The aut connect to my car is really convenient.,Andrew “unaligned_1”,9.1.80.2221,i love getting my podcasts on spotify the aut connect to my car is really convenient,16,2026-09-07,2026-09-07,0.004,0.0208,0.9753,positive,0.9753
Google Play,43ec6fea-d9c7-457f-ae94-759da118e0c5,2026-09-07 23:22:43,4,the problem is the ads and limited skips,Amyoli Makinana,9.1.80.2221,the problem is the ads and limited skips,8,2026-09-07,2026-09-07,0.8568,0.1361,0.0072,negative,0.8568
Google Play,d6abe51a-2b28-4bef-9f81-9d7f901dfe71,2026-09-07 23:19:09,5,I love country music,Paul Freitas jr,9.0.88.1405,i love country music,4,2026-09-07,2026-09-07,0.0049,0.0245,0.9706,positive,0.9706
Google Play,0c182f3b-3196-4d6a-8ca5-012f0e5ed693,2026-09-07 23:18:48,5,love this music app I have no complaints so far,Ryan Penrod,9.1.80.2221,love this music app i have no complaints so far,10,2026-09-07,2026-09-07,0.0039,0.0098,0.9863,positive,0.9863
Google Play,58d38c21-9c4f-49e5-962d-8a50d010e761,2026-09-07 23:18:12,5,best app for music and song,Niraj Dehari,8.9.90.127,best app for music and song,6,2026-09-07,2026-09-07,0.0045,0.0616,0.9338,positive,0.9338
Google Play,429d04a0-1930-4dfe-b28a-09ca8fc52944,2026-09-07 23:17:56,5,must try app,Suraj Chautala,9.1.80.2221,must try app,3,2026-09-07,2026-09-07,0.0237,0.5768,0.3994,neutral,0.5768
Google Play,0c989441-ef20-4643-94c2-a27ba5629f38,2026-09-07 23:15:18,5,I don't know what to say but it is awesome,Chinecherem Emmanuella,9.1.76.2055,i don't know what to say but it is awesome,10,2026-09-07,2026-09-07,0.035,0.0647,0.9003,positive,0.9003
Google Play,06c4a866-b66d-4ee5-9bef-3f7c2cb74276,2026-09-07 23:11:30,1,very bad,NASLA CV,9.1.80.2221,very bad,2,2026-09-07,2026-09-07,0.7819,0.1856,0.0325,negative,0.7819
Google Play,4e6131da-00a2-48cc-8787-0248c9e49fda,2026-09-07 23:08:25,3,Spotify is great when it is working. I have had several times this summer when it would be out of service with no explanation and not credits. You raised the price to 12.99 with a unreliable service,John Davis,9.1.80.2221,spotify is great when it is working i have had several times this summer when it would be out of service with no explanation and not credits you raised the price to 12 99 with a unreliable service,38,2026-09-07,2026-09-07,0.5615,0.2646,0.1739,negative,0.5615
Google Play,57f2f66a-e88c-4537-ba00-1854e118a25d,2026-09-07 23:06:58,1,"Offline playlist is perpetually empty when I want it. you guys cant provide the services you are advertising. Im so sick of paying for an app that NEVER functions like it is supposed to. Don't even bother with customer service. Customer service will just tell you to uninstall the app and reinstall it. STOP TELLING ME I NEED TO REDOWNLOAD YOUR APP, THAT IS LITERALLY THE ONLY FIX THAT YOU GUYS SUGGEST FOR ANY ISSUE AND OT NEVER FIXES ANYTHING. Absolutely trash app and customer service.",Nicole,9.1.80.2221,offline playlist is perpetually empty when i want it you guys cant provide the services you are advertising im so sick of paying for an app that never functions like it is supposed to don't even bother with customer service customer service will just tell you to uninstall the app and reinstall it stop telling me i need to redownload your app that is literally the only fix that you guys suggest for any issue and ot never fixes anything absolutely trash app and customer service,86,2026-09-07,2026-09-07,0.9380000000000001,0.054900000000000004,0.0070999999999999995,negative,0.938
Google Play,c294033e-f83f-4b24-a285-5f79b68a6077,2026-09-07 23:02:57,5,best music app for traveling imo,TJ Groves,9.1.80.2221,best music app for traveling imo,6,2026-09-07,2026-09-07,0.005,0.0506,0.9444,positive,0.9444
Google Play,2bddd26d-7c77-4761-bfe1-e1279288cd72,2026-09-07 23:02:49,5,Spotify is my top rated app 🥰🥰🥰,Kishore Kumar Sahoo,9.1.80.2221,spotify is my top rated app,6,2026-09-07,2026-09-07,0.0035,0.0068,0.9897,positive,0.9897
Google Play,420d9a6c-d121-4079-bae2-3f72ffe5d6bc,2026-09-07 23:02:15,5,good and no ads,Arhaan Kumar,,good and no ads,4,2026-09-07,2026-09-07,0.0257,0.1685,0.8058,positive,0.8058
Google Play,e428a269-105b-464a-a528-993c55681722,2026-09-07 23:01:50,1,"no light theme. ugly ugly app. too many suggestions everywhere. too many podcasts recommend. too many ""vibey"" context driven playlists recommend. Ads? Ads with a paid membership? thats pathetic. the greed of companies is truly endless...",Alexandru Badea,9.1.80.2221,no light theme ugly ugly app too many suggestions everywhere too many podcasts recommend too many vibey context driven playlists recommend ads ads with a paid membership thats pathetic the greed of companies is truly endless,36,2026-09-07,2026-09-07,0.9465,0.0479,0.0056,negative,0.9465
Google Play,8b4a6b61-d091-40f3-8942-369062f1a12c,2026-09-07 22:58:19,4,"I appreciate the change. The app is now back to normal, and we can once again skip and change songs on our own. This update made me rewrite my review because the listening experience is much better now. Thanks for listening to user feedback and bringing back these controls.",Astha Mohan,9.1.78.2218,i appreciate the change the app is now back to normal and we can once again skip and change songs on our own this update made me rewrite my review because the listening experience is much better now thanks for listening to user feedback and bringing back these controls,49,2026-09-07,2026-09-07,0.008,0.0556,0.9364,positive,0.9364
Google Play,243173bd-bfbd-40d1-896a-f47941c6a46f,2026-09-07 22:53:04,5,I LOVE this aap very very much,Maksud Mazumder,9.1.68.1888,i love this aap very very much,7,2026-09-07,2026-09-07,0.0056,0.0101,0.9843,positive,0.9843
Google Play,bc72b854-9bdb-4088-94ad-b0d101058c1a,2026-09-07 22:52:10,4,"I would rate 5 stars for the premium spotify as it has the best features you will ever get in any music app. But for the free version, i would rate it 3 star as there are a tons of cons in the free one. But as a student i can say it's WORTH IT to buy the premium using Student's ID... So i rated it 4 on an average😊",Manish Pandey,9.1.80.2221,i would rate 5 stars for the premium spotify as it has the best features you will ever get in any music app but for the free version i would rate it 3 star as there are a tons of cons in the free one but as a student i can say it's worth it to buy the premium using student's id so i rated it 4 on an average,70,2026-09-07,2026-09-07,0.00695,0.0905,0.90255,positive,0.9026
Google Play,d2ad02d9-88cd-4745-af78-723c990b4770,2026-09-07 22:50:22,5,goood verrrry gooood,veena vijayan,,goood verrrry gooood,3,2026-09-07,2026-09-07,0.0356,0.1765,0.7879,positive,0.7879
Google Play,db4c773f-9f7a-4b21-b7db-da82f3964657,2026-09-07 22:44:32,5,well well,Babli Chaudhary,9.1.80.2221,well well,2,2026-09-07,2026-09-07,0.1264,0.5131,0.3605,neutral,0.5131
Google Play,f88ff687-7827-4024-b8c1-1919a12cdf70,2026-09-07 22:43:08,5,couldn't live without it,Stina Hedin Tokoni,8.8.58.473,couldn't live without it,4,2026-09-07,2026-09-07,0.113,0.1989,0.6881,positive,0.6881
Google Play,6227454e-ca79-4a24-a395-1b06d1289b86,2026-09-07 22:42:49,5,good but not use premium,Aman Malik,9.1.80.2221,good but not use premium,5,2026-09-07,2026-09-07,0.2512,0.446,0.3029,neutral,0.446
Google Play,b6917e7b-5aac-4928-b2fa-1615d43ce8a4,2026-09-07 22:42:16,1,I am not getting any otps even when the app is saying it sent like been like 2 weeks since that,Bindhuaradhya Kothapalli,9.1.80.2221,i am not getting any otps even when the app is saying it sent like been like 2 weeks since that,21,2026-09-07,2026-09-07,0.7822,0.2028,0.015,negative,0.7822
Google Play,24efd8ae-f300-4392-a55d-cde3031bad2d,2026-09-07 22:42:09,1,SO MANY ADDS IN YOUR SPOTIFY I AM NOT EXPECTED THAT ON SPOTIFY,CHAITU VUDISI,,so many adds in your spotify i am not expected that on spotify,13,2026-09-07,2026-09-07,0.8416,0.1389,0.0195,negative,0.8416
Google Play,bf0a695c-b618-450f-8fcf-01ffc452c8a5,2026-09-07 22:39:34,5,good music app🫪,sanitha Nithin,9.1.80.2221,good music app,3,2026-09-07,2026-09-07,0.0041,0.0445,0.9513,positive,0.9513
Google Play,0a082ab3-dac2-4b55-9282-5b707bdeabe9,2026-09-07 22:38:44,5,best for a taste of music,Divyansh Sharma,9.1.80.2221,best for a taste of music,6,2026-09-07,2026-09-07,0.018,0.1873,0.7947,positive,0.7947
Google Play,0be52d8f-6b20-465a-95ef-1a6eff99be33,2026-09-07 22:38:42,1,I really dislike the podcast videos feature because when I say I do not want to recommend from a video it keeps showing the same videos from the same channel please put a do not play feature it is really annoying and I absolutely hate it. additionally my Spotify is so laggy and I found out recently that it is not just me. please sort this out I am really annoyed with this and it is putting me off from using Spotify I don't want to even use it anymore it takes forever to load.,Milena Yildirim Barron,9.1.78.2218,i really dislike the podcast videos feature because when i say i do not want to recommend from a video it keeps showing the same videos from the same channel please put a do not play feature it is really annoying and i absolutely hate it additionally my spotify is so laggy and i found out recently that it is not just me please sort this out i am really annoyed with this and it is putting me off from using spotify i don't want to even use it anymore it takes forever to load,95,2026-09-07,2026-09-07,0.9379,0.0558,0.0063,negative,0.9379
Google Play,e158fba0-fb26-4520-a7a5-bbaef239c96f,2026-09-07 22:38:37,5,I have no words,Elafkh Ba,9.1.80.2221,i have no words,4,2026-09-07,2026-09-07,0.5629,0.3622,0.0749,negative,0.5629
Google Play,e606260e-8740-40b2-a8e6-d93264b29b48,2026-09-07 22:31:21,2,"The spotify app just keep getting worse! First, the premium. Second, they stop us from playing our own liked songs? We cannot even skip songs anymore!",Ram Prasad Mandal,9.1.80.2221,the spotify app just keep getting worse first the premium second they stop us from playing our own liked songs we cannot even skip songs anymore,26,2026-09-07,2026-09-07,0.9332,0.0607,0.0061,negative,0.9332
Google Play,fb3060c3-719d-436a-a70a-b1b86e1b288a,2026-09-07 22:26:08,5,Awesome Music!!!,John Stewart,9.1.80.2221,awesome music,2,2026-09-07,2026-09-07,0.0038,0.0134,0.9827,positive,0.9827
Google Play,21987496-9c9b-4bdc-9c85-968c77357127,2026-09-06 23:59:29,1,"Dear Spotify Support Team and The owner of company. I am writing to express my strong frustration regarding the current user experience on Spotify, specifically regarding the frequency and intrusiveness of advertisements for non-premium users. It feels as though basic usability features are being excessively restricted behind various premium subscription tiers. The sheer volume of ads severely disrupts the ability to listen to music, where will you keep-take all this money in your.............",Prajwal Bhujbal,9.1.80.2221,dear spotify support team and the owner of company i am writing to express my strong frustration regarding the current user experience on spotify specifically regarding the frequency and intrusiveness of advertisements for non premium users it feels as though basic usability features are being excessively restricted behind various premium subscription tiers the sheer volume of ads severely disrupts the ability to listen to music where will you keep take all this money in your,75,2026-09-06,2026-08-31,0.8452999999999999,0.14475,0.00995,negative,0.8453
Google Play,5efb520d-d38c-4c9a-a6cc-5e2043d7fa14,2026-09-06 23:58:55,5,great listening experience 👌,Sithabile A Ncwane,9.1.80.2221,great listening experience,3,2026-09-06,2026-08-31,0.0058,0.0181,0.9761,positive,0.9761
Google Play,4ca26952-bd95-4643-8576-ca9e2e7489cd,2026-09-06 23:57:11,5,So nice app and nice songs I like this app,Zoya Khanum,9.1.80.2221,so nice app and nice songs i like this app,10,2026-09-06,2026-08-31,0.005,0.0116,0.9833,positive,0.9833
Google Play,76fb36e3-1a16-4f30-ab1d-c9c08acd6fc9,2026-09-06 23:56:15,1,"this is not letting me pick my own music like whst kind of junk is this,Spotify listen to me change THIS NOW OR ELSE I GONNA GET REAL MAD CHANGE THIS NOW LET ME PICK MY OWN MUSIC NOT AI NOTTTT AI PLSSS CHANGE THIS NOW AND ASLO I CAN'T UNSHUFFLE MY MUSIC MAKE THIS JUNK BETTER OR I GONNA MAKE YOU LOSING POPULARITY",Kevin Custer,,this is not letting me pick my own music like whst kind of junk is this spotify listen to me change this now or else i gonna get real mad change this now let me pick my own music not ai notttt ai plsss change this now and aslo i can't unshuffle my music make this junk better or i gonna make you losing popularity,65,2026-09-06,2026-08-31,0.8509500000000001,0.1272,0.021849999999999998,negative,0.851
Google Play,0b9f9d03-30b9-4df7-87c1-66989a95ba86,2026-09-06 23:48:18,2,"If you're going to charge for this app make sure to fix the several bugs within it, it's so freaking annoying.",Gerald Monzon,9.1.80.2221,if you're going to charge for this app make sure to fix the several bugs within it it's so freaking annoying,21,2026-09-06,2026-08-31,0.9479,0.0451,0.007,negative,0.9479
Google Play,6614f9ed-9abf-434b-8cd4-52f59e979713,2026-09-06 23:46:24,4,"its working smooth, and once you retrieve your account it comes with all the previous songs, the only thing is ads but that's not a big deal since they are not many, they can be managed",Thiauri Sam,9.1.76.2055,its working smooth and once you retrieve your account it comes with all the previous songs the only thing is ads but that's not a big deal since they are not many they can be managed,36,2026-09-06,2026-08-31,0.0261,0.5108,0.4631,neutral,0.5108
Google Play,254a4d9a-9c59-46b7-9ab7-a1a55224ddac,2026-09-06 23:46:01,1,I pay for premium and am still getting ads during podcasts. what's the point? cancelling. Canned responses are lazy. Trying to squeeze in as many ad placements as possible while also raising subscription prices is a great way to lose quality users.,Alexa Lacroix,9.1.80.2221,i pay for premium and am still getting ads during podcasts what's the point cancelling canned responses are lazy trying to squeeze in as many ad placements as possible while also raising subscription prices is a great way to lose quality users,42,2026-09-06,2026-08-31,0.9161,0.0774,0.0065,negative,0.9161
Google Play,0b351444-3529-4e81-8666-89b654b47a7f,2026-09-06 23:37:20,5,it is extremely good 👍 by enhancing music app. let you link 🔗🖇️ with Android TV,Create Google,9.1.22.1630,it is extremely good by enhancing music app let you link with android tv,14,2026-09-06,2026-08-31,0.0017,0.0164,0.982,positive,0.982
Google Play,6b7080dc-d4ec-40d9-9a77-4c22302871b0,2026-09-06 23:36:08,5,Quality music with great variety,Andrew Alleyne,9.1.80.2221,quality music with great variety,5,2026-09-06,2026-08-31,0.0053,0.0319,0.9629,positive,0.9629
Google Play,2ad7f41c-8dfd-4d33-974f-807f776d51cb,2026-09-06 23:34:16,5,my fav,Aryan Dev,9.1.24.1739,my fav,2,2026-09-06,2026-08-31,0.0163,0.0815,0.9022,positive,0.9022
Google Play,0f6141a9-89f0-45fb-a6e0-90c998447975,2026-09-06 23:33:19,3,three stars because I of primium,Bidana Marak,9.1.80.2221,three stars because i of primium,6,2026-09-06,2026-08-31,0.0123,0.4374,0.5503,positive,0.5503
Google Play,81d7baa5-a9dd-469c-9e0c-68a5de40251d,2026-09-06 23:31:00,2,"bro isme music chalate hue ads nahi aati😂 bulki ads chalate hue ek-do music. if you have the money then go to apple music. and if you don't go to other music app, this Spotify app is just trash in terms of playing music. and talking about quality of music free version on YouTube sounds better. so why would I buy Spotify premium instead of YouTube 😂😂even YouTube give the option of background playing in premium too.",Kanchan Tanishq,,bro isme music chalate hue ads nahi aati bulki ads chalate hue ek do music if you have the money then go to apple music and if you don't go to other music app this spotify app is just trash in terms of playing music and talking about quality of music free version on youtube sounds better so why would i buy spotify premium instead of youtube even youtube give the option of background playing in premium too,78,2026-09-06,2026-08-31,0.7094499999999999,0.26739999999999997,0.023149999999999997,negative,0.7094
Google Play,5a8eaf9a-1276-40d7-9022-f4a1d27113ca,2026-09-06 23:30:03,3,"I've been using Spotify for over a decade and it's still my go-to music app. The Song Radio feature is genuinely excellent — the recommendations are consistently spot-on. One request: please add genre details to each track, similar to what Beatport does. Right now there's no easy way to see a song's specific genre/subgenre at a glance, which matters a lot for people who dig into music discovery. Add that and this is an easy 5 stars.",B H,9.1.80.2221,i've been using spotify for over a decade and it's still my go to music app the song radio feature is genuinely excellent the recommendations are consistently spot on one request please add genre details to each track similar to what beatport does right now there's no easy way to see a song's specific genre subgenre at a glance which matters a lot for people who dig into music discovery add that and this is an easy 5 stars,79,2026-09-06,2026-08-31,0.19145,0.26655,0.542,positive,0.542
Google Play,ce80c1fe-a55f-4033-bf51-5e749b83de52,2026-09-06 23:28:18,5,it's nice,Gayatri Thakur,9.1.72.1891,it's nice,2,2026-09-06,2026-08-31,0.0165,0.086,0.8975,positive,0.8975
Google Play,9734068b-6cca-474c-98c8-3c78f1391f54,2026-09-06 23:28:09,5,I love listening to music,Jeandre Scholtz,9.1.78.2218,i love listening to music,5,2026-09-06,2026-08-31,0.004,0.0219,0.9742,positive,0.9742
Google Play,8a359c60-5911-479c-876b-1557f8f82667,2026-09-06 23:25:59,1,"This app has downgraded soooo much, there are so many restrictions for the free plan. You're telling me that I can't control the basic functions of the song that I'm listening to, on an app meant for it??? Absolutely horrible!",tina,,this app has downgraded soooo much there are so many restrictions for the free plan you're telling me that i can't control the basic functions of the song that i'm listening to on an app meant for it absolutely horrible,40,2026-09-06,2026-08-31,0.928,0.0655,0.0065,negative,0.928
Google Play,aacec716-a0f9-4db6-a336-571430711430,2026-09-06 23:25:03,1,Not very good,Thressa Mukuka,9.1.80.2221,not very good,3,2026-09-06,2026-08-31,0.7012,0.2557,0.0431,negative,0.7012
Google Play,d24b3fd4-936a-438d-aa79-3e5a20a78b4a,2026-09-06 23:24:19,5,"Spotify is one of the best apps for listening to music. I truly love it. I play calming songs every day, and even before bed, it includes religious content, especially the Premium feature. I highly recommend everyone try it.",Rodina Yasser,,spotify is one of the best apps for listening to music i truly love it i play calming songs every day and even before bed it includes religious content especially the premium feature i highly recommend everyone try it,39,2026-09-06,2026-08-31,0.0033,0.0116,0.9851,positive,0.9851
Google Play,4a38e49c-01df-45b8-a930-81b4f9d9006a,2026-09-06 23:18:38,1,they treat you like dirt if your not paying for premium 😡,Lindokuhle Sibanda,9.1.64.1676,they treat you like dirt if your not paying for premium,11,2026-09-06,2026-08-31,0.8976,0.095,0.0074,negative,0.8976
Google Play,c2be4998-7b42-4f66-a61b-b04a38d25ecd,2026-09-06 23:17:44,4,It's a very good app and I love it so much,Isiak Ayomide Isiaka,9.1.80.2221,it's a very good app and i love it so much,11,2026-09-06,2026-08-31,0.0045,0.0069,0.9886,positive,0.9886
Google Play,3655aff1-c6f6-412c-8f72-4a1b6f38a898,2026-09-06 23:10:53,5,i love it more than everything,Adzal Sharahle Sharahle,9.1.78.2218,i love it more than everything,6,2026-09-06,2026-08-31,0.0088,0.0188,0.9723,positive,0.9723
Google Play,44b208d7-9d9f-4bb2-afa4-cc786dae0d79,2026-09-06 23:10:09,5,"one word,amazinggggg.",Tamaha Mohammed,8.9.76.538,one word amazinggggg,3,2026-09-06,2026-08-31,0.0085,0.0196,0.9719,positive,0.9719
Google Play,d71dd36a-79aa-4ab6-80e8-8e9461699d4b,2026-09-06 23:09:28,1,this app not for songs only add worst experience,AKS Traders,9.1.78.2218,this app not for songs only add worst experience,9,2026-09-06,2026-08-31,0.9384,0.0545,0.0071,negative,0.9384
Google Play,6d67a325-0015-40cd-a1d6-0329361f2674,2026-09-06 23:08:08,3,The media player sometimes doesn't show up when I play a playlist. Music still plays in the background though.,Leonardo Diaz,9.1.80.2221,the media player sometimes doesn't show up when i play a playlist music still plays in the background though,19,2026-09-06,2026-08-31,0.1308,0.8315,0.0378,neutral,0.8315
Google Play,081c488a-3e33-44fe-9d02-f7608fcbeb05,2026-09-06 23:07:56,2,"The worst GUI / user experience ever. Although the recommendation algorithm is great. Subscribe for 1 mo per year, let it recommend you similar tracks and get them anywhere else.",Kuba,9.1.68.1874,the worst gui user experience ever although the recommendation algorithm is great subscribe for 1 mo per year let it recommend you similar tracks and get them anywhere else,29,2026-09-06,2026-08-31,0.8766,0.1059,0.0175,negative,0.8766
Google Play,cbd57bc2-ed22-4645-8cdb-11d8613a6b8a,2026-09-06 23:07:23,5,I. love Spotify bc I could listen to my fav music on the go no wifi or yes wifi I listen to my music all year round,Ashlynn Sim,9.1.80.2221,i love spotify bc i could listen to my fav music on the go no wifi or yes wifi i listen to my music all year round,27,2026-09-06,2026-08-31,0.0053,0.0203,0.9744,positive,0.9744
Google Play,05e9450c-752b-4fd7-90fd-57482cefd683,2026-09-06 23:07:00,5,its an amazing app. i love this app so much. i can listen to my fav artists anywhere anytime.,SWAPAN PAKIRA,9.1.80.2221,its an amazing app i love this app so much i can listen to my fav artists anywhere anytime,19,2026-09-06,2026-08-31,0.0038,0.0073,0.989,positive,0.989
Google Play,8afb2d5f-724b-4670-af05-b612fc3c49e9,2026-09-06 23:05:17,1,ad korakkanam,Fahim Abdu,,ad korakkanam,2,2026-09-06,2026-08-31,0.1138,0.7779,0.1083,neutral,0.7779
Google Play,ad9b44fc-7125-47d1-9b2c-4c82451edb84,2026-09-06 23:04:18,1,The Spotify becoming worse day by day,Sheela Shukla,9.1.72.1891,the spotify becoming worse day by day,7,2026-09-06,2026-08-31,0.9226,0.07,0.0074,negative,0.9226
Google Play,b9e6e7f9-07b8-4b17-92fc-6cdd68118384,2026-09-06 23:02:55,1,"it keeps saying unable to load anything, for some reason it keeps glitching, too. yes I have the free version. no I will Not pay. I have YT red for this. Definitely better.",Suless,9.1.30.1993,it keeps saying unable to load anything for some reason it keeps glitching too yes i have the free version no i will not pay i have yt red for this definitely better,33,2026-09-06,2026-08-31,0.6846,0.2457,0.0697,negative,0.6846
Google Play,549b79a3-054a-4c97-9589-64db29cdfee9,2026-09-06 22:50:02,3,after a point you cannot do anything if you don't have premium like back up the lyrics change the songs or other when you try to change songs or back lyrics it just offers to explore premium and they have ads after every song bad experience honestly,Sandeep Choudhary,9.1.78.2218,after a point you cannot do anything if you don't have premium like back up the lyrics change the songs or other when you try to change songs or back lyrics it just offers to explore premium and they have ads after every song bad experience honestly,47,2026-09-06,2026-08-31,0.8519,0.1408,0.0073,negative,0.8519
Google Play,af864e6e-38e3-430f-bac1-7a68b21a8dbf,2026-09-06 22:49:34,5,"For me personally it's better than Apple Music being able to view listening stats and constant updates that make the app feel fresher each time are totally worth it but it's really the best when you have your premium subscription active with that you shall have the best listening experience ever with unlimited access among the app like listening to a Jam with Friends, No ads, Unlimited skips and repeats and many more 🔥🧖🏻‍♂️",Linda Gule,9.1.80.2221,for me personally it's better than apple music being able to view listening stats and constant updates that make the app feel fresher each time are totally worth it but it's really the best when you have your premium subscription active with that you shall have the best listening experience ever with unlimited access among the app like listening to a jam with friends no ads unlimited skips and repeats and many more,73,2026-09-06,2026-08-31,0.0042,0.0339,0.96185,positive,0.9618
Google Play,57c40954-49b8-457c-9633-08f880bb05f0,2026-09-06 22:46:13,5,"Thank you for the quick assistance, I recommend this app as one of the best music players. It's even beyond music player.",Olusola Adesola,,thank you for the quick assistance i recommend this app as one of the best music players it's even beyond music player,22,2026-09-06,2026-08-31,0.0032,0.0107,0.9861,positive,0.9861
Google Play,846317a8-aaaa-4078-a623-55798cd46785,2026-09-06 22:44:19,1,i hope y'all realise not everyone is rich for premium subscriptions. can't enjoy anything being broke nowadays. i can't even enjoy my own playlists without getting interrupted by songs i dont even know existed.,Hawks Kyako,9.1.78.2218,i hope y'all realise not everyone is rich for premium subscriptions can't enjoy anything being broke nowadays i can't even enjoy my own playlists without getting interrupted by songs i dont even know existed,34,2026-09-06,2026-08-31,0.8711,0.1181,0.0108,negative,0.8711
Google Play,e314f70c-2938-4d09-9d03-669411e69154,2026-09-06 22:42:34,5,Luv Spotify ❤️ l could get my the Old school Rap&my freestyle And my badbunnyz/my Boricua Roots too.🇵🇷🇺🇸🇵🇷🇪🇦🇵🇷🇵🇷☮️♌️🎶🎵🎸🎷🪘🐦‍🔥🌺.,nayome. perez,9.1.72.1891,luv spotify l could get my the old school rap my freestyle and my badbunnyz my boricua roots too,19,2026-09-06,2026-08-31,0.0036,0.0505,0.9459,positive,0.9459
Google Play,f41bd199-18f5-4c8a-a246-b6628627533a,2026-09-06 22:38:33,5,this app is very good and I love it when I have problem problem.,Khamari Johnson,9.1.52.1394,this app is very good and i love it when i have problem problem,14,2026-09-06,2026-08-31,0.0046,0.0142,0.9812,positive,0.9812
Google Play,bfecb363-f1b2-4870-93db-27b9b5dba554,2026-09-06 22:33:39,5,Dopeeee Appp,Summayah Bello,9.1.80.2221,dopeeee appp,2,2026-09-06,2026-08-31,0.2473,0.5052,0.2475,neutral,0.5052
Google Play,d8b070ea-8329-4d56-85db-ff2cdb94cefd,2026-09-06 22:32:48,1,Wish I could give this 0 stars. This app used to be amazing when it was free and now you cant listen to anything without having to listen to 5 adds and being limited to what you can/cant listen too and skip.,Leanne Bradshaw,9.1.80.2221,wish i could give this 0 stars this app used to be amazing when it was free and now you cant listen to anything without having to listen to 5 adds and being limited to what you can cant listen too and skip,43,2026-09-06,2026-08-31,0.85,0.1222,0.0278,negative,0.85
Google Play,57164c80-9c19-4fb3-b3de-d7728bd9ed2c,2026-09-06 22:26:47,5,I really love this app! even i told my mother to use it and she did and she loves it! and for my opinion I wish there is something on this app that could let us pick our songs without buying premium,UNKNOWN UNKNOWN (UNKNOWN),9.1.58.1567,i really love this app even i told my mother to use it and she did and she loves it and for my opinion i wish there is something on this app that could let us pick our songs without buying premium,42,2026-09-06,2026-08-31,0.005,0.0189,0.9761,positive,0.9761
Google Play,58ae47ed-9a56-4836-be8e-3eab012d4066,2026-09-06 22:26:11,1,4 Ads when your subscription expired??? srsly????,Caelus (Rhed Pernito),9.1.80.2221,4 ads when your subscription expired srsly,7,2026-09-06,2026-08-31,0.7464,0.2438,0.0098,negative,0.7464
Google Play,e1e1f60f-b03e-48ed-b7cc-619d812c0b75,2026-09-06 22:24:43,4,"love it, but it have to many adds.",suzi shrestha,9.1.80.2221,love it but it have to many adds,8,2026-09-06,2026-08-31,0.2508,0.2781,0.4711,positive,0.4711
Google Play,dd9de162-264a-4a7e-9b6e-24dcd62944c6,2026-09-06 22:24:42,5,bahut jyada hi kuchh amazing hai,Kamruddin Chaudhary,9.1.76.2055,bahut jyada hi kuchh amazing hai,6,2026-09-06,2026-08-31,0.0182,0.2754,0.7064,positive,0.7064
Google Play,218442ba-a504-4894-a844-3c1d6cf8851d,2026-09-06 22:24:36,5,I love the music choices you give,joseph shanks,9.1.80.2221,i love the music choices you give,7,2026-09-06,2026-08-31,0.0052,0.0259,0.9689,positive,0.9689
Google Play,8cf5a883-f88e-4a27-9197-2ea4f1a15af5,2026-09-06 22:23:39,4,good app but some ads disturb the music,Suhani Pahade,9.1.78.2218,good app but some ads disturb the music,8,2026-09-06,2026-08-31,0.4535,0.3491,0.1973,negative,0.4535
Google Play,2b07ce51-e1dc-40fb-99fa-d501460b6ba1,2026-09-05 23:59:54,4,it's good normally but when u get upgraded with their premiums it gets more better,Hargun and Mankirat,9.1.80.2221,it's good normally but when u get upgraded with their premiums it gets more better,15,2026-09-05,2026-08-31,0.0104,0.0905,0.899,positive,0.899
Google Play,5e0bf5fe-92b1-4c5f-ac27-7d59073b3321,2026-09-05 23:54:59,4,r es,ASHOK HIRA,,r es,2,2026-09-05,2026-08-31,0.0967,0.7797,0.1235,neutral,0.7797
Google Play,0ab188c0-f2e0-4350-a2df-ed7ec1bc4e8f,2026-09-05 23:49:00,3,"I've had Spotify for years but lately I feel like I'm back to the old days where it seems like the music is skipping or fast forwards real quick on its own. There's also a delay when i skip to the next song. I thought it was my service but at the times it happens, I have 5 bars. I'm honestly ready to cancel my monthly subscription.",Nicole Contreras,9.1.80.2221,i've had spotify for years but lately i feel like i'm back to the old days where it seems like the music is skipping or fast forwards real quick on its own there's also a delay when i skip to the next song i thought it was my service but at the times it happens i have 5 bars i'm honestly ready to cancel my monthly subscription,67,2026-09-05,2026-08-31,0.8253999999999999,0.16065,0.01395,negative,0.8254
Google Play,3384d345-a1f7-4fd1-bb47-f9e545086ca6,2026-09-05 23:45:06,3,It great! But i get an ad every three or so songs. I don't know if that's normal but yeah,Sara,9.1.78.2218,it great but i get an ad every three or so songs i don't know if that's normal but yeah,20,2026-09-05,2026-08-31,0.1016,0.2611,0.6373,positive,0.6373
Google Play,5017ee8a-151c-4efd-8cf3-f8b7cb441d4c,2026-09-05 23:45:05,4,maybe cut the adds a bit cuz it has way too many adds at once,Abhiraj Shimpi,9.1.80.2221,maybe cut the adds a bit cuz it has way too many adds at once,15,2026-09-05,2026-08-31,0.6597,0.3229,0.0173,negative,0.6597
Google Play,1d917c96-f26a-4e90-9fdc-121bfca08266,2026-09-05 23:38:19,1,to many ads it's like every 2 songs,francesca caferri,9.1.78.2218,to many ads it's like every 2 songs,8,2026-09-05,2026-08-31,0.8495,0.1394,0.0112,negative,0.8495
Google Play,90241279-5736-468c-912d-6e6362cba3ab,2026-09-05 23:32:49,1,wrost app ad destroy my mood completly instead of spotify use Audiomack,Raj Ashwani,9.1.76.2055,wrost app ad destroy my mood completly instead of spotify use audiomack,12,2026-09-05,2026-08-31,0.9254,0.0672,0.0073,negative,0.9254
Google Play,d4549e1a-81ea-46e3-ac34-d05bd398bac9,2026-09-05 23:32:16,5,"please change The design inside the app, Because this one seems very old.",Kumar Sarukte,9.1.80.2221,please change the design inside the app because this one seems very old,13,2026-09-05,2026-08-31,0.7696,0.2136,0.0168,negative,0.7696
Google Play,6929704a-8427-40b2-a125-59e436e5bd86,2026-09-05 23:32:12,4,it's good but just the adds keep coming up after 4-6 songs.,Matthew (Pac mat),9.1.72.1891,it's good but just the adds keep coming up after 4 6 songs,13,2026-09-05,2026-08-31,0.0598,0.3014,0.6388,positive,0.6388
Google Play,4612d64a-55e9-4f50-99b6-d7e0f8c2cafb,2026-09-05 23:31:11,1,"I am a student,but when I tried to go with student offer ,it did not support it .I don't know whether I am correct or not,If anybody know how to do ,please tell me.",Sivaswarnesh Ashwin,9.1.78.2218,i am a student but when i tried to go with student offer it did not support it i don't know whether i am correct or not if anybody know how to do please tell me,36,2026-09-05,2026-08-31,0.816,0.1751,0.0089,negative,0.816
Google Play,1a1a30d0-5a28-4e5a-a95d-69bc1ce81431,2026-09-05 23:28:20,1,"horrible, the worst experience I've had in any app without premium, only thing you're able to do without premium is downloading the app,nothing is free it's just there to make you buy subscription, you'll have a good experience if you have premium subscription but if you don't it's just trying to make you uncomfortable using the app without the paid premium, absolutely terrible experience they're basically insulting you not having premium, I'll never use again",Ali Zarei,9.1.78.2218,horrible the worst experience i've had in any app without premium only thing you're able to do without premium is downloading the app nothing is free it's just there to make you buy subscription you'll have a good experience if you have premium subscription but if you don't it's just trying to make you uncomfortable using the app without the paid premium absolutely terrible experience they're basically insulting you not having premium i'll never use again,76,2026-09-05,2026-08-31,0.91835,0.0727,0.0089,negative,0.9184
Google Play,41a6208a-fb6a-49a1-9200-ce10a251081c,2026-09-05 23:26:47,4,musics to listen 👂 to,Manana Moloi,,musics to listen to,4,2026-09-05,2026-08-31,0.0156,0.8748,0.1096,neutral,0.8748
Google Play,38601880-36ab-4845-8b4f-e7d84b570e60,2026-09-05 23:25:38,5,Such an amazing music app...🎶,POROSH BARUA,9.1.78.2218,such an amazing music app,5,2026-09-05,2026-08-31,0.003,0.0103,0.9868,positive,0.9868
Google Play,4d8503f0-9f01-4cba-8878-789d2f1ac2dd,2026-09-05 23:25:09,5,bast app is paly song 🎧🎶,Avigayan Raj,9.1.80.2221,bast app is paly song,5,2026-09-05,2026-08-31,0.0133,0.5226,0.4642,neutral,0.5226
Google Play,f1422d84-0c8d-495d-9bc8-3d80adcdaf05,2026-09-05 23:24:36,5,The best though... it links in a second on my xbox one.,Aqua Fox,9.1.78.2218,the best though it links in a second on my xbox one,12,2026-09-05,2026-08-31,0.0029,0.0183,0.9788,positive,0.9788
Google Play,b2a16047-6c9c-4a02-acda-8ee650d3ae05,2026-09-05 23:14:35,4,"Better than earlier versions. I'm dumping AM for Spotify because I'm not seeing track limits. If I like a song by an artist I want to add all their albums to my collection and shuffle hoping to hear something else I like. That took me over the 100k token limit on AM but doesn't seem to be a Spotify limit. iPadOS app is less annoying than Android app. On Android scroll down the list for an artist with a huge number of albums, look at the tracks on one and back to albums, list position changes.",David Mair,9.1.80.2221,better than earlier versions i'm dumping am for spotify because i'm not seeing track limits if i like a song by an artist i want to add all their albums to my collection and shuffle hoping to hear something else i like that took me over the 100k token limit on am but doesn't seem to be a spotify limit ipados app is less annoying than android app on android scroll down the list for an artist with a huge number of albums look at the tracks on one and back to albums list position changes,96,2026-09-05,2026-08-31,0.311,0.472,0.21700000000000003,neutral,0.472
Google Play,d0000919-9097-4960-9ca5-230a903488d3,2026-09-05 23:09:00,1,Repeat function turns on anytime i connect to a different Bluetooth device. A quick reinstall or update doesn't fix sloppy coding or ai slop vibe code. Looking online it seems it goes back about 6 years. how does spotify have horrible devs that can't squash a bug setting repeat as default when connecting to a device?,David C,9.1.42.2058,repeat function turns on anytime i connect to a different bluetooth device a quick reinstall or update doesn't fix sloppy coding or ai slop vibe code looking online it seems it goes back about 6 years how does spotify have horrible devs that can't squash a bug setting repeat as default when connecting to a device,56,2026-09-05,2026-08-31,0.88615,0.1061,0.00775,negative,0.8862
Google Play,c640a32b-e6d4-4b8c-9162-7253f15ad098,2026-09-05 23:01:30,1,"Very disappointing experience with Spotify Free. The free version has become extremely restrictive. It only lets me listen to a few songs, and when I want to choose and play my own favourite song, I’m asked to pay for Premium. I understand that Premium has extra features, but completely restricting basic song selection on the free version makes the experience frustrating and unfair for free users. Spotify used to be much better for free users, but now it feels like everything is behind a paywall",Ritu Pradhan,9.1.80.2221,very disappointing experience with spotify free the free version has become extremely restrictive it only lets me listen to a few songs and when i want to choose and play my own favourite song i m asked to pay for premium i understand that premium has extra features but completely restricting basic song selection on the free version makes the experience frustrating and unfair for free users spotify used to be much better for free users but now it feels like everything is behind a paywall,86,2026-09-05,2026-08-31,0.8351500000000001,0.1538,0.0111,negative,0.8352
Google Play,9af92685-b33d-4fef-a2b4-1fd174fd938e,2026-09-05 22:59:58,2,Afordable quality music for every emotional moments. Love! NOT THAT GREAT ANYMORE! Too many mistakes. First when playing my play list of over 100 songs it keeps repeating songs after maybe 20-30 songs. The search can't find what I'm looking for (even I tipe everything correctly). Most upsetting is that you can't copy or download your play lists or albums. But pricing is going up on time😏. From $10 to $13. Yes...I'm that long with Spotify. But thinking about other solutions.,Agim Lapastica,9.1.76.2055,afordable quality music for every emotional moments love not that great anymore too many mistakes first when playing my play list of over 100 songs it keeps repeating songs after maybe 20 30 songs the search can't find what i'm looking for even i tipe everything correctly most upsetting is that you can't copy or download your play lists or albums but pricing is going up on time from 10 to 13 yes i'm that long with spotify but thinking about other solutions,83,2026-09-05,2026-08-31,0.9014,0.08725,0.011349999999999999,negative,0.9014
Google Play,0f6bd915-9489-46bc-a701-08877abd9469,2026-09-05 22:48:50,1,for just 150 dollars a year you can pay to be allowed to listen to music you could already listen to for free. not to mention a lot of the features are just pretty bad,Olive,9.1.80.2221,for just 150 dollars a year you can pay to be allowed to listen to music you could already listen to for free not to mention a lot of the features are just pretty bad,35,2026-09-05,2026-08-31,0.8862,0.105,0.0088,negative,0.8862
Google Play,36d34911-9207-4b02-a76e-8f8a69da985c,2026-09-05 22:42:42,5,nice sounds,James Sarabosing,9.1.78.2218,nice sounds,2,2026-09-05,2026-08-31,0.0188,0.0845,0.8967,positive,0.8967
Google Play,c5c60df5-3143-4fc5-8baf-490086693260,2026-09-05 22:42:03,5,very nice there are a lot of advertisement,Nisha Chaubey,9.1.76.2055,very nice there are a lot of advertisement,8,2026-09-05,2026-08-31,0.0072,0.0191,0.9737,positive,0.9737
Google Play,72c738c3-51b7-43e6-8d6d-207913927dd3,2026-09-05 22:40:13,1,"This apps is mess. crashing very frequently, fix the bugs.. Also add an option to select the music language we want to listen to and make that option WORK properly, by blocking other random languages in our profile.",john preetesh,9.1.78.2218,this apps is mess crashing very frequently fix the bugs also add an option to select the music language we want to listen to and make that option work properly by blocking other random languages in our profile,38,2026-09-05,2026-08-31,0.8326,0.153,0.0144,negative,0.8326
Google Play,1fc406ed-0481-4275-98f9-932cda0c7e61,2026-09-05 22:39:46,4,it's great to use tho,iman afia,9.1.78.2218,it's great to use tho,5,2026-09-05,2026-08-31,0.0098,0.0419,0.9483,positive,0.9483
Google Play,a9edef36-3131-44c5-88f0-ba4002122b6b,2026-09-05 22:39:46,1,"worst app, ads and ads and ads , more ads than songs",Ankush Bajaj,9.1.78.2218,worst app ads and ads and ads more ads than songs,11,2026-09-05,2026-08-31,0.9435,0.0481,0.0084,negative,0.9435
Google Play,81306c30-4690-4da7-a4a8-42ddccf06260,2026-09-05 22:38:57,5,I like this aap 🤌🥰,Vaishali Parte,9.1.76.2055,i like this aap,4,2026-09-05,2026-08-31,0.0035,0.0111,0.9853,positive,0.9853
Google Play,3bbc6ce7-780d-48af-baff-f46dde518d28,2026-09-05 22:36:33,5,better experience I ever had,Satyam Rajput,9.1.78.2218,better experience i ever had,5,2026-09-05,2026-08-31,0.0036,0.0241,0.9722,positive,0.9722
Google Play,9100bad5-709c-4f83-907e-3f3b0aadf3da,2026-09-05 22:36:30,5,love saving my favorite songs,Linda Hopson,9.1.78.2218,love saving my favorite songs,5,2026-09-05,2026-08-31,0.0062,0.0241,0.9698,positive,0.9698
Google Play,5d850622-1282-43d7-8ca6-7e866fbba20d,2026-09-05 22:32:26,5,very enjoyable,Oscar Hugo Esquivel,9.1.78.2218,very enjoyable,2,2026-09-05,2026-08-31,0.0118,0.0381,0.9501,positive,0.9501
Google Play,7c544518-ebd7-4061-bccc-8e0badba057a,2026-09-05 22:30:01,5,it's a good app for songs especially while learning,Henriette Tootsi,9.1.78.2218,it's a good app for songs especially while learning,9,2026-09-05,2026-08-31,0.0033,0.0446,0.9521,positive,0.9521
Google Play,6b49440d-a36e-467e-bf76-b7f3e24b6e52,2026-09-05 22:27:47,1,They try to place trackers on your browser when you use their website,Mary Stirrett,8.9.24.633,they try to place trackers on your browser when you use their website,13,2026-09-05,2026-08-31,0.1936,0.7821,0.0243,neutral,0.7821
Google Play,93e85728-f405-42fe-98e0-45dbb55ce4a2,2026-09-05 22:26:28,1,terrible app,Theresa Andersen,,terrible app,2,2026-09-05,2026-08-31,0.878,0.0985,0.0235,negative,0.878
Google Play,6d96ca02-ee56-40af-b461-48a958cc043d,2026-09-05 22:24:23,1,very waste app after subscription end too much add and too much restriction,Kiran 8,9.1.76.2055,very waste app after subscription end too much add and too much restriction,13,2026-09-05,2026-08-31,0.8965,0.0941,0.0095,negative,0.8965
Google Play,4a74e8ed-49ba-45d1-8d3c-47735bfeea96,2026-09-05 22:22:53,5,"Used to be great and then I don't know what happened. As of now, it constantly stops mid song in either online or offline mode. I don't even know why I bother to pay for the full service when 99 percent of the time the app completely closes mid song or skips through the music. Worse is now you can't run the app in the background as you check social media, your emails, or texts without it stopping mid song and the app closing. What's the point of $10.00 per month to listen to 5 partial songs in",Zuba Costello,9.1.80.2221,used to be great and then i don't know what happened as of now it constantly stops mid song in either online or offline mode i don't even know why i bother to pay for the full service when 99 percent of the time the app completely closes mid song or skips through the music worse is now you can't run the app in the background as you check social media your emails or texts without it stopping mid song and the app closing what's the point of 10 00 per month to listen to 5 partial songs in,99,2026-09-05,2026-08-31,0.8586499999999999,0.1314,0.00995,negative,0.8586
Google Play,5bf5598c-a45e-41d7-875c-5c05101af7ef,2026-09-05 22:22:41,5,"My experience has been beautiful with Spotify 🤍! I love every feature in it and what excites me all is my wrap at the end of the year 💃💗!! I can listen to music cut across languages, I can even listen to OST from my favorite Chinese dramas, I can access podcast and sermons from my pastor and even communication lessons with Vinh Giang. Spotify is so cool for real 💯!",Sarah Soyi,9.1.78.2218,my experience has been beautiful with spotify i love every feature in it and what excites me all is my wrap at the end of the year i can listen to music cut across languages i can even listen to ost from my favorite chinese dramas i can access podcast and sermons from my pastor and even communication lessons with vinh giang spotify is so cool for real,68,2026-09-05,2026-08-31,0.003566666666666667,0.08906666666666668,0.9074,positive,0.9074
Google Play,1aad0646-fb43-4c4a-92f8-45f0af81f5bb,2026-09-05 22:21:33,5,It is very nice app to listening music I love you spotify 💝💝,Mukesh Choudhary,9.1.80.2221,it is very nice app to listening music i love you spotify,12,2026-09-05,2026-08-31,0.0033,0.0082,0.9885,positive,0.9885
Google Play,bde3155a-6dd1-4fba-8faa-68b04142fcbd,2026-09-05 22:17:57,1,Too Too many ads exploiting customers very greedy app,Shaik MAHABOOB ALI,9.1.80.2221,too too many ads exploiting customers very greedy app,9,2026-09-05,2026-08-31,0.9093,0.083,0.0077,negative,0.9093
Google Play,b715897d-6a2a-4013-8a84-e88004ea393e,2026-09-05 22:15:56,5,Smooth fast easy and efficient,Okedolapo Ayodeji-Ewulotan,9.1.78.2218,smooth fast easy and efficient,5,2026-09-05,2026-08-31,0.0121,0.1274,0.8605,positive,0.8605
Google Play,15008146-a79e-4e07-9885-ae831a423ef5,2026-09-05 22:15:34,5,best song app,Aranya Srivastava,9.1.78.2218,best song app,3,2026-09-05,2026-08-31,0.0085,0.0562,0.9353,positive,0.9353
Google Play,d302d7a4-3e48-434d-a3db-23bf1b26e8b0,2026-09-05 22:11:30,5,just lit🔥,Tilmeith Habib,9.1.76.2055,just lit,2,2026-09-05,2026-08-31,0.0061,0.0297,0.9642,positive,0.9642
Google Play,e6991f53-1103-4e5b-990b-4e839a32691f,2026-09-05 22:11:21,5,excellent selection of music,Tesia Burton,9.1.78.2218,excellent selection of music,4,2026-09-05,2026-08-31,0.0041,0.0228,0.973,positive,0.973
Google Play,18d229aa-d964-4041-a58a-2f70b872436b,2026-09-05 22:10:26,5,very goood song quality,Kuldeep Singh,,very goood song quality,4,2026-09-05,2026-08-31,0.008,0.028,0.964,positive,0.964
Google Play,b3193406-50de-44f0-bf3d-36f2cc0d17a9,2026-09-05 22:03:53,1,ads everywhere,Simba Saeed,9.1.78.2218,ads everywhere,2,2026-09-05,2026-08-31,0.2956,0.5853,0.1191,neutral,0.5853
Google Play,1d6f657b-2c06-4be0-857a-5d708d33b6c4,2026-09-05 22:01:38,1,"Thanks for Making me remember that the old days when we used to download & play music was better way altough it was wrong but to enjoy music without ads & unlimited skip & shuffle good quality music, with no internet & offline play.. Thanks Spotify Greed will consume you. And to all the users use your time & money wisely stop paying dumb subscription in the name of convenience.",vinit mandhare,9.1.80.2221,thanks for making me remember that the old days when we used to download play music was better way altough it was wrong but to enjoy music without ads unlimited skip shuffle good quality music with no internet offline play thanks spotify greed will consume you and to all the users use your time money wisely stop paying dumb subscription in the name of convenience,65,2026-09-05,2026-08-31,0.44744999999999996,0.1938,0.35874999999999996,negative,0.4474
Google Play,7662e89d-9aa6-4e5f-9ba8-0c4927830ef8,2026-09-04 23:58:01,1,song quality... garbage. ad quality... Blow your windows out,Skitzo Frantic,9.1.78.2218,song quality garbage ad quality blow your windows out,9,2026-09-04,2026-08-31,0.9505,0.0436,0.0059,negative,0.9505
Google Play,b4b31a80-8c2f-46bc-b2f9-fdbbd602cc12,2026-09-04 23:54:43,5,I love this app so sweet and entertainment,Larizy Official,9.1.72.1891,i love this app so sweet and entertainment,8,2026-09-04,2026-08-31,0.0062,0.0103,0.9836,positive,0.9836
Google Play,e50df423-403a-4359-9f55-be0e7341909a,2026-09-04 23:54:38,1,need mony,Ahmed Waleid,9.1.78.2218,need mony,2,2026-09-04,2026-08-31,0.0886,0.6042,0.3071,neutral,0.6042
Google Play,2b372dbc-a303-4d72-981f-ab2ddf71cfdd,2026-09-04 23:54:35,1,"free mode sucks. genuinely, and the prices for anything but free mode is abhorrent. While it has the music I like, and is good for discovering new music and artists-- the ads are horrible, and disallowing ordered listening on EXCLUSIVELY mobile (without a subscription) is insane.",Kaine “Brutus” Wolff,9.1.78.2218,free mode sucks genuinely and the prices for anything but free mode is abhorrent while it has the music i like and is good for discovering new music and artists the ads are horrible and disallowing ordered listening on exclusively mobile without a subscription is insane,46,2026-09-04,2026-08-31,0.8614,0.1123,0.0263,negative,0.8614
Google Play,7dda1e0a-29b3-48e4-9c17-b55e4a574905,2026-09-04 23:54:02,2,there shouldn't b anything like premium... pain in the a$$😭,Mateen Azhar,9.1.78.2218,there shouldn't b anything like premium pain in the a,10,2026-09-04,2026-08-31,0.948,0.0456,0.0064,negative,0.948
Google Play,c171ad0a-4b8a-408d-9569-92e270c3cb76,2026-09-04 23:53:55,1,"Runs well until I reach the hidden daily limit, why is the daily limit hidden, it should be shown. Worse than before.",Saul P Ferreira,9.1.78.2218,runs well until i reach the hidden daily limit why is the daily limit hidden it should be shown worse than before,22,2026-09-04,2026-08-31,0.8558,0.1248,0.0194,negative,0.8558
Google Play,53d56d64-eb7b-446e-8dbb-f5c4d17626e8,2026-09-04 23:53:28,5,ok so far...it's only been 5 minutes,Dustin Braddy,9.1.78.2218,ok so far it's only been 5 minutes,8,2026-09-04,2026-08-31,0.0407,0.831,0.1284,neutral,0.831
Google Play,b7942e12-b019-4e49-bb73-45b84effc25e,2026-09-04 23:52:48,5,free premiun,lucas daum,9.1.78.2218,free premiun,2,2026-09-04,2026-08-31,0.0524,0.7723,0.1753,neutral,0.7723
Google Play,23398e69-2a11-4208-95de-69c424ec8f8b,2026-09-04 23:48:18,1,Frequent issues that their customer service have no interest in helping resolve,Marcus Gordon,9.1.78.2218,frequent issues that their customer service have no interest in helping resolve,12,2026-09-04,2026-08-31,0.8757,0.1149,0.0095,negative,0.8757
Google Play,d90f897b-ed53-493d-9d77-b204d9e3c5dd,2026-09-04 23:46:47,1,This app without subscription is just trash way too many ads can't skip songs,Gudala Lakshmi,9.1.78.2218,this app without subscription is just trash way too many ads can't skip songs,14,2026-09-04,2026-08-31,0.9365,0.0559,0.0075,negative,0.9365
Google Play,863a8f55-f34a-4945-8bde-6725cf0d1101,2026-09-04 23:46:03,5,didn't like the non premium too much but with premium...love it,Glenn George,9.1.78.2218,didn't like the non premium too much but with premium love it,12,2026-09-04,2026-08-31,0.0746,0.2056,0.7197,positive,0.7197
Google Play,0df9618c-8f6a-43d4-9ead-1d5c46ff52c2,2026-09-04 23:45:22,5,Spotify is a good app! I give it 5 🌟's THE BESTTT you can listen to any music but ads can get in the way also you have to buy premium but I can't buy it since I been a user Its never gone wrong the best app recommend for anyone who is planning too download listen to music on Spotify! 10/10 premium is quite expensive but RECOMMEND!! 😌✌️🌟,Kea Parrot (KEA),,spotify is a good app i give it 5 's the besttt you can listen to any music but ads can get in the way also you have to buy premium but i can't buy it since i been a user its never gone wrong the best app recommend for anyone who is planning too download listen to music on spotify 10 10 premium is quite expensive but recommend,69,2026-09-04,2026-08-31,0.05135,0.22655,0.7221,positive,0.7221
Google Play,263f9c50-1209-4365-beb6-dd20d3194136,2026-09-04 23:43:02,4,The next song selection is awesome,Srikar SAI,,the next song selection is awesome,6,2026-09-04,2026-08-31,0.0035,0.014,0.9825,positive,0.9825
Google Play,4e818f3f-d33c-4654-abfd-a4473f8d3699,2026-09-04 23:42:15,5,"love it. wide range , genres, reasonable premium.👍❤️",Thiviya Thanancheyan,9.1.78.2218,love it wide range genres reasonable premium,7,2026-09-04,2026-08-31,0.0032,0.012,0.9848,positive,0.9848
Google Play,0ff56c83-1ef0-48ba-abc4-066bb308a337,2026-09-04 23:40:51,5,one of the super music app,Asleen Ayan,9.1.78.2218,one of the super music app,6,2026-09-04,2026-08-31,0.0071,0.2656,0.7273,positive,0.7273
Google Play,a28f4d03-c630-4afa-ace0-f788d2e53242,2026-09-04 23:40:50,4,granddaughter put it on my phone. i have to say im really enjoying it.,william Reid,9.1.76.2055,granddaughter put it on my phone i have to say im really enjoying it,14,2026-09-04,2026-08-31,0.0022,0.017,0.9808,positive,0.9808
Google Play,d69409f6-1f4d-4c4c-a67c-3421e0f7e6a8,2026-09-04 23:39:55,2,"It claims that it has best algorithm for songs. But my experience is worst, it does not understand your taste at all. It plays all songs randomly. It does not recognize the pattern of your taste. Sorry dear spotify, you have long way to go to get approval from true listeners. claim does not set your standards but your actions towards better listening experience will do.",nitin tawade,9.1.78.2218,it claims that it has best algorithm for songs but my experience is worst it does not understand your taste at all it plays all songs randomly it does not recognize the pattern of your taste sorry dear spotify you have long way to go to get approval from true listeners claim does not set your standards but your actions towards better listening experience will do,66,2026-09-04,2026-08-31,0.49035,0.42719999999999997,0.08245,negative,0.4904
Google Play,bb1fe4a8-8edc-42bb-922d-929d326653aa,2026-09-04 23:39:52,1,too much ad and enteruptions and only limited things my advice to change your music listening app 🙏,Sahid bgp,9.0.52.505,too much ad and enteruptions and only limited things my advice to change your music listening app,17,2026-09-04,2026-08-31,0.6898,0.2788,0.0314,negative,0.6898
Google Play,4a5ad213-b058-42a1-9757-271eed264760,2026-09-04 23:39:34,3,the widget update was so disappointing. there are features of this app doesn't have like the option of playing a song next instead of adding it to a playlist or switching to it. overall this app is mid I only keep it for my children because unfortunately kids are heavily influenced by their peers,Amanda Woodward,9.1.78.2218,the widget update was so disappointing there are features of this app doesn't have like the option of playing a song next instead of adding it to a playlist or switching to it overall this app is mid i only keep it for my children because unfortunately kids are heavily influenced by their peers,54,2026-09-04,2026-08-31,0.9065,0.0865,0.007,negative,0.9065
Google Play,e025b80c-4fc8-466c-ab18-75eaaf868059,2026-09-04 23:39:11,5,this app is very amazing,Hussain Ansari,,this app is very amazing,5,2026-09-04,2026-08-31,0.0064,0.0126,0.981,positive,0.981
Google Play,ba40f99e-c37e-4f96-ae3f-ca81a68a0e7f,2026-09-04 23:37:40,5,best songs app,Soni Sahu,9.1.78.2218,best songs app,3,2026-09-04,2026-08-31,0.0086,0.0534,0.938,positive,0.938
Google Play,ecfd6c80-c28a-4a43-9e3f-e4d9ab7b9a02,2026-09-04 23:37:23,5,The Partner of FC Barcelona ❤️🤍😊,Fhad Janjua,,the partner of fc barcelona,5,2026-09-04,2026-08-31,0.0017,0.0174,0.9809,positive,0.9809
Google Play,f782adfd-bc45-427a-91c3-0775a30fcb16,2026-09-04 23:30:57,5,"I enjoy your entertainment and not connecting with a radio, thanks 🙂",Dennis Dallas,9.1.78.2218,i enjoy your entertainment and not connecting with a radio thanks,11,2026-09-04,2026-08-31,0.0122,0.0887,0.8991,positive,0.8991
Google Play,51df4324-57da-4afa-8100-b9857631cb70,2026-09-04 23:28:52,3,Tooo much ads I don't want to purchase premium,Deepesh Singh,9.1.78.2218,tooo much ads i don't want to purchase premium,9,2026-09-04,2026-08-31,0.8948,0.0946,0.0106,negative,0.8948
Google Play,7410da63-53f0-4469-af16-da4edb53009b,2026-09-04 23:24:57,3,it's disappointing that Spotify has audiobooks but your listening time is limited.,Joel caloca Zavala,9.1.78.2218,it's disappointing that spotify has audiobooks but your listening time is limited,12,2026-09-04,2026-08-31,0.8831,0.1088,0.0081,negative,0.8831
Google Play,c5604bf1-e84f-43eb-ba85-671dd923ae48,2026-09-04 23:22:26,1,tumse achcha to simple tune hai 😂,Shivam Saini,9.1.76.2055,tumse achcha to simple tune hai,6,2026-09-04,2026-08-31,0.0726,0.7966,0.1309,neutral,0.7966
Google Play,a12284a6-aeb7-4092-95ce-90a5f7c97982,2026-09-04 23:19:33,5,is the best,Mr. Universe,9.1.78.2218,is the best,3,2026-09-04,2026-08-31,0.0082,0.0327,0.959,positive,0.959
Google Play,32924215-94a5-4c74-8069-e77da9bbbb59,2026-09-04 23:17:40,4,ads are painful others all good,Nahid kahndokar,9.1.78.2218,ads are painful others all good,6,2026-09-04,2026-08-31,0.7052,0.2377,0.0571,negative,0.7052
Google Play,156e10fb-b5b2-4fa3-8fff-b4e67eb42acf,2026-09-04 23:17:15,3,contant popups of premium and i am not able to select my song at a specific time,nilima rath,9.1.78.2218,contant popups of premium and i am not able to select my song at a specific time,17,2026-09-04,2026-08-31,0.6371,0.351,0.0119,negative,0.6371
Google Play,a0f77451-c4f5-4761-a613-6d2a584b5e3b,2026-09-04 23:13:17,2,Such a good app if it wasn't for their THIRST for MONEY and need to make EVERYTHING PREMIUM. I want to be able to listen to music I want. I used to love Spotify but now I'm forced to not use it because I can't even breathe on the app without getting told I need to pay an stupid amount of money for premium.,Paula Skins,9.1.78.2218,such a good app if it wasn't for their thirst for money and need to make everything premium i want to be able to listen to music i want i used to love spotify but now i'm forced to not use it because i can't even breathe on the app without getting told i need to pay an stupid amount of money for premium,64,2026-09-04,2026-08-31,0.4068,0.2197,0.3735,negative,0.4068
Google Play,594d5b77-b6d6-4ce2-9b49-17265812c16a,2026-09-04 23:11:35,5,great app for long drives and trips,Raj Makwana,9.1.78.2218,great app for long drives and trips,7,2026-09-04,2026-08-31,0.0036,0.0373,0.9591,positive,0.9591
Google Play,2e213c58-b8ef-4c99-8c48-5a4afc2a9673,2026-09-04 23:10:28,1,"Spotify used to be a great experience for listening to music, but now the ads are way too many. Having to sit through so many ads just to listen to a few songs completely ruins the experience. Music should be relaxing and enjoyable, not constantly interrupted by ads. Please reduce the number of ads and improve the free listening experience.",Esha Kankonker,,spotify used to be a great experience for listening to music but now the ads are way too many having to sit through so many ads just to listen to a few songs completely ruins the experience music should be relaxing and enjoyable not constantly interrupted by ads please reduce the number of ads and improve the free listening experience,60,2026-09-04,2026-08-31,0.4538,0.3715,0.1747,negative,0.4538
Google Play,6a7a1353-2103-4f1d-9a1c-119812b14d76,2026-09-04 23:10:05,1,worst aap ever😡i never saw it in my life 😡,Aslam,9.1.78.2218,worst aap ever i never saw it in my life,10,2026-09-04,2026-08-31,0.9531,0.0398,0.0071,negative,0.9531
Google Play,0ae22232-4afa-4133-ad32-2a9b15c6275a,2026-09-04 23:07:33,1,"As of the latest update app has become completely unusable even trying to do something as simple as viewing the description of a podcast you get a popup ad, there is absolutely no reason this should be happening. Edit: In addition they seem to be willing to use very underhanded tactics as of late such as allowing 3rd parties to hack your account and claim suspicious activity for leaving a review about very real problems with both desktop but especially mobile versions.",universet,9.1.78.2218,as of the latest update app has become completely unusable even trying to do something as simple as viewing the description of a podcast you get a popup ad there is absolutely no reason this should be happening edit in addition they seem to be willing to use very underhanded tactics as of late such as allowing 3rd parties to hack your account and claim suspicious activity for leaving a review about very real problems with both desktop but especially mobile versions,82,2026-09-04,2026-08-31,0.8767,0.11565,0.0076500000000000005,negative,0.8767
Google Play,c1b64363-bc60-49a4-8873-41eaa6f2d4b8,2026-09-04 23:07:13,5,carima app eka tharu 5i,D X,9.1.78.2218,carima app eka tharu 5i,5,2026-09-04,2026-08-31,0.0675,0.8342,0.0983,neutral,0.8342
Google Play,7f3b5655-5d82-4bd8-aba9-d4e6d7c915b9,2026-09-04 23:06:47,5,Cool and the bestest app of songs,MJ Olkers,9.1.78.2218,cool and the bestest app of songs,7,2026-09-04,2026-08-31,0.005,0.0169,0.9781,positive,0.9781
Google Play,a9bdb352-e284-4c8d-b31c-85a15457226c,2026-09-04 23:06:06,1,"Spotify purposefully goes out of its way to inconvenience users who don't pay their bs $13/month ($156/year) subscription. They literally will take the time to add ""similar songs"" to albums that you didn't want to listen to. f spotify and their allowance of AI slop songs.",Seth Benjamin,9.1.78.2218,spotify purposefully goes out of its way to inconvenience users who don't pay their bs 13 month 156 year subscription they literally will take the time to add similar songs to albums that you didn't want to listen to f spotify and their allowance of ai slop songs,48,2026-09-04,2026-08-31,0.9131,0.0797,0.0071,negative,0.9131
Google Play,1619f492-afc4-4727-bab2-2ffadab0aad2,2026-09-04 23:05:33,5,sing you got the keys,Unako Sonthingose,9.1.78.2218,sing you got the keys,5,2026-09-04,2026-08-31,0.0398,0.7401,0.2201,neutral,0.7401
Google Play,b00aaf2d-e8f7-4902-a890-021cb03f9a46,2026-09-04 23:04:46,5,best application for music I used ever,SANYOG KAUSHIKK,9.1.78.2218,best application for music i used ever,7,2026-09-04,2026-08-31,0.0057,0.0448,0.9495,positive,0.9495
Google Play,858533b9-d910-44b1-b646-f1e15b3e012e,2026-09-04 23:00:37,5,it is a nice experience with Spotify. but they should add a Google Play pay feature in their students account,Mayank,9.1.78.2218,it is a nice experience with spotify but they should add a google play pay feature in their students account,20,2026-09-04,2026-08-31,0.0111,0.1476,0.8413,positive,0.8413
Google Play,0aea9ab5-0bf2-457e-8b44-1b0a0f68caf3,2026-09-04 23:00:30,5,Best option for non stop music,Alastair Francis,9.1.78.2218,best option for non stop music,6,2026-09-04,2026-08-31,0.0069,0.1156,0.8774,positive,0.8774
Google Play,c9c42f07-e918-4911-ad11-a133f6d2bf05,2026-09-04 22:57:10,5,Good App more blessings 🙌,Andrew Owusu,9.1.72.1891,good app more blessings,4,2026-09-04,2026-08-31,0.0085,0.019,0.9725,positive,0.9725
Google Play,06dbadc9-4238-451a-ba85-11dd6c5834dd,2026-09-04 22:56:03,5,good experience and sound quality and the Ads are nuetral Spotify should work more on the advertisement listening to the listeners and that's it,Darshana Ranjane,,good experience and sound quality and the ads are nuetral spotify should work more on the advertisement listening to the listeners and that's it,24,2026-09-04,2026-08-31,0.0342,0.3086,0.6572,positive,0.6572
Google Play,77f7babd-d204-41fb-a6bb-a75eb966e9d2,2026-09-04 22:51:51,5,They even put new music on here and it doesn't cost me a dime. I love it.,RAE-ANN Dingman,9.1.78.2218,they even put new music on here and it doesn't cost me a dime i love it,17,2026-09-04,2026-08-31,0.0071,0.0192,0.9737,positive,0.9737
Google Play,83dc117c-be2c-4f3f-bfb8-ac26e836f684,2026-09-04 22:50:31,4,one of my best when it comes to premium,Ajiri Praise,,one of my best when it comes to premium,9,2026-09-04,2026-08-31,0.005,0.0328,0.9622,positive,0.9622
Google Play,f5404626-4729-4e97-b15e-8877b9b1f84f,2026-09-04 22:50:24,4,"spotify is an almost perfect music app. The one thing that they fail at is shuffling of playlists. I have a playlist I play (on shuffle) daily and almost everyday I get nearly the same set of songs and sometimes in the same order as the day before. Mind you the playlist is over 900 songs. That said, it is, for the most part, an exquisite app.",Evans,9.1.78.2218,spotify is an almost perfect music app the one thing that they fail at is shuffling of playlists i have a playlist i play on shuffle daily and almost everyday i get nearly the same set of songs and sometimes in the same order as the day before mind you the playlist is over 900 songs that said it is for the most part an exquisite app,67,2026-09-04,2026-08-31,0.21375,0.21445000000000003,0.57175,positive,0.5718
Google Play,f402a78d-dcfd-4554-b8cc-4252dfe360e3,2026-09-04 22:49:30,5,It's nice but sometimes it's to many ads,OM UK,9.1.78.2218,it's nice but sometimes it's to many ads,8,2026-09-04,2026-08-31,0.5139,0.3458,0.1402,negative,0.5139
Google Play,2f0939bc-70b7-49ab-995b-170a47c9edab,2026-09-04 22:48:46,4,"it was a great experience, thank you and keep up the good work.",Richard Cerrillos,9.1.78.2218,it was a great experience thank you and keep up the good work,13,2026-09-04,2026-08-31,0.004,0.0092,0.9867,positive,0.9867
Google Play,48c5c399-16df-4e88-934e-26a5c34e0142,2026-09-04 22:48:08,1,I cancelled the free trial but still got charged anyway. I already tried to go to the support website but it's completely useless. Now I have to file a chargeback.,gavin c,,i cancelled the free trial but still got charged anyway i already tried to go to the support website but it's completely useless now i have to file a chargeback,30,2026-09-04,2026-08-31,0.9106,0.0835,0.0059,negative,0.9106
Google Play,54967845-6507-4da6-ac99-f1a581d2bb2a,2026-09-04 22:47:31,1,"the algorithm is broken. I hear the same couple tracks from my favorite artists until I'm sick of them while the whole rest of the album is ignored by the algorithm. what is even the point of the ""stations"" when all of them are the same play list.",Lyle Brown,9.1.78.2218,the algorithm is broken i hear the same couple tracks from my favorite artists until i'm sick of them while the whole rest of the album is ignored by the algorithm what is even the point of the stations when all of them are the same play list,48,2026-09-04,2026-08-31,0.9167,0.077,0.0063,negative,0.9167
Google Play,456e6682-b3b5-4fba-9b8a-eeda0c12b29d,2026-09-04 22:46:01,5,love that I can just open up my Spotify and listen to my music,Angela Potter,9.1.78.2218,love that i can just open up my spotify and listen to my music,14,2026-09-04,2026-08-31,0.0042,0.0471,0.9487,positive,0.9487
Google Play,c5cda8d0-04c7-4543-a048-eeeeee403e50,2026-09-04 22:44:55,5,great app......with premium 🥲,Krimson Tazer,9.1.78.2218,great app with premium,4,2026-09-04,2026-08-31,0.0029,0.0098,0.9873,positive,0.9873
Google Play,af7a26b3-9e5e-4466-a17e-de3ac277c42d,2026-09-03 23:58:32,5,I like to listen to music without ads. Spotify is amazing.,Rainiery Vicent-Narvaez,,i like to listen to music without ads spotify is amazing,11,2026-09-03,2026-08-31,0.0044,0.0188,0.9768,positive,0.9768
Google Play,baf63af0-49d0-4e7a-8ec8-52bbdc23d5a2,2026-09-03 23:52:49,5,"I pay for no ads, but I say its worth it. the Playlist system and recommend shuffle that plays new songs works great when you feel like expanding your Playlist",Hunter Hancock,9.1.78.2218,i pay for no ads but i say its worth it the playlist system and recommend shuffle that plays new songs works great when you feel like expanding your playlist,30,2026-09-03,2026-08-31,0.0063,0.0685,0.9252,positive,0.9252
Google Play,8fd88b9f-7731-40e0-91c4-1f7b8491a410,2026-09-03 23:52:06,1,You now only deserve ZERO STARS! Quit changing things! Nothing needs to be changed! You've totally erased my queue now TWICE!!! I can't keep re-adding the songs I want to hear! LEAVE MY STUFF ALONE!!!!,Kevin Doolittle,9.1.78.2218,you now only deserve zero stars quit changing things nothing needs to be changed you've totally erased my queue now twice i can't keep re adding the songs i want to hear leave my stuff alone,36,2026-09-03,2026-08-31,0.9423,0.0517,0.006,negative,0.9423
Google Play,49fb0327-6f4e-4f06-bc6b-b975b785dd3c,2026-09-03 23:50:17,5,"Spotify IS the best app for music, it includes every song u want and im having a good experience in SPOTIFY",Leen Kaaki,9.1.78.2218,spotify is the best app for music it includes every song u want and im having a good experience in spotify,21,2026-09-03,2026-08-31,0.0034,0.0095,0.9871,positive,0.9871
Google Play,3c91cd0d-aa8b-4e84-b86d-8449fdb3f12b,2026-09-03 23:48:28,5,I get to listen to everything I want for Free,prince inocent,9.1.78.2218,i get to listen to everything i want for free,10,2026-09-03,2026-08-31,0.0124,0.245,0.7426,positive,0.7426
Google Play,96218292-91e9-41d4-bd2b-c9f9b1fcf190,2026-09-03 23:48:10,1,"The app used to be fantastic and now operates at a snail pace. So slow to load. Don't want to leave, but might end up doing that if this continues.",Jonathan Ewles,9.1.78.2218,the app used to be fantastic and now operates at a snail pace so slow to load don't want to leave but might end up doing that if this continues,30,2026-09-03,2026-08-31,0.9079,0.0782,0.0139,negative,0.9079
Google Play,e6d07ec0-2808-4f63-9dcb-fdaa73b2a3af,2026-09-03 23:47:42,5,best music app on the market! Simple!!!!,Anthony Jackson,9.1.78.2218,best music app on the market simple,7,2026-09-03,2026-08-31,0.0031,0.0205,0.9764,positive,0.9764
Google Play,d11159b4-5e01-428c-9059-aee8962f0351,2026-09-03 23:47:29,3,ads are annoying,Hasan Shaikh,9.1.78.2218,ads are annoying,3,2026-09-03,2026-08-31,0.842,0.1419,0.0161,negative,0.842
Google Play,d9b29c7e-1c9a-4f56-823e-2012e4cf28fb,2026-09-03 23:43:01,1,"I'm paying for premium to not get ads, but I get them pushed on me for concerts and getting others to sign up for Spotify. I guess no ads just means no ads that Spotify gets paid for and forget what the customer is paying for. edit based on the reply, I'm talking about your stupid banner ads and popups that I don't want",Chace Merritt,9.1.78.2218,i'm paying for premium to not get ads but i get them pushed on me for concerts and getting others to sign up for spotify i guess no ads just means no ads that spotify gets paid for and forget what the customer is paying for edit based on the reply i'm talking about your stupid banner ads and popups that i don't want,64,2026-09-03,2026-08-31,0.67115,0.3024,0.02645,negative,0.6712
Google Play,4d45c7da-bf94-47e0-9e5e-32d78d5878ef,2026-09-03 23:38:44,1,cant play a song without taking premium subscription.... worst music app,DHEERAJ BORA,9.1.72.1891,cant play a song without taking premium subscription worst music app,11,2026-09-03,2026-08-31,0.9111,0.0827,0.0062,negative,0.9111
Google Play,33305e4e-eea5-48c4-9ed6-ccd0ec347aec,2026-09-03 23:37:29,4,Overall I think this app is great. It had most songs I want to listen to and pretty good quality. The only thing I would really complain about is the price for premium. I wish it were cheaper. Some people cant afford premium every month in which we get ads and don't have access to skipping very many songs 😒 I still highly recommend. Even with the ads there is still loads of possibilities. I just wish they had a cheaper premium available.,Tayler Strueby,9.1.78.2218,overall i think this app is great it had most songs i want to listen to and pretty good quality the only thing i would really complain about is the price for premium i wish it were cheaper some people cant afford premium every month in which we get ads and don't have access to skipping very many songs i still highly recommend even with the ads there is still loads of possibilities i just wish they had a cheaper premium available,82,2026-09-03,2026-08-31,0.35069999999999996,0.14385,0.50545,positive,0.5054
Google Play,1fc7982d-c71b-440e-9b9c-33c6236c6115,2026-09-03 23:36:50,5,love the app,Benjamin Dupa,9.1.78.2218,love the app,3,2026-09-03,2026-08-31,0.0074,0.0236,0.969,positive,0.969
Google Play,2e6aafc8-19e1-41a3-9878-85dc0c7fb27d,2026-09-03 23:31:37,1,the restrictions for non premium users are getting wild . can't even choose what song should I listen. no skip. and a lot of ads in between. im uninstalling this app,Naseeb Babu. M,9.1.78.2218,the restrictions for non premium users are getting wild can't even choose what song should i listen no skip and a lot of ads in between im uninstalling this app,30,2026-09-03,2026-08-31,0.8993,0.0946,0.006,negative,0.8993
Google Play,a4ca7396-f325-4cc2-92e9-951a115eced5,2026-09-03 23:30:49,1,"This app has got too worse nowadays. It doesn't even allow us to play our favourable music, can't even forward the audio track, and only 6 skips in an hour. This is totally a nuisance. What all it asks is for that stupid Spotify Premium Upgrade. What's the use of this app then? Totally waste.",Livjothkaurs,9.1.78.2218,this app has got too worse nowadays it doesn't even allow us to play our favourable music can't even forward the audio track and only 6 skips in an hour this is totally a nuisance what all it asks is for that stupid spotify premium upgrade what's the use of this app then totally waste,55,2026-09-03,2026-08-31,0.9268,0.0673,0.0059,negative,0.9268
Google Play,6a9c554c-440d-416b-a1c4-25ffc0678116,2026-09-03 23:26:55,4,good but expensive,devinlrp,9.1.78.2218,good but expensive,3,2026-09-03,2026-08-31,0.3886,0.4052,0.2062,neutral,0.4052
Google Play,7044964b-d4c8-413b-a336-831addb3bebf,2026-09-03 23:26:27,4,dost mile to karo hi - fi aur fir chalao Spotify,SHADOW GAMERZ Jangra,,dost mile to karo hi fi aur fir chalao spotify,10,2026-09-03,2026-08-31,0.0594,0.8996,0.041,neutral,0.8996
Google Play,fd421812-238f-46aa-99f9-ac7c3c780762,2026-09-03 23:23:14,1,Plays maybe half a dozen songs then just closes since the recent update.,Dave Burley,9.1.78.2218,plays maybe half a dozen songs then just closes since the recent update,13,2026-09-03,2026-08-31,0.3725,0.6009,0.0266,neutral,0.6009
Google Play,313fa338-3072-458c-8b64-f8cd787f2768,2026-09-03 23:20:31,5,it's nice and I like it ☺️,Gabriel Brown,9.1.76.2055,it's nice and i like it,6,2026-09-03,2026-08-31,0.0042,0.0145,0.9813,positive,0.9813
Google Play,bb23747c-d0c2-448e-988d-a66c5f554c76,2026-09-03 23:20:06,3,-the playlist bar should keep last used sorting setting and not change. it's annoying having to click playlists > by you every single time when i'm just trying to find out my playlists and its annoying that it defaults to every single thing in your library including artists u searched and albums when u just want to see your own playlists -when saving a song it should auto save to the last playlist u added songs to so its just faster. -pinned playlists should be at the top of home page,Remi Rastgoftar,9.1.78.2218,the playlist bar should keep last used sorting setting and not change it's annoying having to click playlists by you every single time when i'm just trying to find out my playlists and its annoying that it defaults to every single thing in your library including artists u searched and albums when u just want to see your own playlists when saving a song it should auto save to the last playlist u added songs to so its just faster pinned playlists should be at the top of home page,90,2026-09-03,2026-08-31,0.24325,0.621225,0.1355,neutral,0.6212
Google Play,9ec4f670-2719-44d8-9713-58b5ef04051b,2026-09-03 23:19:48,4,i think it has tooo mach adds,Mubbasir Antule,9.1.78.2218,i think it has tooo mach adds,7,2026-09-03,2026-08-31,0.5684,0.4123,0.0193,negative,0.5684
Google Play,a936d52a-41da-4b64-9d53-2478f0a72437,2026-09-03 23:19:27,1,"genuinely this app is overrated, i get ads every 3 songs and, worst of all, this app actually has a LIMIT to how many songs i can play before it locks me and it plays songs that are ""recommended"", to be more clear you cant listen to songs you want after searching and choosing first around like 8 times, and also why tf is the recommended feature not turnable off?? like maybe i dont want to listen to stupid song you think I'd like, i made a playlist so i don't get that typa song",LeCristi555,,genuinely this app is overrated i get ads every 3 songs and worst of all this app actually has a limit to how many songs i can play before it locks me and it plays songs that are recommended to be more clear you cant listen to songs you want after searching and choosing first around like 8 times and also why tf is the recommended feature not turnable off like maybe i dont want to listen to stupid song you think i'd like i made a playlist so i don't get that typa song,95,2026-09-03,2026-08-31,0.8527333333333335,0.13896666666666666,0.0083,negative,0.8527
Google Play,f95d8986-3152-46dc-97a7-be66a0d1d583,2026-09-03 23:15:11,5,best way to listen to music,Patrick Mhlanga,9.1.78.2218,best way to listen to music,6,2026-09-03,2026-08-31,0.0056,0.1106,0.8838,positive,0.8838
Google Play,5a30de9d-3776-4620-a3ab-d7b770214068,2026-09-03 23:13:55,5,Endless music and podcasts with awesome custom playlists. Plays smoothly on every device without hiccups 🎧🎧,True Wisher,,endless music and podcasts with awesome custom playlists plays smoothly on every device without hiccups,15,2026-09-03,2026-08-31,0.002,0.0172,0.9808,positive,0.9808
Google Play,a0530b10-c1ee-42a4-bc86-f18ccde1008a,2026-09-03 23:13:04,5,I love it my favorite app,Muna Mazen,9.1.78.2218,i love it my favorite app,6,2026-09-03,2026-08-31,0.005,0.0091,0.9859,positive,0.9859
Google Play,a248ba77-6ec3-448f-bcc6-8413e526944c,2026-09-03 23:10:52,4,good but ads disturb me a lot,Alpana Saha,9.1.78.2218,good but ads disturb me a lot,7,2026-09-03,2026-08-31,0.8353,0.1412,0.0234,negative,0.8353
Google Play,908a730c-1085-4b72-8a29-9d56b636ba7d,2026-09-03 23:08:18,5,"i fw it,i vibe w it,its lit",Young,9.1.78.2218,i fw it i vibe w it its lit,9,2026-09-03,2026-08-31,0.0039,0.027,0.9691,positive,0.9691
Google Play,a3869999-56c2-4bd1-a2c5-3715540bfd2d,2026-09-03 23:08:17,5,it nice,LINDOKUHLE NDUDUZO MDLULI,9.1.78.2218,it nice,2,2026-09-03,2026-08-31,0.0258,0.1486,0.8255,positive,0.8255
Google Play,6f35b7b5-7827-44df-b696-acd6459608c0,2026-09-03 23:04:32,1,Sudhro Spotify Baar Baar Premium Plan Dena Band Karo Aur Hamari Marzi Se Gaane ki Aage Piche Karne ke System Ko Band Mat Karo 😡😡😡 Warna Hum Tumhare App Ko Delete Kar Denge,Sushil saha,9.1.78.2218,sudhro spotify baar baar premium plan dena band karo aur hamari marzi se gaane ki aage piche karne ke system ko band mat karo warna hum tumhare app ko delete kar denge,32,2026-09-03,2026-08-31,0.858,0.1347,0.0073,negative,0.858
Google Play,6e01ef00-730b-43d5-8a04-1b0a7d4cab90,2026-09-03 23:01:00,2,"Spotify used to be my absolute favorite for making and randomizing playlists. Not anymore. Even my, ""liked"" playlist plays the same 10 or 15 songs over and over and over. PLEASE FIX THIS! I've changed every setting available and nothing works. Random should mean RANDOM. Put the AI and algorithms aside and make a legit randomize button.",Jacob Kleindl,9.1.78.2218,spotify used to be my absolute favorite for making and randomizing playlists not anymore even my liked playlist plays the same 10 or 15 songs over and over and over please fix this i've changed every setting available and nothing works random should mean random put the ai and algorithms aside and make a legit randomize button,57,2026-09-03,2026-08-31,0.56955,0.36605000000000004,0.0644,negative,0.5696
Google Play,13fbaf37-2016-4fa9-a2f7-a642bd8e01c2,2026-09-03 22:58:11,3,"I don't know at what update but it just ruined everything, I used to download songs and enjoy playing them offline especially on my car on the road nowadays even downloaded songs don't play offline its so irritating and frustrating, why say I can play them offline whilst can't anymore.",Linco Dikgang,9.1.78.2218,i don't know at what update but it just ruined everything i used to download songs and enjoy playing them offline especially on my car on the road nowadays even downloaded songs don't play offline its so irritating and frustrating why say i can play them offline whilst can't anymore,50,2026-09-03,2026-08-31,0.8815,0.1042,0.0143,negative,0.8815
Google Play,ac1759f9-47b3-44dc-9cbf-2da033b71016,2026-09-03 22:57:31,5,its a no one app in my like.,Rojina Gazi,9.1.78.2218,its a no one app in my like,8,2026-09-03,2026-08-31,0.3937,0.5579,0.0485,neutral,0.5579
Google Play,8f0a4870-d40b-45d6-a8b9-234dbabfcdf0,2026-09-03 22:57:28,4,The lack of options and freedom with how u listen to the songs without premium is very annoying after abit but it's manageable,Dazzel,,the lack of options and freedom with how u listen to the songs without premium is very annoying after abit but it's manageable,23,2026-09-03,2026-08-31,0.6757,0.3051,0.0193,negative,0.6757
Google Play,68f8abd4-0a49-43e8-bb85-15d959d65266,2026-09-03 22:55:26,5,one of the best free apps on the Internet. Keep up the good work.,Dallas,9.1.78.2218,one of the best free apps on the internet keep up the good work,14,2026-09-03,2026-08-31,0.0033,0.0137,0.983,positive,0.983
Google Play,3a8734fb-62d7-41fe-b7e4-cdaeeb4b3ca8,2026-09-03 22:54:52,5,"cheap, high quality, although I do wish they push on much higher codec, simple and nice looking app, basically has most of songs, it is my go to song listening as usual as it provides musics from most popular to most niche, to rare ones, i give it 5 stars, but push on much higher codec and I will be even pleased",Luffy Dash,9.1.78.2218,cheap high quality although i do wish they push on much higher codec simple and nice looking app basically has most of songs it is my go to song listening as usual as it provides musics from most popular to most niche to rare ones i give it 5 stars but push on much higher codec and i will be even pleased,62,2026-09-03,2026-08-31,0.00865,0.06475,0.9266,positive,0.9266
Google Play,8b3aed56-ca34-4c74-ab57-363b7f8988d3,2026-09-03 22:53:13,5,gool al,Jakaria Ahmmed,9.1.78.2218,gool al,2,2026-09-03,2026-08-31,0.1166,0.6485,0.2349,neutral,0.6485
Google Play,baf252db-5739-40a9-878a-344198aff698,2026-09-03 22:52:25,5,loved the app,Dhavan Skanda G,9.1.78.2218,loved the app,3,2026-09-03,2026-08-31,0.007,0.0223,0.9707,positive,0.9707
Google Play,6a8a4420-252b-4510-aedb-8d87551a33ef,2026-09-03 22:49:38,4,"I've been a spotify user for over 8 years now and I can confidently state it is my favorite app. The music streaming experience is good, but the app has more recently begun crashing at random, with no report of issue. Furthermore, I'm really disappointed with how few audio books I can actually listen to even with premium. Overall: I love the app. Premium is too expensive for its amenities. App bugs/crashes need to be fixed. I think more audio books should be available with premium.",A. Ahsan,9.1.78.2218,i've been a spotify user for over 8 years now and i can confidently state it is my favorite app the music streaming experience is good but the app has more recently begun crashing at random with no report of issue furthermore i'm really disappointed with how few audio books i can actually listen to even with premium overall i love the app premium is too expensive for its amenities app bugs crashes need to be fixed i think more audio books should be available with premium,87,2026-09-03,2026-08-31,0.3531,0.1203,0.5266,positive,0.5266
Google Play,07982dd1-55e4-48cd-bb64-ebd246ee232c,2026-09-03 22:44:33,4,too many adds,Peter,9.1.78.2218,too many adds,3,2026-09-03,2026-08-31,0.263,0.6413,0.0957,neutral,0.6413
Google Play,de47eb90-85fd-4be1-88ee-54342092cca3,2026-09-03 22:41:48,1,"as helpful as ever spotify, keep up the good work!!!",Tristin T,9.1.78.2218,as helpful as ever spotify keep up the good work,10,2026-09-03,2026-08-31,0.004,0.0095,0.9864,positive,0.9864
Google Play,2336f712-3711-4a88-9586-35f6bef64779,2026-09-03 22:40:53,1,"there's a lot of ads bro, like you cant even change to your desired song, ads popping up after every song, cant even peek for what song's comming next (it requires premium) bro tf is wrong with this app. I guess all they want is money.",Chewang Tamang,,there's a lot of ads bro like you cant even change to your desired song ads popping up after every song cant even peek for what song's comming next it requires premium bro tf is wrong with this app i guess all they want is money,46,2026-09-03,2026-08-31,0.8856,0.1066,0.0077,negative,0.8856
Google Play,c1ef1be2-b391-4949-a4a1-047253a6ebd0,2026-09-03 22:40:16,5,Fantastic! Always works and has my favorite music.,Peter Nyce III,,fantastic always works and has my favorite music,8,2026-09-03,2026-08-31,0.0034,0.008,0.9886,positive,0.9886
Google Play,832161aa-a753-4e6b-8819-996c741b2e78,2026-09-03 22:39:24,5,New interface is terrible. Home screen has nothing useful on it. No idea why it was changed. Actually came to change my review because of this.,Abrie Schuman,9.1.78.2218,new interface is terrible home screen has nothing useful on it no idea why it was changed actually came to change my review because of this,26,2026-09-03,2026-08-31,0.9476,0.0464,0.006,negative,0.9476
Google Play,050ad4cb-460b-4e14-bbd7-6c9ea4f6233d,2026-09-03 22:38:22,1,many unwanted and unauthorised content available,Satnam Singh,,many unwanted and unauthorised content available,6,2026-09-03,2026-08-31,0.7673,0.2212,0.0115,negative,0.7673
Google Play,39127ab2-08a0-4da7-b367-5bfb6c2dd8f0,2026-09-02 23:59:11,5,"perfect app ,perfect song collection that suits every event",Dickson,9.1.78.2218,perfect app perfect song collection that suits every event,9,2026-09-02,2026-08-31,0.0028,0.0271,0.9701,positive,0.9701
Google Play,eafd7457-de71-4ee9-810a-5406151a6ff5,2026-09-02 23:57:58,4,"Spotify Is awesome . Gotta get supreme for no hassles. Edit : The new way of adding songs to a Playlist can be confusing. I don't know what happened,but when l added a song to a Playlist all my songs got deleted . Strange",Stan Lupkowski,9.1.78.2218,spotify is awesome gotta get supreme for no hassles edit the new way of adding songs to a playlist can be confusing i don't know what happened but when l added a song to a playlist all my songs got deleted strange,42,2026-09-02,2026-08-31,0.1634,0.2242,0.6124,positive,0.6124
Google Play,9ac50404-55e4-42f1-a7fa-96c62639d24e,2026-09-02 23:56:26,5,c'est la meilleure application,Ryan,9.1.78.2218,c'est la meilleure application,4,2026-09-02,2026-08-31,0.1584,0.6729,0.1687,neutral,0.6729
Google Play,4dfc90b6-9e40-4f9e-8b25-8ba8db4f128a,2026-09-02 23:53:13,4,one of the best 👌,Govana Genzitto,9.1.78.2218,one of the best,4,2026-09-02,2026-08-31,0.0074,0.0303,0.9623,positive,0.9623
Google Play,f65c2d25-4614-4462-a9cb-fa40b3d1a902,2026-09-02 23:53:05,3,good app just pricey I feel. perks sends info of concerts around the area u are from or bands u like. drop price. make it easier to talk with u I give u 5 star,G,9.1.78.2218,good app just pricey i feel perks sends info of concerts around the area u are from or bands u like drop price make it easier to talk with u i give u 5 star,35,2026-09-02,2026-08-31,0.0092,0.1083,0.8824,positive,0.8824
Google Play,8696baf1-30d8-4319-9a4d-d6e25ed6deca,2026-09-02 23:48:53,5,play it all the time,Toby Alter,9.1.78.2218,play it all the time,5,2026-09-02,2026-08-31,0.0191,0.7191,0.2618,neutral,0.7191
Google Play,e3766853-6234-426b-8836-d4a07e5745ad,2026-09-02 23:46:58,1,Spotify donated $100k to Trump's inauguration,Wendy Siemens,9.1.78.2218,spotify donated 100k to trump's inauguration,6,2026-09-02,2026-08-31,0.0139,0.4498,0.5364,positive,0.5364
Google Play,91a63cb8-d575-4038-99da-5d488784fd8e,2026-09-02 23:46:24,4,Spotify is good to listen to all songs,Gabriel Chigozie,9.1.72.1891,spotify is good to listen to all songs,8,2026-09-02,2026-08-31,0.0032,0.0513,0.9456,positive,0.9456
Google Play,71c56798-a695-43ca-9508-0a9f4101d520,2026-09-02 23:45:46,5,"amazing when I work and need hype Spotify,makes it worth it",Muraguri Phyllis,9.1.78.2218,amazing when i work and need hype spotify makes it worth it,12,2026-09-02,2026-08-31,0.0046,0.0288,0.9666,positive,0.9666
Google Play,d6575ace-c345-4e3d-9c59-a6ecd95a3b50,2026-09-02 23:32:28,2,"Good app. I really like how well the gapless playback works. Unfortunately they will sometimes swap out a song you have in a playlist with a different version of the song. Maybe it's a different album, or maybe it's a live performance, or maybe a censored radio edit. Who knows?",chris luckinbill,9.1.78.2218,good app i really like how well the gapless playback works unfortunately they will sometimes swap out a song you have in a playlist with a different version of the song maybe it's a different album or maybe it's a live performance or maybe a censored radio edit who knows,50,2026-09-02,2026-08-31,0.1322,0.3304,0.5374,positive,0.5374
Google Play,6905be57-67ae-4e17-89db-d31fbfccd840,2026-09-02 23:30:37,1,"they really know how to ruin someone's day.....if you don't have premium you can't do any single thing 😡😡,",Manas Debgoswami,9.1.72.1891,they really know how to ruin someone's day if you don't have premium you can't do any single thing,19,2026-09-02,2026-08-31,0.9264,0.0672,0.0064,negative,0.9264
Google Play,ab88630c-a065-4ef5-9b64-dba645a4aed9,2026-09-02 23:27:19,5,"very very nice, and you know I liked the fact that it has this playlist with my favorite jams.",Sphesihle Mkhwanazi,9.1.72.1891,very very nice and you know i liked the fact that it has this playlist with my favorite jams,19,2026-09-02,2026-08-31,0.0026,0.0144,0.983,positive,0.983
Google Play,1de78705-3e83-4076-897c-e3e50a924c18,2026-09-02 23:23:17,1,"I can't even log in anymore. I had premium, and now I get a message saying I need to upgrade, but I can't even log in properly. What is the point? Can't get hold of anyone to ask what is happening. Claimed they sent an email, but... nothing.",judith watson,9.1.52.1394,i can't even log in anymore i had premium and now i get a message saying i need to upgrade but i can't even log in properly what is the point can't get hold of anyone to ask what is happening claimed they sent an email but nothing,48,2026-09-02,2026-08-31,0.8931,0.1003,0.0066,negative,0.8931
Google Play,1b671ac4-0378-48c2-95f9-3a0cf36b1f59,2026-09-02 23:20:21,1,trash i would rather pay apple music than you mfs,Kartik,,trash i would rather pay apple music than you mfs,10,2026-09-02,2026-08-31,0.9319,0.0605,0.0076,negative,0.9319
Google Play,f61dd03c-a41d-421a-95c1-7db5fc291646,2026-09-02 23:17:01,5,Just two word rated .. exceptionally nice,Anief Wahab,9.1.78.2218,just two word rated exceptionally nice,6,2026-09-02,2026-08-31,0.0075,0.0244,0.9681,positive,0.9681
Google Play,77318ddb-81b4-46b8-ac11-24f918e82d01,2026-09-02 23:16:50,5,kavi gopika,Kaviyarasan kaviyarasan,,kavi gopika,2,2026-09-02,2026-08-31,0.1657,0.7307,0.1036,neutral,0.7307
Google Play,eb0b437d-9a4d-42c9-9151-cca2639bdf12,2026-09-02 23:15:04,4,very good songs app but remove premium,Arsh Shivhare,9.1.60.1970,very good songs app but remove premium,7,2026-09-02,2026-08-31,0.0329,0.1282,0.8389,positive,0.8389
Google Play,66dd4caa-2248-4b94-8c14-545a2c7dcd80,2026-09-02 23:11:29,5,super application,Abi,,super application,2,2026-09-02,2026-08-31,0.0189,0.1428,0.8383,positive,0.8383
Google Play,e6414c83-97d6-49f6-8197-4638d9fa9a54,2026-09-02 23:10:08,5,great platform for any song,Grace Sibanda,9.1.78.2218,great platform for any song,5,2026-09-02,2026-08-31,0.0042,0.0578,0.938,positive,0.938
Google Play,f26a1b93-8143-4dda-9ef0-02442af28bc6,2026-09-02 23:08:40,5,best music app very nice voice,Shamimul Haque,9.1.78.2218,best music app very nice voice,6,2026-09-02,2026-08-31,0.0049,0.0132,0.9819,positive,0.9819
Google Play,1781fa7f-d589-4cc0-819b-da955a9043e2,2026-09-02 23:08:33,3,Man I hate this app but it never plays the song I chose instead its starts playing something else this is the only problem I have that's it,Uttam Chouhan,9.1.78.2218,man i hate this app but it never plays the song i chose instead its starts playing something else this is the only problem i have that's it,28,2026-09-02,2026-08-31,0.9471,0.0472,0.0058,negative,0.9471
Google Play,5128f65e-b4c4-45d6-8eaf-801dffc6e65d,2026-09-02 23:06:04,5,no complaints so far,Nathan Lukoye,9.1.72.1891,no complaints so far,4,2026-09-02,2026-08-31,0.0227,0.2214,0.7559,positive,0.7559
Google Play,478417a2-2725-42e2-8a40-789d8577c5f6,2026-09-02 23:04:17,1,The app doesn't allow me to play songs at all,Aphelele Moss,9.1.68.1888,the app doesn't allow me to play songs at all,10,2026-09-02,2026-08-31,0.7785,0.2099,0.0117,negative,0.7785
Google Play,831fa29e-fb97-4d65-9176-59405f75ed34,2026-09-02 23:03:59,5,it is easy to use and so good,Mina_Mikhail321,,it is easy to use and so good,8,2026-09-02,2026-08-31,0.0046,0.0139,0.9815,positive,0.9815
Google Play,1b2f6de9-d347-48be-8bb3-93e92fbdc9b5,2026-09-02 23:03:10,4,as long as you have premium its great otherwise ehh too many ads,John Kemp,9.1.78.2218,as long as you have premium its great otherwise ehh too many ads,13,2026-09-02,2026-08-31,0.0703,0.2604,0.6693,positive,0.6693
Google Play,312fee0f-0964-4ba1-890c-3380409f3892,2026-09-02 23:01:52,5,pls no ads plzzzzz 😭😭😭😭😭,Biswajit Baishnab,9.1.76.2055,pls no ads plzzzzz,4,2026-09-02,2026-08-31,0.5254,0.3336,0.1411,negative,0.5254
Google Play,ad8bae70-de3f-4e88-9ed2-dbad3a150455,2026-09-02 23:01:10,3,"What's with songs not being added to playlist the first time you do it? i have to keep spamming ""Add to playlist"" before the song actually shows up. With all the updates the app gets, you'd think that basic features would work…",Alexandre,9.1.78.2218,what's with songs not being added to playlist the first time you do it i have to keep spamming add to playlist before the song actually shows up with all the updates the app gets you'd think that basic features would work,42,2026-09-02,2026-08-31,0.8455,0.1412,0.0133,negative,0.8455
Google Play,d54610eb-4307-4dab-a31e-c5a63b2820ba,2026-09-02 22:59:43,5,it is the best in the world. i love you spotify and you are the best❤️,Hasbin Hashin,9.1.78.2218,it is the best in the world i love you spotify and you are the best,16,2026-09-02,2026-08-31,0.0056,0.0078,0.9866,positive,0.9866
Google Play,3529affb-d529-407f-9172-2d5eb2111bec,2026-09-02 22:59:13,1,"I pay every month for this app. Despite this, it's still (a) now gives me loads of adverts (b) shows me videos when I don't want to see videos & (c) insists on showing me ragebait it thinks I'll be interested in rather than easy access to the podcasts I actively choose to follow. Enshitification par excellence.",Oliver Walker,9.1.78.2218,i pay every month for this app despite this it's still a now gives me loads of adverts b shows me videos when i don't want to see videos c insists on showing me ragebait it thinks i'll be interested in rather than easy access to the podcasts i actively choose to follow enshitification par excellence,56,2026-09-02,2026-08-31,0.8376,0.13774999999999998,0.0246,negative,0.8376
Google Play,1de2530a-8193-4a67-876b-a2177b3723bd,2026-09-02 22:56:54,5,honestly love this app so much. only thing i hate tho is just ads and non premium things but thats it honestly,Jamal Quandalious,9.1.78.2218,honestly love this app so much only thing i hate tho is just ads and non premium things but thats it honestly,22,2026-09-02,2026-08-31,0.2935,0.1655,0.541,positive,0.541
Google Play,eda2b91d-d54f-411f-b47d-5049801408cb,2026-09-02 22:52:04,1,tooooo many ads,Irfan shaik,9.1.72.1891,tooooo many ads,3,2026-09-02,2026-08-31,0.8072,0.1691,0.0238,negative,0.8072
Google Play,fe47b9be-37fd-41df-8379-fd41c09e27e2,2026-09-02 22:48:39,1,"you absolutely can't do anything without the subscription, so many ads, you can't skip songs so many times, you cant go back to the previous song,... yall literally only care abt money. please let us enjoy music without paying",Alaa Ammar,9.1.78.2218,you absolutely can't do anything without the subscription so many ads you can't skip songs so many times you cant go back to the previous song yall literally only care abt money please let us enjoy music without paying,39,2026-09-02,2026-08-31,0.8876,0.1032,0.0092,negative,0.8876
Google Play,82973869-ee38-4430-bdd4-3251b6814b56,2026-09-02 22:48:16,5,Best app for music please 🥺🥺 Try it it's the best.Please also share the gospel✝️✝️🛐🛐✝️🛐✝️🛐🇿🇦🇿🇦.,Lindy Zimu,9.1.78.2218,best app for music please try it it's the best please also share the gospel,15,2026-09-02,2026-08-31,0.003,0.0147,0.9823,positive,0.9823
Google Play,e03cdefc-357e-4310-afc5-7fcf6ed40fd0,2026-09-02 22:47:15,1,This app has become unusable without premium,Rakshit Jain,9.1.68.1888,this app has become unusable without premium,7,2026-09-02,2026-08-31,0.8931,0.093,0.0139,negative,0.8931
Google Play,7a67c2db-a499-4107-84d7-1e7a5cfe499d,2026-09-02 22:46:56,5,the pizza was great and the staff were very helpful and kind!,Calin Popescu,9.1.78.2218,the pizza was great and the staff were very helpful and kind,12,2026-09-02,2026-08-31,0.0046,0.01,0.9854,positive,0.9854
Google Play,e6cf0b7e-282d-4659-a350-296aa7de10fa,2026-09-02 22:46:44,1,"The app constantly pushes users to upgrade to Premium. You can’t even play songs from an album properly, and you’re not even allowed to play your liked songs without restrictions. The free version is practically useless. Very disappointing and a complete waste of an app.",Nagraj vishwakarama,8.7.32.1554,the app constantly pushes users to upgrade to premium you can t even play songs from an album properly and you re not even allowed to play your liked songs without restrictions the free version is practically useless very disappointing and a complete waste of an app,47,2026-09-02,2026-08-31,0.9199,0.0737,0.0065,negative,0.9199
Google Play,57f96935-9d5a-42ec-b2b5-9c18aa60f938,2026-09-02 22:46:24,5,I love Spotify. it's one of the best out there,Bob Noel,,i love spotify it's one of the best out there,10,2026-09-02,2026-08-31,0.0054,0.0102,0.9844,positive,0.9844
Google Play,28bd46dd-dced-4ccd-9689-6b67b2bc2656,2026-09-02 22:45:23,1,awful. using it as a free user it terrible and paying for it is so expensive,William Gray,9.1.78.2218,awful using it as a free user it terrible and paying for it is so expensive,16,2026-09-02,2026-08-31,0.9463,0.0489,0.0048,negative,0.9463
Google Play,710bd186-0ffb-4c80-82c8-c6879c3cafab,2026-09-02 22:45:14,4,music good but 5 unskippable ads is like a lot,Jimmy Nestelberger,9.1.78.2218,music good but 5 unskippable ads is like a lot,10,2026-09-02,2026-08-31,0.7365,0.2223,0.0412,negative,0.7365
Google Play,add7566c-be9d-4901-b4f2-e40a4fe3fead,2026-09-02 22:42:51,2,"The current mobile update for free users is absolutely terrible. Spotify has completely taken away the most basic music controls. I am no longer allowed to pick a specific song, I cannot skip tracks, and the app forces me into a ""Smart Shuffle"" that injects random music I don't want to hear. Instead of encouraging me to buy Premium, this aggressive, forced behavior makes me furious. Taking away basic features to force people to pay is a horrible user experience. I'm literally so pissed by this.",Mahesh M M,9.1.78.2218,the current mobile update for free users is absolutely terrible spotify has completely taken away the most basic music controls i am no longer allowed to pick a specific song i cannot skip tracks and the app forces me into a smart shuffle that injects random music i don't want to hear instead of encouraging me to buy premium this aggressive forced behavior makes me furious taking away basic features to force people to pay is a horrible user experience i'm literally so pissed by this,86,2026-09-02,2026-08-31,0.932,0.062349999999999996,0.0056,negative,0.932
Google Play,b74576b6-de7c-4f17-b2fe-110044dc0eef,2026-09-02 22:41:22,5,The best! Once I subscribed!,Subrahmanya Sriram,9.1.78.2218,the best once i subscribed,5,2026-09-02,2026-08-31,0.0031,0.0122,0.9847,positive,0.9847
Google Play,2bf180f8-e2f1-40d5-921a-4969bd90ad7c,2026-09-02 22:40:09,4,good for listening to music but the adds are alot but everything else is good😁😁,sonia kemboi,9.1.78.2218,good for listening to music but the adds are alot but everything else is good,15,2026-09-02,2026-08-31,0.0061,0.0332,0.9606,positive,0.9606
Google Play,d8d078a4-d1bf-47db-ad03-a48265a16c52,2026-09-02 22:38:33,1,experience is not good!😞,NOOB OP YT,,experience is not good,4,2026-09-02,2026-08-31,0.9206,0.0702,0.0092,negative,0.9206
Google Play,07313a0a-0773-48fb-a59d-476e26d3c711,2026-09-02 22:36:21,3,I'm using a free trial of premium but for some reason when I try to play a song it'll play maybe 10-20 seconds of the song then goes to some random song,robert dalton,9.1.78.2218,i'm using a free trial of premium but for some reason when i try to play a song it'll play maybe 10 20 seconds of the song then goes to some random song,33,2026-09-02,2026-08-31,0.5829,0.3962,0.021,negative,0.5829
Google Play,5e62c10f-ea12-4bee-bf26-620bb382a1df,2026-09-02 22:34:55,1,valla şarkı dinleyeyim dedim uzun zamandır kullanmıyorum istediğim şarkıya basıyorum farklı şarkı açıyor yarın istediğiniz şarkıyı seçebilirsiniz diyor bu nasıl saçmalık la zaten tekrar oynatma yok bunuda kısıtlamışlar,Viyuviyuviyu39,9.1.78.2218,valla ark dinleyeyim dedim uzun zamand r kullanm yorum istedi im ark ya bas yorum farkl ark a yor yar n istedi iniz ark y se ebilirsiniz diyor bu nas l sa mal k la zaten tekrar oynatma yok bunuda k s tlam lar,44,2026-09-02,2026-08-31,0.099,0.7762,0.1247,neutral,0.7762
Google Play,2db25b8e-ff92-4beb-94c1-675ca33d7356,2026-09-01 23:56:27,1,Can't listen to anyything!! without getting a premium WOW!!,Leza Ghosh,9.1.78.2218,can't listen to anyything without getting a premium wow,9,2026-09-01,2026-08-31,0.1009,0.3325,0.5666,positive,0.5666
Google Play,aaecd1fd-ab91-4e57-bdba-4a59b9680dc8,2026-09-01 23:55:51,5,a day is incomplete without it,Joseph Oseo,9.1.78.2218,a day is incomplete without it,6,2026-09-01,2026-08-31,0.1034,0.3183,0.5783,positive,0.5783
Google Play,0d5f81ba-a2c1-4480-bb36-392e193df046,2026-09-01 23:55:02,5,great streaming app,Jonathan-Lee Brock,9.1.78.2218,great streaming app,3,2026-09-01,2026-08-31,0.0059,0.0254,0.9687,positive,0.9687
Google Play,d11ecfee-dd89-4a0c-ab63-f55991459573,2026-09-01 23:48:15,5,"one , if no,the greatest platform for all my music selection. it's easy and VERY efficient. ty Spotify.",Keith Rexroad,9.1.78.2218,one if no the greatest platform for all my music selection it's easy and very efficient ty spotify,18,2026-09-01,2026-08-31,0.005,0.014,0.981,positive,0.981
Google Play,2e6ffbb5-8072-4b13-abed-0d8899239cea,2026-09-01 23:46:31,5,it's nice listening to it,Bafeletse Malatsi,9.1.78.2218,it's nice listening to it,5,2026-09-01,2026-08-31,0.0036,0.0486,0.9478,positive,0.9478
Google Play,5baf28ee-d0fc-4fa6-be65-0dd4f3a0c877,2026-09-01 23:43:55,5,There's so much music,A Google user,9.1.78.2218,there's so much music,4,2026-09-01,2026-08-31,0.0059,0.0747,0.9194,positive,0.9194
Google Play,74cfd859-7677-4f68-bd69-1f6c423aebbe,2026-09-01 23:40:35,5,couldn't be without spotify love it 😃,Debbie Greenland,9.1.78.2218,couldn't be without spotify love it,6,2026-09-01,2026-08-31,0.006,0.0205,0.9735,positive,0.9735
Google Play,623368c5-4906-477d-a1f4-c69487e661a9,2026-09-01 23:39:35,1,Yet another price increase coming this October... It will then be the most expensive music streaming service by a pretty large margin. And it's not even lossless audio quality. I'll start looking for alternatives and suggest others do too.,Lasse Strauss,9.1.78.2218,yet another price increase coming this october it will then be the most expensive music streaming service by a pretty large margin and it's not even lossless audio quality i'll start looking for alternatives and suggest others do too,39,2026-09-01,2026-08-31,0.7813,0.1792,0.0395,negative,0.7813
Google Play,63260df2-8738-409b-884f-289638138994,2026-09-01 23:38:12,5,"I love this app but at my tablet there are no limits, I can choose as much music as I want. Oh, at my phone ? I CAN'T CHOOSE ANY ? How ? Like what ? 😭",Mitsuki Koga (kog4mitsuki),9.1.78.2218,i love this app but at my tablet there are no limits i can choose as much music as i want oh at my phone i can't choose any how like what,32,2026-09-01,2026-08-31,0.1135,0.1667,0.7197,positive,0.7197
Google Play,71547de2-0dac-493d-8e60-c252b3390b9b,2026-09-01 23:36:03,1,"Spotify treats people without premium like how trump let's ICE treats the Mexican immigrants,you cant loop the song you want to listen to,you create a Playlist and it plays it on shuffle for you, Playlist that you didnt make its on shuffle,you cant take the shuffle off, you have to pay to listen to the song in the order YOU WANT??? its crazy they treating the people without premium like atoms, now what got me was that now you could only listen to one song a certain time a day?? thats crazy",Sunghoon Bias,,spotify treats people without premium like how trump let's ice treats the mexican immigrants you cant loop the song you want to listen to you create a playlist and it plays it on shuffle for you playlist that you didnt make its on shuffle you cant take the shuffle off you have to pay to listen to the song in the order you want its crazy they treating the people without premium like atoms now what got me was that now you could only listen to one song a certain time a day thats crazy,95,2026-09-01,2026-08-31,0.7013666666666666,0.2850666666666667,0.013533333333333333,negative,0.7014
Google Play,c17006c7-eb8e-4e02-a576-baa125bb3b13,2026-09-01 23:31:02,5,just improve the ads,Suman Shaw,9.1.78.2218,just improve the ads,4,2026-09-01,2026-08-31,0.5222,0.4083,0.0695,negative,0.5222
Google Play,a71c0334-dbbe-4a53-8b88-088649c018b5,2026-09-01 23:29:30,5,top tunes,Sebastian Britton,9.1.72.1891,top tunes,2,2026-09-01,2026-08-31,0.0113,0.0938,0.895,positive,0.895
Google Play,d5279e69-faac-48d3-9635-ef643ea80446,2026-09-01 23:26:57,5,I love it because my YouTube doesn't work so if I didn't have Spotify I wouldn't be able to hear music,feli,9.1.78.2218,i love it because my youtube doesn't work so if i didn't have spotify i wouldn't be able to hear music,21,2026-09-01,2026-08-31,0.1467,0.2205,0.6328,positive,0.6328
Google Play,54b7c211-0a2c-46c7-8c15-db74070c06d1,2026-09-01 23:26:31,5,bestttt music experience,Sourav_,9.1.78.2218,bestttt music experience,3,2026-09-01,2026-08-31,0.004,0.0152,0.9808,positive,0.9808
Google Play,ccd4e8b0-b92b-4b9b-a6e6-d0b530ae3f23,2026-09-01 23:25:55,5,I have free nad have had it for 3 weeks and only had 2 short 10 sec ads and I was listening to radio then so makes sense,Nathan Toussaint,9.1.78.2218,i have free nad have had it for 3 weeks and only had 2 short 10 sec ads and i was listening to radio then so makes sense,28,2026-09-01,2026-08-31,0.052,0.6666,0.2814,neutral,0.6666
Google Play,a366add2-c1af-40a1-b880-3070eb4dfa0f,2026-09-01 23:25:04,5,"Used this for 2 years. awesome app, especially with a family plan for premium.",Joshua Wenning,9.1.78.2218,used this for 2 years awesome app especially with a family plan for premium,14,2026-09-01,2026-08-31,0.0029,0.0138,0.9833,positive,0.9833
Google Play,050e2432-bfba-42f8-a1e6-cd5f829f47e9,2026-09-01 23:23:03,5,great music,HENRY BRYANT K.O.V KID OF VOICES,9.1.78.2218,great music,2,2026-09-01,2026-08-31,0.0114,0.0534,0.9352,positive,0.9352
Google Play,46203299-7348-4e43-bc90-b75c809cdc8d,2026-09-01 23:22:54,5,"I like the fact, you can make your playlist and that is has a large variety of music. Music that I haven't heard in a long time.",yvonne muriel,9.1.78.2218,i like the fact you can make your playlist and that is has a large variety of music music that i haven't heard in a long time,27,2026-09-01,2026-08-31,0.005,0.0465,0.9485,positive,0.9485
Google Play,6138c18c-202d-47d3-ba56-fb179c9132fa,2026-09-01 23:22:33,4,it's so good but it's so many ad,Sunil vishwakarma Sunil vishwakarma,9.1.76.2055,it's so good but it's so many ad,8,2026-09-01,2026-08-31,0.1386,0.1404,0.721,positive,0.721
Google Play,90035e3e-1762-4a46-8c41-e9ea76e9c5e4,2026-09-01 23:18:51,5,the best app I ever see I like to her the song,Yallapa Jogati,,the best app i ever see i like to her the song,12,2026-09-01,2026-08-31,0.0036,0.0129,0.9836,positive,0.9836
Google Play,0bd5fd5c-42cc-42f2-ba6c-ba7598d6517e,2026-09-01 23:16:38,5,Great all for relaxing.,Erric Mims,9.1.78.2218,great all for relaxing,4,2026-09-01,2026-08-31,0.0052,0.018,0.9769,positive,0.9769
Google Play,e6b18229-3e82-4105-8691-2987b12e72e3,2026-09-01 23:16:16,1,absolutely terrible. the algorithm is bad i can never find new music i like just whatever artist pays the most to have their stuff shown. on top of that my bank account had $3 in it but spotify still charged me my subscription now its -$10 and they only got a stupid AI chat bot as support they literally don't have a phone number i cant get that money back at all. I will be completely deactivating my spotify account even though I still have that month of premium. I don't care spotify can suck it.,brett gutho,9.1.78.2218,absolutely terrible the algorithm is bad i can never find new music i like just whatever artist pays the most to have their stuff shown on top of that my bank account had 3 in it but spotify still charged me my subscription now its 10 and they only got a stupid ai chat bot as support they literally don't have a phone number i cant get that money back at all i will be completely deactivating my spotify account even though i still have that month of premium i don't care spotify can suck it,96,2026-09-01,2026-08-31,0.9115333333333333,0.0794,0.009066666666666666,negative,0.9115
Google Play,1ee173a3-fa18-4f19-947f-0b77a28532fd,2026-09-01 23:14:30,1,Apple Music 100% better than Spotify,H_a,9.1.78.2218,apple music 100 better than spotify,6,2026-09-01,2026-08-31,0.0112,0.0555,0.9333,positive,0.9333
Google Play,f689e2d6-4ace-404c-9679-1ae467f25f64,2026-09-01 23:14:10,2,it's saying check my connection when I'm on wifi,Joseph Warren,9.1.78.2218,it's saying check my connection when i'm on wifi,9,2026-09-01,2026-08-31,0.1509,0.804,0.0451,neutral,0.804
Google Play,29196d28-4129-4620-86c1-34888f6e55d3,2026-09-01 23:12:25,4,I do not like the ads,MT Martins (Mt Mars),9.1.78.2218,i do not like the ads,6,2026-09-01,2026-08-31,0.8913,0.0949,0.0138,negative,0.8913
Google Play,e72ffdf9-1ec8-4f95-8a40-0acd48723851,2026-09-01 23:08:07,5,The selection of songs and albums give a good experience.,Patricia Fernandes,9.1.78.2218,the selection of songs and albums give a good experience,10,2026-09-01,2026-08-31,0.0037,0.036,0.9603,positive,0.9603
Google Play,a5940a68-2eaf-43df-8069-4bb9134b0b97,2026-09-01 23:07:31,2,"They are full of ads and are absolutely terrible, I used to pay for premium for 10 until it became 13 dollars a month. I know it isn't much ,but it adds up. They also push out Ai artists and it also had ICE ads. I only use it because it saves my Playlists.",Nataly Perez-Alvarado (Marleny),9.1.78.2218,they are full of ads and are absolutely terrible i used to pay for premium for 10 until it became 13 dollars a month i know it isn't much but it adds up they also push out ai artists and it also had ice ads i only use it because it saves my playlists,54,2026-09-01,2026-08-31,0.9313,0.062,0.0067,negative,0.9313
Google Play,d85b3d01-b053-457d-a223-8e90f08b304e,2026-09-01 23:04:32,5,Best music app so far,Chibueze Kingsley,9.1.78.2218,best music app so far,5,2026-09-01,2026-08-31,0.0039,0.0247,0.9714,positive,0.9714
Google Play,385c7254-1984-4ca9-acf4-5020a378fac0,2026-09-01 23:03:54,1,Google play store is trash. Taking 13.99 and now giving me premium. Had to use my debit card for it. Give me 13.99 Google.,Shadoobyy2,9.1.78.2218,google play store is trash taking 13 99 and now giving me premium had to use my debit card for it give me 13 99 google,26,2026-09-01,2026-08-31,0.9389,0.0545,0.0066,negative,0.9389
Google Play,184dfe52-213c-4151-9a52-19fff1554066,2026-09-01 23:01:27,5,oppppp my o pp kopkoop up ooppookopk KP ok pp oko KPpokop KP opmk goodk oo moo on popooppooook to ok kopkkkopo on p,Covenant Thompson,,oppppp my o pp kopkoop up ooppookopk kp ok pp oko kppokop kp opmk goodk oo moo on popooppooook to ok kopkkkopo on p,24,2026-09-01,2026-08-31,0.0383,0.5718,0.39,neutral,0.5718
Google Play,7f1317ca-2bd7-49ce-a57d-e1c20811b177,2026-09-01 22:57:39,1,"you can't listen to the music you choose to listen to. even if you selctted an album, it will randomly shuffle. created a workout Playlist? forget that, you are getting a randomized selection that you didn't ask for. Just use YouTube instead. way better mobile experience.",J'netta McNab,9.1.78.2218,you can't listen to the music you choose to listen to even if you selctted an album it will randomly shuffle created a workout playlist forget that you are getting a randomized selection that you didn't ask for just use youtube instead way better mobile experience,46,2026-09-01,2026-08-31,0.6868,0.2818,0.0314,negative,0.6868
Google Play,6372e9a7-c886-4889-aaed-db2c42bce745,2026-09-01 22:56:08,3,it's good but now song automatically stop don't know why this happen please fix it's problem urgently,santana bose,9.1.42.2058,it's good but now song automatically stop don't know why this happen please fix it's problem urgently,17,2026-09-01,2026-08-31,0.8357,0.1416,0.0227,negative,0.8357
Google Play,7fa59910-8bc0-4b7e-9b21-059baca99670,2026-09-01 22:55:42,5,"IT'S SO GOATED, I LOVE IT. ESPECIALLY WHEN YOU HAVE PREMIUM",Martin Grayson,,it's so goated i love it especially when you have premium,11,2026-09-01,2026-08-31,0.0067,0.0143,0.979,positive,0.979
Google Play,599c1030-3557-4682-a815-e0ca8b474563,2026-09-01 22:54:38,5,I love the educational of life!,Samuel Walls,9.1.78.2218,i love the educational of life,6,2026-09-01,2026-08-31,0.006,0.0164,0.9777,positive,0.9777
Google Play,8366afd6-5722-42c4-ac7e-f5ee37cf0151,2026-09-01 22:49:09,3,I'm not happy with spotify. I have been having two ads instead of one and it's really annoying. Also with the podcasts there is one called Milo and Chip but it says its not available in my region. Please FIX IT URGENTLY 🙏 😫,Roxi Emiro,9.1.78.2218,i'm not happy with spotify i have been having two ads instead of one and it's really annoying also with the podcasts there is one called milo and chip but it says its not available in my region please fix it urgently,42,2026-09-01,2026-08-31,0.9264,0.0666,0.007,negative,0.9264
Google Play,c9355828-df29-4865-b32e-67d1633c55aa,2026-09-01 22:45:53,1,demasiada musica de IA,ricardo gonzalez,9.1.78.2218,demasiada musica de ia,4,2026-09-01,2026-08-31,0.0704,0.8449,0.0846,neutral,0.8449
Google Play,f8274f7e-8514-4375-97ab-90bed277218c,2026-09-01 22:45:00,5,it was something feels speechless word less ever ever forever for me.,Ajent Kumar,9.1.78.2218,it was something feels speechless word less ever ever forever for me,12,2026-09-01,2026-08-31,0.7932,0.1783,0.0285,negative,0.7932
Google Play,953a7462-6721-4e5d-8aac-f7d066983a9a,2026-09-01 22:42:31,5,so awsome it even plays in background fun,Amber Trejo,9.1.78.2218,so awsome it even plays in background fun,8,2026-09-01,2026-08-31,0.0046,0.0148,0.9806,positive,0.9806
Google Play,b8269d20-d35b-426c-98a6-eb73707d0e23,2026-09-01 22:39:34,5,best app for the feeling and moods,Arham Hakani,9.1.78.2218,best app for the feeling and moods,7,2026-09-01,2026-08-31,0.0167,0.1601,0.8232,positive,0.8232
Google Play,4398d27b-3966-42fa-8aeb-64abfb8cc9b2,2026-09-01 22:38:38,1,I paid for my subscription three times and they cheated me. Please don't deposit any money.,Kumar Achary,9.1.78.2218,i paid for my subscription three times and they cheated me please don't deposit any money,16,2026-09-01,2026-08-31,0.9192,0.0747,0.0061,negative,0.9192
Google Play,eb73e81e-dc8d-4982-9e1d-cb1f50341ca2,2026-09-01 22:38:00,5,excellent quality of music,Srimanto Karar,9.1.72.1891,excellent quality of music,4,2026-09-01,2026-08-31,0.006,0.0502,0.9437,positive,0.9437
Google Play,9e7b120b-cafe-4383-b34c-3ce063f9923a,2026-09-01 22:37:58,5,it is a very good app for listening to music,Unyime Okon,9.0.90.1229,it is a very good app for listening to music,10,2026-09-01,2026-08-31,0.0018,0.0239,0.9743,positive,0.9743
Google Play,8ecd56e1-aa39-408e-b46d-cd463e5dce75,2026-09-01 22:37:01,1,listening stats,Saksham Khetarpal,9.1.78.2218,listening stats,2,2026-09-01,2026-08-31,0.0543,0.8484,0.0973,neutral,0.8484
Google Play,b26f17e1-b44c-4b6b-91d2-e2a1f67fa456,2026-09-01 22:36:44,1,"Still waiting for Lossless and for some reason it's not available in Brazil! That's a shame. Maybe I'll be back when it arrives here... For now, let's flirt with Apple Music.",Ariel Caique,9.1.78.2218,still waiting for lossless and for some reason it's not available in brazil that's a shame maybe i'll be back when it arrives here for now let's flirt with apple music,31,2026-09-01,2026-08-31,0.8307,0.1483,0.021,negative,0.8307
Google Play,6d26df7e-4e28-4bfc-8b98-ae2ead2c7ebe,2026-09-01 22:36:04,5,i love Spotify ❤️,Khan Shairku,9.1.78.2218,i love spotify,3,2026-09-01,2026-08-31,0.0049,0.0124,0.9827,positive,0.9827
Google Play,24fd6f89-0e55-4dc8-91a2-65059f6d38b5,2026-08-31 23:59:50,5,always playing the best music for my taste,Nicki Adams,9.1.78.2218,always playing the best music for my taste,8,2026-08-31,2026-08-31,0.0037,0.0228,0.9735,positive,0.9735
Google Play,63398ae5-069b-4cf4-8076-e0f4c09917d4,2026-08-31 23:56:32,1,"So many years, and this PoS app still cannot handle shuffling a playlist. Absolute garbage.",Marcus Minor,8.6.60.1126,so many years and this pos app still cannot handle shuffling a playlist absolute garbage,15,2026-08-31,2026-08-31,0.9463,0.0477,0.006,negative,0.9463
Google Play,6e265982-5ba4-4f90-9614-6eb0cd89c5ac,2026-08-31 23:54:09,5,just perfect.,Razan Bensaid,9.1.78.2218,just perfect,2,2026-08-31,2026-08-31,0.019,0.0429,0.9381,positive,0.9381
Google Play,3fb207a4-6d34-43f9-a879-342d0fcb9488,2026-08-31 23:53:13,1,when?! are u gonna fix that DJ X? ITS HORRIBLE!! JUST playing the same songs over and over from my playlists. *** last day of AUGUST and NOTHINGS CHANGED. Just shuffle your playlist..its the SAME THING.,Dead Pool,9.1.78.2218,when are u gonna fix that dj x its horrible just playing the same songs over and over from my playlists last day of august and nothings changed just shuffle your playlist its the same thing,36,2026-08-31,2026-08-31,0.9513,0.043,0.0058,negative,0.9513
Google Play,cc6cd7d2-66a2-466e-9343-b65a637c8791,2026-08-31 23:51:25,5,"Fantastic music streaming experience. Great playlist creation, crisp audio quality, and seamless device syncing",paul macharia,9.1.14.864,fantastic music streaming experience great playlist creation crisp audio quality and seamless device syncing,14,2026-08-31,2026-08-31,0.0023,0.0088,0.9888,positive,0.9888
Google Play,c764149e-aaa3-440f-8e14-e840a1cb8f95,2026-08-31 23:49:12,5,nice collection,priyank jain,9.1.72.1891,nice collection,2,2026-08-31,2026-08-31,0.0191,0.0862,0.8947,positive,0.8947
Google Play,05ffe18c-0f91-4ebc-8e15-930cbac80396,2026-08-31 23:43:40,5,Just started... So far so good.,Deborah Bettes,9.1.78.2218,just started so far so good,6,2026-08-31,2026-08-31,0.0025,0.0335,0.9641,positive,0.9641
Google Play,4abc8335-9168-4626-90ce-3441954924ac,2026-08-31 23:42:18,4,Improved a lot. Doesn't freeze up like it used to. UI has gotten better. 2026: still no way to automatically return to my podcast episode on the episode list. I still have to scroll to manual find it.,Jerry Okafor,9.1.78.2218,improved a lot doesn't freeze up like it used to ui has gotten better 2026 still no way to automatically return to my podcast episode on the episode list i still have to scroll to manual find it,38,2026-08-31,2026-08-31,0.2625,0.4108,0.3268,neutral,0.4108
Google Play,efe9cbf5-9286-497c-90fd-df97724de288,2026-08-31 23:39:13,4,nice but should remove ads,Harsh Motling,,nice but should remove ads,5,2026-08-31,2026-08-31,0.165,0.4745,0.3605,neutral,0.4745
Google Play,a14953c3-e6fc-4f57-babc-28b310c540f3,2026-08-31 23:39:04,3,"I love the app itself, but premium is ridiculously expensive, and simple things, like choosing what song I listen to, is blocked/limited. I have Spotify both on android and apple, however one thing I've noticed is that features like changing the order of my queue is available on apple but not android. Not sure if it's still like that though.",DO NOT MENTION MY EMAIL.,9.1.78.2218,i love the app itself but premium is ridiculously expensive and simple things like choosing what song i listen to is blocked limited i have spotify both on android and apple however one thing i've noticed is that features like changing the order of my queue is available on apple but not android not sure if it's still like that though,61,2026-08-31,2026-08-31,0.50485,0.4548,0.04035,negative,0.5048
Google Play,8f3880b6-4965-475d-9ffa-d8d30695ede1,2026-08-31 23:37:24,5,I love Spotify 😍 because it is very cool 😎 so that is why I rate it five ⭐⭐⭐⭐⭐,Marcus Rashford,,i love spotify because it is very cool so that is why i rate it five,16,2026-08-31,2026-08-31,0.0032,0.0102,0.9866,positive,0.9866
Google Play,cc8fd718-9e50-4f76-a2e0-4d3fde1bb1e9,2026-08-31 23:35:38,5,it works like a music charm,Phillip Neven,9.1.78.2218,it works like a music charm,6,2026-08-31,2026-08-31,0.0157,0.1496,0.8347,positive,0.8347
Google Play,2a211005-ec58-4ba5-9f02-5904fc1d5657,2026-08-31 23:32:47,2,app is good but those adds 😑 it's just irritating,Mohammed Muiz,9.1.78.2218,app is good but those adds it's just irritating,9,2026-08-31,2026-08-31,0.8889,0.0949,0.0162,negative,0.8889
Google Play,a0d52436-e49c-4009-ba29-b5cf8f20d6f1,2026-08-31 23:28:00,4,app is good..but it constantly forces one to buy the premium version and plays a lot of ads..that is so disturbing 😭,Divyanshika Tripathi,9.1.78.2218,app is good but it constantly forces one to buy the premium version and plays a lot of ads that is so disturbing,23,2026-08-31,2026-08-31,0.9156,0.077,0.0074,negative,0.9156
Google Play,75ff161c-8726-4478-b773-d591f5ee758a,2026-08-31 23:27:29,5,good music quality,ANKIT RANA,,good music quality,3,2026-08-31,2026-08-31,0.0086,0.0825,0.9089,positive,0.9089
Google Play,2ea3fb44-f136-419a-8776-0b87f2dcc618,2026-08-31 23:27:29,1,Pay your artist more if you're going to keep raising the monthly price.,Jez ica,9.1.78.2218,pay your artist more if you're going to keep raising the monthly price,13,2026-08-31,2026-08-31,0.6212,0.3529,0.0259,negative,0.6212
Google Play,446a9583-4b2b-44b1-aabe-b12f0946b829,2026-08-31 23:26:09,5,Simply the Best,Mark Nagle,9.1.78.2218,simply the best,3,2026-08-31,2026-08-31,0.0112,0.0298,0.959,positive,0.959
Google Play,46bfcb14-d512-4de0-994c-d1f6aa5e3c1c,2026-08-31 23:23:38,3,ive had Spotify for over a decade. always loved it. been using it to stream music to my sound bar but the last week or so it has randomly began skipping songs or just stopping with no input from me.,Adam Ortiz,9.1.78.2218,ive had spotify for over a decade always loved it been using it to stream music to my sound bar but the last week or so it has randomly began skipping songs or just stopping with no input from me,40,2026-08-31,2026-08-31,0.109,0.248,0.6429,positive,0.6429
Google Play,a64977ac-0961-47bb-9909-8e2eda252ffc,2026-08-31 23:19:42,4,I'll give 4 cuz it app is little slow and not smooth but i love it.regards,Ch Taqi Abbas,9.1.78.2218,i'll give 4 cuz it app is little slow and not smooth but i love it regards,17,2026-08-31,2026-08-31,0.0285,0.0921,0.8794,positive,0.8794
Google Play,330a693e-076b-4dd4-96b3-637e37c3b3ea,2026-08-31 23:19:26,5,Great arrangement of music,Beverly Cook,,great arrangement of music,4,2026-08-31,2026-08-31,0.0074,0.0348,0.9578,positive,0.9578
Google Play,2104c672-b1e1-4596-b77a-f3adb9544bfb,2026-08-31 23:17:49,1,why premium i can't listen to my favorite song now thanks alot. l guess I have to go to YouTube music again,Mariam Iboyi,,why premium i can't listen to my favorite song now thanks alot l guess i have to go to youtube music again,22,2026-08-31,2026-08-31,0.8676,0.1209,0.0115,negative,0.8676
Google Play,8588451f-cbdc-4028-a0f3-f17de5bc9226,2026-08-31 23:16:52,5,Very good app for listening music,Anupam Mondal,9.1.76.2055,very good app for listening music,6,2026-08-31,2026-08-31,0.0033,0.0319,0.9648,positive,0.9648
Google Play,5e145999-e780-42d8-979a-662fd95f5b35,2026-08-31 23:16:35,4,it is very good but has a lot of ads,ashika agarwal,9.1.76.2055,it is very good but has a lot of ads,10,2026-08-31,2026-08-31,0.3204,0.3664,0.3132,neutral,0.3664
Google Play,a3519077-c579-482b-9f0a-8ce967eeb8d0,2026-08-31 23:16:35,4,I love this app but I think we should still be able to pick any song from our playlists if we don't have premium other than that it's great,David Walker,9.1.78.2218,i love this app but i think we should still be able to pick any song from our playlists if we don't have premium other than that it's great,29,2026-08-31,2026-08-31,0.0108,0.0679,0.9213,positive,0.9213
Google Play,82dd0624-4779-40a4-9ded-fcc0471631a0,2026-08-31 23:14:03,3,Good app to listen to ADS🥰 I've been using Spotify for years now and this new version is so so annoying. I love you Spotify but i lwk also hate you😔💔,Disha,,good app to listen to ads i've been using spotify for years now and this new version is so so annoying i love you spotify but i lwk also hate you,31,2026-08-31,2026-08-31,0.6753,0.1398,0.1849,negative,0.6753
Google Play,5f85bb5c-4da2-44bf-8a3f-032d63b151c5,2026-08-31 23:13:38,5,keep up the excellent work,Steven Williams,9.1.78.2218,keep up the excellent work,5,2026-08-31,2026-08-31,0.01,0.0338,0.9562,positive,0.9562
Google Play,b42f11be-4cb1-4ef8-b594-3180a92766c4,2026-08-31 23:12:26,5,Huge collection of musics 🎶,Suvodip Tung,9.1.78.2218,huge collection of musics,4,2026-08-31,2026-08-31,0.0039,0.1281,0.868,positive,0.868
Google Play,b5adbbed-860b-474b-8fbc-9ef10dcde7c5,2026-08-31 23:12:03,1,"Disliking the ads and reminding you that I've heard that ad dozens of times, and have no interest in it doesnt seem to keep them from being the only ads I hear. Either that part of your app doesn't work at all, or you people have a grand total of 5 companies advertising on Spotify and that's why I cant escape these insanity driving, repeated ad breaks.",Echo Mehrunes,9.1.78.2218,disliking the ads and reminding you that i've heard that ad dozens of times and have no interest in it doesnt seem to keep them from being the only ads i hear either that part of your app doesn't work at all or you people have a grand total of 5 companies advertising on spotify and that's why i cant escape these insanity driving repeated ad breaks,67,2026-08-31,2026-08-31,0.8855500000000001,0.1061,0.0083,negative,0.8856
Google Play,9c3a4972-d5da-4401-bab5-ba393453b39b,2026-08-31 23:10:02,5,it's come a long way in 6 yrs and I'd say it's the best streaming music app out there now.,dallas lucht,9.1.78.2218,it's come a long way in 6 yrs and i'd say it's the best streaming music app out there now,20,2026-08-31,2026-08-31,0.0054,0.0217,0.9729,positive,0.9729
Google Play,72478d7c-6bce-4d4a-8533-b7223eab235a,2026-08-31 23:06:45,1,worst experience,Shobha Vishal,,worst experience,2,2026-08-31,2026-08-31,0.8437,0.1258,0.0305,negative,0.8437
Google Play,541aa682-fd7e-4fba-9173-b37da48c9c75,2026-08-31 23:03:18,4,it always playing new release that why I like it Spotify,Sifiso Ntshangase,9.1.78.2218,it always playing new release that why i like it spotify,11,2026-08-31,2026-08-31,0.0034,0.0591,0.9375,positive,0.9375
Google Play,6eae0e96-b859-47db-a981-e49413c9a0f8,2026-08-31 23:02:26,1,ekdam tathe hai Spotify mere pass network hai fir bhi chal nhi ra hai or chal bhi ra hai toh jase mein scene hai ya se he chal ra hai ye network issue ko remove kar do delete karne ke baad bhi nhi hora 2 se 3 bar try Kiya fir bhi nhi hora hai aap he batao kya karu 😩👎🏻👎🏻🤮,Piyush Wahe,9.1.78.2218,ekdam tathe hai spotify mere pass network hai fir bhi chal nhi ra hai or chal bhi ra hai toh jase mein scene hai ya se he chal ra hai ye network issue ko remove kar do delete karne ke baad bhi nhi hora 2 se 3 bar try kiya fir bhi nhi hora hai aap he batao kya karu,60,2026-08-31,2026-08-31,0.5385,0.4377,0.0239,negative,0.5385
Google Play,d2b8aaf8-839a-46c9-a19a-710c5d17d776,2026-08-31 23:02:10,4,it is very good but their are ads which cause your experience to fumble,Bhumi Yadav,9.1.78.2218,it is very good but their are ads which cause your experience to fumble,14,2026-08-31,2026-08-31,0.4898,0.3157,0.1945,negative,0.4898
Google Play,d93a3d74-dace-48ac-8423-e9e75cc7e350,2026-08-31 22:58:59,5,"works as advertised, definitely get lossless",Vincent Gotter,9.1.78.2218,works as advertised definitely get lossless,6,2026-08-31,2026-08-31,0.0402,0.4717,0.4881,positive,0.4881
Google Play,2ea4d775-5401-4b4e-b99b-e3b5011fdb87,2026-08-31 22:56:01,5,i really like this app,Ekta Yadav,9.1.76.2055,i really like this app,5,2026-08-31,2026-08-31,0.0048,0.0196,0.9756,positive,0.9756
Google Play,8cd8ddf0-d89e-4d64-9cec-88b0fdfa0fe7,2026-08-31 22:55:41,5,I love listening. my music at Oliver's market doing kirt's,Brent Gardner,9.1.78.2218,i love listening my music at oliver's market doing kirt's,10,2026-08-31,2026-08-31,0.0038,0.0295,0.9667,positive,0.9667
Google Play,322a6d4c-d671-4d66-9d9a-a1310d1d8da4,2026-08-31 22:53:55,1,FANTASTIC SONGS NICKI MANJ,bob jackson,9.1.78.2218,fantastic songs nicki manj,4,2026-08-31,2026-08-31,0.0103,0.072,0.9176,positive,0.9176
Google Play,6bb3e867-2d82-498a-beac-8f18ff87562b,2026-08-31 22:50:21,4,make a inbuild base controller equiliser vocal and instrument concert hall effect,trinanjan naskar,9.1.78.2218,make a inbuild base controller equiliser vocal and instrument concert hall effect,12,2026-08-31,2026-08-31,0.0493,0.8534,0.0973,neutral,0.8534
Google Play,83aaf6fd-f248-49cc-b583-e90f20e06a86,2026-08-31 22:49:28,3,Great does lag alot,Jamiyah Murray,9.1.78.2218,great does lag alot,4,2026-08-31,2026-08-31,0.7962,0.17,0.0337,negative,0.7962
Google Play,de9fb680-3df3-4d76-a427-f3be70c3aff7,2026-08-31 22:49:19,4,had adds about Spotify premium and having a jam with friends assuming I have any so I take 1 star cuz I don't have friends and that ad just puts salt in the wound,Chungh Chaudhary,,had adds about spotify premium and having a jam with friends assuming i have any so i take 1 star cuz i don't have friends and that ad just puts salt in the wound,34,2026-08-31,2026-08-31,0.733,0.2428,0.0242,negative,0.733
Google Play,d7d85715-ee50-4082-9c15-5dce879febea,2026-08-31 22:49:06,1,the app is too difficult to use.,Puja Jaiswal,9.1.78.2218,the app is too difficult to use,7,2026-08-31,2026-08-31,0.9073,0.0842,0.0085,negative,0.9073
Google Play,71f644a0-654f-49dd-b6e3-d15ac9ec34ea,2026-08-31 22:47:40,1,What is the point of having a app to play music when it asks premium for everything even to select the song to play currently .,Shekinah JA,9.1.78.2218,what is the point of having a app to play music when it asks premium for everything even to select the song to play currently,25,2026-08-31,2026-08-31,0.5756,0.4081,0.0163,negative,0.5756
Google Play,51008ea4-d837-433d-9c77-6206c569b5ca,2026-08-31 22:43:34,5,excellent app,Mamta Mishra,,excellent app,2,2026-08-31,2026-08-31,0.008,0.0264,0.9656,positive,0.9656
Google Play,c47d1b01-6dc0-433d-ae8a-dd9d4acf57e5,2026-08-31 22:38:57,5,very very very good app I love it 🫶🏻✨,Shaista Ahmed,9.1.76.2055,very very very good app i love it,8,2026-08-31,2026-08-31,0.0042,0.0068,0.989,positive,0.989
Google Play,e81893f2-239f-4f67-96d5-31e259b79a2b,2026-08-31 22:35:46,2,"Better then AudioMac... Jk frick no, you can't force people to pay to be able to pick what music they wanna listen to that is already in their playlist.",Kaiden Taylor,9.1.78.2218,better then audiomac jk frick no you can't force people to pay to be able to pick what music they wanna listen to that is already in their playlist,29,2026-08-31,2026-08-31,0.7669,0.2094,0.0238,negative,0.7669
Google Play,cc0f2c77-83ae-40a9-916e-bece7036b721,2026-08-31 22:30:54,2,the app keeps saying it's offline even when connected to wifi,Sunshine Day,9.1.72.1891,the app keeps saying it's offline even when connected to wifi,11,2026-08-31,2026-08-31,0.528,0.4499,0.0221,negative,0.528
Google Play,7d8ca55a-591c-4f2a-9bad-811589f9974b,2026-08-30 23:54:08,1,very much bad experience because you are not giving us fully permission very bad you need to improve that my suggestion is dead please allow the customer who is using the spotify without that updated premium that he cannot play the song by a zone earning profit is not a motive of good and long term membership it is also help to provide customer satisfaction please improve,Laksh Gurnani,9.1.78.2218,very much bad experience because you are not giving us fully permission very bad you need to improve that my suggestion is dead please allow the customer who is using the spotify without that updated premium that he cannot play the song by a zone earning profit is not a motive of good and long term membership it is also help to provide customer satisfaction please improve,67,2026-08-30,2026-08-24,0.52245,0.3424,0.1351,negative,0.5224
Google Play,d1ed8957-2733-4249-88d1-8f65beb138d6,2026-08-30 23:53:15,5,the best app I've ever used,Blake Havard,9.1.78.2218,the best app i've ever used,6,2026-08-30,2026-08-24,0.0046,0.0139,0.9815,positive,0.9815
Google Play,30352b42-43dd-4c13-9d50-d679d7ee6cab,2026-08-30 23:52:54,5,It's a great app to listen to music.,Bella Valtierrez,9.1.78.2218,it's a great app to listen to music,8,2026-08-30,2026-08-24,0.0022,0.0141,0.9836,positive,0.9836
Google Play,09d1c60f-9c19-47c8-b787-ebc9c9b20877,2026-08-30 23:52:46,1,"FREE VERSION. I love the selection of music available, nearly every song I looked for was there. However I am frustrated with all the ads. I hear 2 songs then 2 sometimes 3 commercials that are 30seconds or longer each; many times it's an almost identical commercial back to back. Not everyone can afford to pay for music. I am deleting the app and going back to free radio. At least I can change channels while driving",Annette Pollack,9.1.78.2218,free version i love the selection of music available nearly every song i looked for was there however i am frustrated with all the ads i hear 2 songs then 2 sometimes 3 commercials that are 30seconds or longer each many times it's an almost identical commercial back to back not everyone can afford to pay for music i am deleting the app and going back to free radio at least i can change channels while driving,77,2026-08-30,2026-08-24,0.29445,0.27145,0.43415,positive,0.4342
Google Play,3159aa19-6f76-464a-b1b5-42bbe5ca648f,2026-08-30 23:52:18,5,perfect with premium 🥳🥳🥳,Avi Khobra,9.1.78.2218,perfect with premium,3,2026-08-30,2026-08-24,0.0026,0.0115,0.9859,positive,0.9859
Google Play,a31fdf47-c4cd-497c-ae0a-e027f7b4373a,2026-08-30 23:45:42,5,it is so good u can listen to your music even when you are in a different app and u can listen to it even when your phone is of.,Alecia Horadan-seeber,9.1.78.2218,it is so good u can listen to your music even when you are in a different app and u can listen to it even when your phone is of,30,2026-08-30,2026-08-24,0.0047,0.0297,0.9656,positive,0.9656
Google Play,11a768e0-8620-490d-84a0-9823c4782eb4,2026-08-30 23:45:11,1,"Forcing video content on homepage is annoying. Let us disable ""Videos for You"". At the very least let us block certain creators, we don't need another YouTube clone. Edit: the ""rate us"" modal reminded me to come back and complain.",Cory Todd,9.1.78.2218,forcing video content on homepage is annoying let us disable videos for you at the very least let us block certain creators we don't need another youtube clone edit the rate us modal reminded me to come back and complain,40,2026-08-30,2026-08-24,0.8733,0.1188,0.0079,negative,0.8733
Google Play,03819bb1-e52a-4257-88f5-0852ad55b10b,2026-08-30 23:45:07,1,they changed it i hate it.,Dearie Dollie,9.1.78.2218,they changed it i hate it,6,2026-08-30,2026-08-24,0.9398,0.0544,0.0058,negative,0.9398
Google Play,6082e69c-0843-40f8-89d4-bb4d00feb29b,2026-08-30 23:43:43,5,nice app for late night study motivation song lofi song best app I love it this dailly,Sangita Parmar,9.1.78.2218,nice app for late night study motivation song lofi song best app i love it this dailly,17,2026-08-30,2026-08-24,0.0036,0.0102,0.9861,positive,0.9861
Google Play,9cc6bd0a-5233-4870-8c6f-2649ac83604f,2026-08-30 23:40:31,5,yes best of all,Kenneth Agaba,9.1.78.2218,yes best of all,4,2026-08-30,2026-08-24,0.0036,0.0253,0.9711,positive,0.9711
Google Play,8d897307-b740-429a-b00e-6842bc6e4ec5,2026-08-30 23:38:38,5,everything is good except for ads,Baivab Debbarma,,everything is good except for ads,6,2026-08-30,2026-08-24,0.0207,0.1038,0.8756,positive,0.8756
Google Play,a3b6268e-7be9-4a23-a91f-21838bcbb4b5,2026-08-30 23:37:58,5,LOVE LOVE LOVE Been a paying customer for years. Love DJ X and the Jam sessions.,Kristina Brown,9.1.78.2218,love love love been a paying customer for years love dj x and the jam sessions,16,2026-08-30,2026-08-24,0.0022,0.0091,0.9887,positive,0.9887
Google Play,2b93d57d-b74f-4bfd-804b-48dfbcb51f91,2026-08-30 23:34:32,5,Its amazing. I just wish there were less ads. Besides that its a good music app.😁👍,Brandon Tu,9.1.78.2218,its amazing i just wish there were less ads besides that its a good music app,16,2026-08-30,2026-08-24,0.007,0.0156,0.9774,positive,0.9774
Google Play,0e929841-a2b7-4ef5-95e7-af214cc36822,2026-08-30 23:34:27,5,The best app for playing songs supports screen of playing ( very gooooddd!!!!),Rajeev Gupta,9.1.78.2218,the best app for playing songs supports screen of playing very gooooddd,12,2026-08-30,2026-08-24,0.0024,0.0114,0.9862,positive,0.9862
Google Play,a362a55f-33f9-4d00-872f-4e9bba67d176,2026-08-30 23:33:09,5,"gives me everything I want, infact this is always my music spot.",Emmanuel Onyedikachi,9.1.76.2055,gives me everything i want infact this is always my music spot,12,2026-08-30,2026-08-24,0.0026,0.0189,0.9785,positive,0.9785
Google Play,72e7c51c-e14c-4bd8-bc3e-56bfe5b92671,2026-08-30 23:32:22,1,worst app for listening to music.,Tejas Patil,,worst app for listening to music,6,2026-08-30,2026-08-24,0.9301,0.0607,0.0092,negative,0.9301
Google Play,9138a6ae-35e8-4ba3-8f07-9e829fcfc623,2026-08-30 23:30:52,5,no thank you!,Vito Mulea,9.1.78.2218,no thank you,3,2026-08-30,2026-08-24,0.0541,0.4791,0.4668,neutral,0.4791
Google Play,647a1305-fcdc-42bb-ab8c-e7a48121bec7,2026-08-30 23:29:45,5,"I like the app very much, though I think when you run out of your free premium you should keep the skip or go back options and just have it in randomized in songs, but otherwise it's a amazing app",Rekeisha Williams,9.1.78.2218,i like the app very much though i think when you run out of your free premium you should keep the skip or go back options and just have it in randomized in songs but otherwise it's a amazing app,40,2026-08-30,2026-08-24,0.0079,0.0513,0.9409,positive,0.9409
Google Play,e39d0722-e976-4cd0-aab7-8495f0e267ef,2026-08-30 23:26:43,1,despite having family plan I am facing issue while playing song as it automatically shifts to next song after 40 secs.I don't know please repair the app or update it,Rohit,,despite having family plan i am facing issue while playing song as it automatically shifts to next song after 40 secs i don't know please repair the app or update it,31,2026-08-30,2026-08-24,0.7737,0.2133,0.013,negative,0.7737
Google Play,6106099d-435a-4319-aab1-e0a0a3acbc6d,2026-08-30 23:24:06,5,Tried to find this song on YouTube without success. I found it here.,Diane Jones,9.1.72.1891,tried to find this song on youtube without success i found it here,13,2026-08-30,2026-08-24,0.1106,0.6922,0.1973,neutral,0.6922
Google Play,f0405841-e95d-4285-a539-e3b0cf6d3dc4,2026-08-30 23:22:18,5,Best with premium,Morris Essah Gyan's,9.1.78.2218,best with premium,3,2026-08-30,2026-08-24,0.0082,0.1035,0.8884,positive,0.8884
Google Play,35532de0-acf7-4c29-a557-ed25f678941e,2026-08-30 23:19:33,1,"Too many ads and constant interruptions make Spotify’s free version extremely frustrating. The repeated reminders and aggressive promotions to buy Premium feel like a cheap strategy to pressure users into subscribing. Instead of forcing users through an irritating experience.Too many ads, too many Premium reminders, and too much pressure to subscribe. Spotify needs to improve its approach and respect the free user experience and earn subscriptions through genuine value.",ritul modi,9.1.78.2218,too many ads and constant interruptions make spotify s free version extremely frustrating the repeated reminders and aggressive promotions to buy premium feel like a cheap strategy to pressure users into subscribing instead of forcing users through an irritating experience too many ads too many premium reminders and too much pressure to subscribe spotify needs to improve its approach and respect the free user experience and earn subscriptions through genuine value,71,2026-08-30,2026-08-24,0.835,0.15175,0.01325,negative,0.835
Google Play,70ce5fbb-2c0e-4c2a-b3a9-3f21e2328fb5,2026-08-30 23:19:20,5,I mean literally essential for life...,Janet Martin,9.1.78.2218,i mean literally essential for life,6,2026-08-30,2026-08-24,0.0516,0.3585,0.5899,positive,0.5899
Google Play,0fc350c5-ff70-4cd3-af09-ca598dc32c89,2026-08-30 23:18:17,5,"Amazing music, premium features",Edgar Kirui,9.1.78.2218,amazing music premium features,4,2026-08-30,2026-08-24,0.0058,0.0173,0.9769,positive,0.9769
Google Play,7bdab244-256a-4147-b135-dcca30ba5e50,2026-08-30 23:13:49,5,one of my fav app,sangeetha moorthy,9.1.76.2055,one of my fav app,5,2026-08-30,2026-08-24,0.0047,0.0301,0.9651,positive,0.9651
Google Play,26595cbb-e139-45fd-a603-5f5f00198e81,2026-08-30 23:09:33,4,"I personally really liked it as it had many songs, videos, etc that I could watch. A downside is that it would occasionally not work, but that might just be my phone. Otherwise good app.",Joslyn,9.1.78.2218,i personally really liked it as it had many songs videos etc that i could watch a downside is that it would occasionally not work but that might just be my phone otherwise good app,35,2026-08-30,2026-08-24,0.0089,0.0398,0.9514,positive,0.9514
Google Play,695b9eda-1bc3-40cb-a655-85aa95907168,2026-08-30 23:08:05,1,"I hate this, its too much. To even use anything you need to pay for it, its just retarded. yall make enough money from ads. I would rather download all my songs. Worst experience of music I've ever had If I can give it lower than one star I would.",Sam,9.1.78.2218,i hate this its too much to even use anything you need to pay for it its just retarded yall make enough money from ads i would rather download all my songs worst experience of music i've ever had if i can give it lower than one star i would,50,2026-08-30,2026-08-24,0.9524,0.0417,0.0058,negative,0.9524
Google Play,7a588218-7644-40f0-ad9b-d8cb49d0c7f7,2026-08-30 23:07:46,5,Love it!! but there's room for improvement,José Antonio García,9.1.78.2218,love it but there's room for improvement,7,2026-08-30,2026-08-24,0.0062,0.0298,0.964,positive,0.964
Google Play,9957b3b9-7b82-49d0-8ed6-d844d48c4efc,2026-08-30 23:05:26,5,nice app to music lovers,Mounika,9.1.72.1891,nice app to music lovers,5,2026-08-30,2026-08-24,0.0039,0.0283,0.9678,positive,0.9678
Google Play,0020e3e7-daea-4a63-8a4f-9c5537f66126,2026-08-30 23:04:26,5,Amazing for music time,Ibrahim Lola,9.1.78.2218,amazing for music time,4,2026-08-30,2026-08-24,0.0044,0.0195,0.9762,positive,0.9762
Google Play,bec5ee2b-3248-4d32-9b95-1d033ae2fc39,2026-08-30 23:02:30,5,"it's a really good app,it brings a whole new listening experience for us music fans",Mary Oriakhi,9.1.76.2055,it's a really good app it brings a whole new listening experience for us music fans,16,2026-08-30,2026-08-24,0.0023,0.0115,0.9863,positive,0.9863
Google Play,10083170-ed3f-48ae-8f51-ee65c351e234,2026-08-30 23:01:56,5,good selections,Rrick,9.1.76.2055,good selections,2,2026-08-30,2026-08-24,0.0262,0.1402,0.8336,positive,0.8336
Google Play,68e30925-7b34-4c1e-aa83-89a71ed939e6,2026-08-30 23:00:19,5,bahot acha hai,Aarti Devi,9.1.78.2218,bahot acha hai,3,2026-08-30,2026-08-24,0.2937,0.6241,0.0822,neutral,0.6241
Google Play,5e355138-8f1b-4f73-9f50-5770a34ffdc4,2026-08-30 22:58:00,4,What do you mean that some of the new songs don't have lyrics? fix it!,lovelylady glory,9.0.68.632,what do you mean that some of the new songs don't have lyrics fix it,15,2026-08-30,2026-08-24,0.84,0.1522,0.0079,negative,0.84
Google Play,dc6b5081-7681-4c31-bb66-096bcf298e3d,2026-08-30 22:55:59,4,"Spotify suddenly wouldn't send audio to Bluetooth yesterday. Somehow, an obscure Samsung Android setting got turned on (not by me) that messed up Spotify. Here's a fix if it happens to you... Disable Separate App Sound: If you are using a Samsung device, go to system Settings ➔ Sounds and Vibration ➔ Separate App Sound. Ensure Spotify is NOT selected to bypass your default Bluetooth route.",Craig C,9.1.78.2218,spotify suddenly wouldn't send audio to bluetooth yesterday somehow an obscure samsung android setting got turned on not by me that messed up spotify here's a fix if it happens to you disable separate app sound if you are using a samsung device go to system settings sounds and vibration separate app sound ensure spotify is not selected to bypass your default bluetooth route,64,2026-08-30,2026-08-24,0.56485,0.4114,0.0237,negative,0.5648
Google Play,b33b1db4-bd1d-48ae-98ec-c53df10f3502,2026-08-30 22:52:58,3,"Works great for music, but is awful for audiobooks. It frequently just stops playing at the end of a chapter for no reason, even when I have the book downloaded. This forces me to go find the book again every 2 or so hours to continue it. Doesn't sound that bad, until you have to do that 13 TIMES IN ONE BOOK. Just use audible for audiobooks. spotify is too concerned with having their hand in every cookie jar to make any of their features besides music work right.",Jordan McCray,9.1.78.2218,works great for music but is awful for audiobooks it frequently just stops playing at the end of a chapter for no reason even when i have the book downloaded this forces me to go find the book again every 2 or so hours to continue it doesn't sound that bad until you have to do that 13 times in one book just use audible for audiobooks spotify is too concerned with having their hand in every cookie jar to make any of their features besides music work right,89,2026-08-30,2026-08-24,0.6618499999999999,0.27365,0.0645,negative,0.6618
Google Play,826bfa44-f6ab-4533-9896-85184dda87e7,2026-08-30 22:49:23,4,I love Spotify their adds are scarce for me and I don't feel pressured to get the pro version its honestly a super great app all around even with the free version so I will rate this app four stars because it's not the peak but it's still awesome yk?,Benjamin Cudney,9.1.78.2218,i love spotify their adds are scarce for me and i don't feel pressured to get the pro version its honestly a super great app all around even with the free version so i will rate this app four stars because it's not the peak but it's still awesome yk,50,2026-08-30,2026-08-24,0.0085,0.0185,0.973,positive,0.973
Google Play,c7feed64-4dfe-4514-bfcf-f475e71726f4,2026-08-30 22:49:14,5,amazing value,Jacob Lovaas,9.1.72.1891,amazing value,2,2026-08-30,2026-08-24,0.014,0.0671,0.9188,positive,0.9188
Google Play,30d6a748-557f-416e-830e-958fd996d49f,2026-08-30 22:46:29,5,excellent experience,Kelvin Mikano,9.1.78.2218,excellent experience,2,2026-08-30,2026-08-24,0.0063,0.0236,0.9702,positive,0.9702
Google Play,f5a84478-18ec-415f-9c2e-e0483ea8fd31,2026-08-30 22:41:55,5,bro there is no ads yay!!!!!!,Bharat Bjp,9.1.72.1891,bro there is no ads yay,6,2026-08-30,2026-08-24,0.0052,0.0382,0.9566,positive,0.9566
Google Play,639f8ced-cdfd-49ce-ac6b-bb74d1dd8ad7,2026-08-30 22:41:47,1,"there really is no better option but this one has a lot of downsides. I'm so tired of the algorithm picking artists I don't like and forcing them on me, without even giving me the option to thumbs down or something so it could happen less. basically, the algorithm is incredibly arrogant, often wrong, and won't take feedback. even when I do like an artist it will make sure to pick their worst songs to suggest to me non-stop. its a consistent letdown that makes me feel relentlessly invalidated",Lucy I Miss Orion,,there really is no better option but this one has a lot of downsides i'm so tired of the algorithm picking artists i don't like and forcing them on me without even giving me the option to thumbs down or something so it could happen less basically the algorithm is incredibly arrogant often wrong and won't take feedback even when i do like an artist it will make sure to pick their worst songs to suggest to me non stop its a consistent letdown that makes me feel relentlessly invalidated,90,2026-08-30,2026-08-24,0.9376,0.05735,0.00505,negative,0.9376
Google Play,1563ee63-96ca-45d0-9a36-d0f9b48ae94d,2026-08-30 22:41:06,5,"The spotify experience has gotten much better for me, since I can hide artists. What I dislike, is it replaying the same song so often, to the point where I have to block the artist. The artist have so many songs, why repeat the same one over and over??",Markara D,9.1.78.2218,the spotify experience has gotten much better for me since i can hide artists what i dislike is it replaying the same song so often to the point where i have to block the artist the artist have so many songs why repeat the same one over and over,49,2026-08-30,2026-08-24,0.3829,0.3654,0.2517,negative,0.3829
Google Play,1941c77a-b464-4675-a957-03854df7f25d,2026-08-30 22:38:53,1,too much ads please reduce the ads stop playing every ad per music,Gia An Doan,9.1.72.1891,too much ads please reduce the ads stop playing every ad per music,13,2026-08-30,2026-08-24,0.8364,0.1493,0.0143,negative,0.8364
Google Play,8e9ce2c0-1b40-4212-9174-eeed1777f0c8,2026-08-30 22:37:21,5,"I use this app almost everyday and it helps a lot with my anxiety, thanks to the music",Vanilla Meringue (Vanilla),,i use this app almost everyday and it helps a lot with my anxiety thanks to the music,18,2026-08-30,2026-08-24,0.0042,0.0379,0.958,positive,0.958
Google Play,ddd1880d-a84d-4594-ba65-b044864e5400,2026-08-30 22:35:32,4,good but ads are to many,Sathwik Gude,9.1.76.2055,good but ads are to many,6,2026-08-30,2026-08-24,0.6205,0.2754,0.1041,negative,0.6205
Google Play,93c02534-4bd3-40e9-a640-7823a39a1640,2026-08-30 22:33:21,4,sach mein yah bahut hi acchi app hai,Bachuli Devi,,sach mein yah bahut hi acchi app hai,8,2026-08-30,2026-08-24,0.1453,0.7806,0.0741,neutral,0.7806
Google Play,fca3293e-000a-40e2-b78b-4cd81b968455,2026-08-30 22:32:15,3,theres so much music thats removed from the platform it's crazy why is there so much unavailable stuff! also bring back liking things with a green heart,jacob,9.1.78.2218,theres so much music thats removed from the platform it's crazy why is there so much unavailable stuff also bring back liking things with a green heart,27,2026-08-30,2026-08-24,0.6869,0.2764,0.0367,negative,0.6869
Google Play,79738a6f-e7ae-4af6-942f-384c2e1714f4,2026-08-30 22:31:53,5,baat app,Mun Hasda,,baat app,2,2026-08-30,2026-08-24,0.3525,0.5443,0.1032,neutral,0.5443
Google Play,49d97da9-9a65-4766-b9a5-81a68eea2e3b,2026-08-30 22:30:47,1,it is asks for premium and not allow to select the song,Sidde Gowda,9.1.78.2218,it is asks for premium and not allow to select the song,12,2026-08-30,2026-08-24,0.5817,0.4017,0.0166,negative,0.5817
Google Play,9403950f-5109-4c69-890d-ee82efef4824,2026-08-29 23:58:25,5,no words I love it,Ahmad Mughal,9.1.64.1676,no words i love it,5,2026-08-29,2026-08-24,0.0146,0.0358,0.9496,positive,0.9496
Google Play,e08cc257-053e-4e85-8a7b-49b682ab486a,2026-08-29 23:57:38,5,I love sportify,Innocent Solomon,9.1.76.2055,i love sportify,3,2026-08-29,2026-08-24,0.005,0.0237,0.9713,positive,0.9713
Google Play,5eaf3054-d5a5-438b-b576-b7b28229e426,2026-08-29 23:55:01,5,I love Spotify I can listen to my favorite music's even tho there's ads o still like it,Joselyn De leon,9.1.76.2055,i love spotify i can listen to my favorite music's even tho there's ads o still like it,18,2026-08-29,2026-08-24,0.0084,0.035,0.9566,positive,0.9566
Google Play,71b353e2-fe89-4f6e-8ad2-b59ac1c1c5ca,2026-08-29 23:51:34,1,"This music app only paid you don't have ( PREMIUM ) You can't go to the previous song, you can't fast forward the song and unlimited skip the music are missing I am now listening ( jio saavn ).",priyesh kansara,9.1.78.2218,this music app only paid you don't have premium you can't go to the previous song you can't fast forward the song and unlimited skip the music are missing i am now listening jio saavn,35,2026-08-29,2026-08-24,0.856,0.1348,0.0091,negative,0.856
Google Play,076775e7-7fbf-4d53-81b6-ea55b230642d,2026-08-29 23:50:47,5,One of the best app,Philip Golio,,one of the best app,5,2026-08-29,2026-08-24,0.0064,0.0212,0.9724,positive,0.9724
Google Play,51e4b01f-c02e-43e6-a132-f4bc81389e06,2026-08-29 23:48:39,5,"Spotify is a great music streaming app with a huge selection of songs, podcasts, and playlists. Its personalized recommendations make discovering new music easy and enjoyable.",Shifa Khan,,spotify is a great music streaming app with a huge selection of songs podcasts and playlists its personalized recommendations make discovering new music easy and enjoyable,26,2026-08-29,2026-08-24,0.0017,0.0195,0.9788,positive,0.9788
Google Play,3cf0ac97-7f9b-49a7-8df3-435e22f3ccdd,2026-08-29 23:44:45,1,one of the most wasted song app,Rudraksh S,,one of the most wasted song app,7,2026-08-29,2026-08-24,0.9014,0.0863,0.0123,negative,0.9014
Google Play,d679eb4d-3ab9-4d23-bc72-e14e2721773c,2026-08-29 23:41:58,5,there's a lot of songs,Joleanna Alexis,9.1.72.1891,there's a lot of songs,5,2026-08-29,2026-08-24,0.0174,0.6648,0.3178,neutral,0.6648
Google Play,574d4b02-9fb0-4145-8056-48ced3a24f41,2026-08-29 23:40:05,2,love the app but recently its got slower and slower even thought i have a new phone and hardly any apps,Emma Goodman,9.1.78.2218,love the app but recently its got slower and slower even thought i have a new phone and hardly any apps,21,2026-08-29,2026-08-24,0.7579,0.1827,0.0594,negative,0.7579
Google Play,456013a0-250a-4608-9654-945cf34c7ba8,2026-08-29 23:38:47,1,each update makes this app irritating and hard to hear songs for free tier... free tier users aren't users?,viky the boss,9.0.34.593,each update makes this app irritating and hard to hear songs for free tier free tier users aren't users,19,2026-08-29,2026-08-24,0.9012,0.092,0.0068,negative,0.9012
Google Play,bbfa4f38-e92d-4444-8ab7-1d17144863d9,2026-08-29 23:38:07,1,new ui after the update is trash,Navya Agarwal,9.1.76.2055,new ui after the update is trash,7,2026-08-29,2026-08-24,0.9227,0.0707,0.0066,negative,0.9227
Google Play,a6fe1179-bc2d-4174-9bc4-2c9acdcdf871,2026-08-29 23:37:45,5,easy enjoyable and affordable,Thembela,9.1.76.2055,easy enjoyable and affordable,4,2026-08-29,2026-08-24,0.0144,0.0926,0.893,positive,0.893
Google Play,f5e0a67f-70b9-4970-92dd-0c32bb7bd01d,2026-08-29 23:34:32,2,Getting more expensive. App is working slower then before and more annoying popups when starting the app.,Ricardo de Heer,9.1.78.2218,getting more expensive app is working slower then before and more annoying popups when starting the app,17,2026-08-29,2026-08-24,0.9174,0.0742,0.0084,negative,0.9174
Google Play,34f5e4bf-6e60-4a35-89e8-d032cb1b8e32,2026-08-29 23:31:29,1,worst app,Somya Shree,9.1.78.2218,worst app,2,2026-08-29,2026-08-24,0.8341,0.128,0.038,negative,0.8341
Google Play,ea71426f-5af2-4a2f-9242-f58e88e22183,2026-08-29 23:29:50,5,got to have my music 🎶 🎵 😌,Mike Stotts Sr,9.1.78.2218,got to have my music,5,2026-08-29,2026-08-24,0.008,0.277,0.715,positive,0.715
Google Play,d494f43f-2cd1-4455-aec1-31f8f5a42d0b,2026-08-29 23:21:49,1,forced to premium you can't even choose the songs to play,KA-Zim,9.1.78.2218,forced to premium you can't even choose the songs to play,11,2026-08-29,2026-08-24,0.6715,0.3117,0.0168,negative,0.6715
Google Play,a2bae421-e30a-43c8-bd64-9741003d2f7f,2026-08-29 23:20:36,1,very disappointing app always suggesting premium version and once you listening to many songs they just locked the songs for premium version. don't use it even yt is better,Nitin 2007,,very disappointing app always suggesting premium version and once you listening to many songs they just locked the songs for premium version don't use it even yt is better,29,2026-08-29,2026-08-24,0.9223,0.0711,0.0066,negative,0.9223
Google Play,1c05b1b0-2c59-48a3-ade7-364f7adddfda,2026-08-29 23:13:55,1,Very pathetic from the last few days. Only one time search option available in 24 hrs. The 2nd time needs to be premium. So disappointed.,M Rizwan Gujjar,9.1.76.2055,very pathetic from the last few days only one time search option available in 24 hrs the 2nd time needs to be premium so disappointed,25,2026-08-29,2026-08-24,0.9457,0.0486,0.0057,negative,0.9457
Google Play,d7588818-d6e4-4ff8-96bd-e35e2284ffd8,2026-08-29 23:12:41,1,"even with 5g at full bars it still struggles to load songs, when all my other apps load anything in less than a second. very frustrating",Patrick Stearns-Hanson,9.1.78.2218,even with 5g at full bars it still struggles to load songs when all my other apps load anything in less than a second very frustrating,26,2026-08-29,2026-08-24,0.8786,0.1094,0.012,negative,0.8786
Google Play,bb797992-ae4a-44cf-aef9-7ab61352d742,2026-08-29 23:06:13,5,so much good everytime I only listen to Spotify it's really good experience love to Spotify from me 🤌😌,Shaikh Iqbal,9.1.56.574,so much good everytime i only listen to spotify it's really good experience love to spotify from me,18,2026-08-29,2026-08-24,0.0035,0.0091,0.9874,positive,0.9874
Google Play,49b6a962-4856-4d34-a488-07c0ad2f70e6,2026-08-29 23:05:45,2,The new Android widget is a terrible downgrade to an already bad design. You can't even see what's currently playing - unless you make the widget HUGE and have tons of unused space around the edges. And forget about any functionality other than just pressing play or opening the app.,JJ Olsen,9.1.78.2218,the new android widget is a terrible downgrade to an already bad design you can't even see what's currently playing unless you make the widget huge and have tons of unused space around the edges and forget about any functionality other than just pressing play or opening the app,49,2026-08-29,2026-08-24,0.8992,0.091,0.0098,negative,0.8992
Google Play,2e66e366-aafa-4ab8-b18f-77279fc00a79,2026-08-29 23:04:14,2,The downfall is they have too many duplicate songs from the same artists and makes it confused whether we have them saved in the playlist or not,2 Wolves,9.1.78.2218,the downfall is they have too many duplicate songs from the same artists and makes it confused whether we have them saved in the playlist or not,27,2026-08-29,2026-08-24,0.6995,0.2893,0.0113,negative,0.6995
Google Play,c0043a32-ae18-472f-be43-2618965af809,2026-08-29 23:03:32,5,"LOVE,Spotify, just can't wait to upgrade,to no adds...Thank You. 💜🎵🎶.",Stephanie Chapman,9.1.78.2218,love spotify just can't wait to upgrade to no adds thank you,12,2026-08-29,2026-08-24,0.004,0.01,0.986,positive,0.986
Google Play,c80dbce3-8160-4964-893a-60c23d2103ef,2026-08-29 23:00:07,5,amazing songs and it helped me find the perfect playlist 😀,Janue,,amazing songs and it helped me find the perfect playlist,10,2026-08-29,2026-08-24,0.0023,0.0081,0.9896,positive,0.9896
Google Play,d8ba511a-bbca-4347-8db9-96d064d0d6ae,2026-08-29 22:59:13,5,the besttt!!!💕,Dhiyaa Adelia,,the besttt,2,2026-08-29,2026-08-24,0.0055,0.0101,0.9844,positive,0.9844
Google Play,2cfbdb94-8748-4947-acd5-70999bede927,2026-08-29 22:58:04,4,"wish there was less ads, but I like it",Qai'asia Stevens,,wish there was less ads but i like it,9,2026-08-29,2026-08-24,0.1043,0.4356,0.4601,positive,0.4601
Google Play,5c76e9e4-de01-4a43-9f27-13bc46fb677b,2026-08-29 22:57:53,5,only network ma chalta ha,Pankaj Kalra,,only network ma chalta ha,5,2026-08-29,2026-08-24,0.1359,0.7838,0.0803,neutral,0.7838
Google Play,17b7e188-b8ee-4769-ac12-7eb45dfb4801,2026-08-29 22:55:34,1,The ads in the free version have become too much. This is just exploitation now.,Rutuja Deshmukh,9.1.78.2218,the ads in the free version have become too much this is just exploitation now,15,2026-08-29,2026-08-24,0.8978,0.0942,0.0079,negative,0.8978
Google Play,8e456ade-e31a-4ecc-b19e-6785e1fad71a,2026-08-29 22:53:16,4,it doesn't play video and concerts but all the thinks are nice,Tabinda Rizwan,9.1.78.2218,it doesn't play video and concerts but all the thinks are nice,12,2026-08-29,2026-08-24,0.1305,0.5624,0.3071,neutral,0.5624
Google Play,44c20c5b-f805-4dc4-8e4b-fca0c2f9d9d7,2026-08-29 22:50:35,5,"I have been using this app for years and it has never disappointed, from the sound quality to the playlist and recommendation this is perfect",Liv Ghoul,,i have been using this app for years and it has never disappointed from the sound quality to the playlist and recommendation this is perfect,25,2026-08-29,2026-08-24,0.0054,0.0115,0.9831,positive,0.9831
Google Play,1c7c74d2-2fcb-438a-a7ac-5b73c09efe24,2026-08-29 22:50:29,5,accha he,PIYUSH,9.1.76.2055,accha he,2,2026-08-29,2026-08-24,0.137,0.6784,0.1846,neutral,0.6784
Google Play,68cbd127-ff93-49c6-9c4d-487d6aaa5d7a,2026-08-29 22:50:28,5,best quality musical Play,Gunjan,,best quality musical play,4,2026-08-29,2026-08-24,0.0059,0.0617,0.9323,positive,0.9323
Google Play,3f085075-fe62-4de1-99e6-2f9badb48215,2026-08-29 22:49:09,5,"I recommend Spotify to anyone I meet. I really enjoy the lyrics and the caption that comes with the music and podcasts. The new feature with adding the music videos is a really nice touch. I really like the ""skip ahead"" button to avoid all of the commercials the podcasts have to air.",Cristina L,9.1.78.2208,i recommend spotify to anyone i meet i really enjoy the lyrics and the caption that comes with the music and podcasts the new feature with adding the music videos is a really nice touch i really like the skip ahead button to avoid all of the commercials the podcasts have to air,53,2026-08-29,2026-08-24,0.0046,0.0253,0.9701,positive,0.9701
Google Play,ea540171-9ec4-46f9-96ff-a53d8ee9c204,2026-08-29 22:40:34,2,"worked a lot better about 6 months ago. the details are slipping gradually over time and the Google TV/Home app is now unusable and unstable. 8/29 update: mobile control of a cast device via Google home is now virtually unusable. Playback is fragmented and spotty, and songs/podcast episodes skip on their own with no rhyme or reason. maybe hire back some of your engineers?",Kristian Kamphaus,9.1.78.2218,worked a lot better about 6 months ago the details are slipping gradually over time and the google tv home app is now unusable and unstable 8 29 update mobile control of a cast device via google home is now virtually unusable playback is fragmented and spotty and songs podcast episodes skip on their own with no rhyme or reason maybe hire back some of your engineers,67,2026-08-29,2026-08-24,0.88105,0.1059,0.013049999999999999,negative,0.881
Google Play,29d10136-1298-46e3-83c1-67849a808a6f,2026-08-29 22:37:56,5,love the app but sometimes doesn't update the music genre that you are listening to. just repeating the same songs all the time their is no similar new song suggestions.,Barry Thomas,9.1.78.2218,love the app but sometimes doesn't update the music genre that you are listening to just repeating the same songs all the time their is no similar new song suggestions,30,2026-08-29,2026-08-24,0.8049,0.1698,0.0253,negative,0.8049
Google Play,5cc38f49-ff6f-4718-b307-82bce8d5a6fb,2026-08-29 22:37:16,5,You know this app is best and worst because it contains all songs but if you don't have subscription then you'll have ads and I have 7 straight adds edit : I'm sorry guys now it was a coincidence that I had 7 ads instead I'm in love with this app dude it's just the best,Jaya Singh,9.1.78.2218,you know this app is best and worst because it contains all songs but if you don't have subscription then you'll have ads and i have 7 straight adds edit i'm sorry guys now it was a coincidence that i had 7 ads instead i'm in love with this app dude it's just the best,55,2026-08-29,2026-08-24,0.157,0.1747,0.6683,positive,0.6683
Google Play,17c1637e-ca84-4ea7-80b2-acf27e174e8d,2026-08-29 22:36:34,4,"it's actually the best music app I've come across. but I think it'll be better letting users chat, that's when I can give it a 5 star",Clinton Emmanuel,9.1.76.2055,it's actually the best music app i've come across but i think it'll be better letting users chat that's when i can give it a 5 star,27,2026-08-29,2026-08-24,0.0077,0.0339,0.9584,positive,0.9584
Google Play,95f9c745-d09b-4397-83a8-06e4cf596823,2026-08-29 22:36:28,1,"The restrictions on Spotify make listening to music a frustrating experience. Having no seek bar means sitting through an entire track just to hear one specific section. You can’t return to previous songs, discovering music without forced Smart Shuffle is unnecessarily difficult, and sitting through two unskippable ads every few tracks breaks any vibe. Locking standard media controls behind a paywall turns an app that should be enjoyable into a headache.",Eegiijamsran Enkhmargad (Enkhmargad),,the restrictions on spotify make listening to music a frustrating experience having no seek bar means sitting through an entire track just to hear one specific section you can t return to previous songs discovering music without forced smart shuffle is unnecessarily difficult and sitting through two unskippable ads every few tracks breaks any vibe locking standard media controls behind a paywall turns an app that should be enjoyable into a headache,72,2026-08-29,2026-08-24,0.87995,0.11145,0.00865,negative,0.88
Google Play,252db241-05b8-4d70-8de4-4909d1cd6063,2026-08-29 22:35:51,1,just remove the app already,Julia Hamoud,,just remove the app already,5,2026-08-29,2026-08-24,0.8341,0.1548,0.0112,negative,0.8341
Google Play,00adb549-5fb5-4825-8ff5-482852ca6d05,2026-08-29 22:31:32,1,actual trash can't even listen to music without paying some stupid subscription ✌️🫩,balls,8.9.86.551,actual trash can't even listen to music without paying some stupid subscription,12,2026-08-29,2026-08-24,0.9399,0.0544,0.0057,negative,0.9399
Google Play,5d0df02c-8563-4176-a9d1-6696976626c4,2026-08-29 22:30:38,3,jangan kikir pls 😅✌🏻,Angelica,9.1.78.2218,jangan kikir pls,3,2026-08-29,2026-08-24,0.0606,0.5301,0.4093,neutral,0.5301
Google Play,7a2444ad-ca9e-41d7-b772-715026bee6e3,2026-08-29 22:29:53,5,from cassette tapes to this. the jukebox in my pocket,Patrick Wallace,9.1.78.2218,from cassette tapes to this the jukebox in my pocket,10,2026-08-29,2026-08-24,0.0178,0.6914,0.2908,neutral,0.6914
Google Play,b8fa539d-61ab-4d1b-901a-9be5fe8f5a30,2026-08-29 22:28:11,5,this app is bast songs,karunamay,9.1.62.1601,this app is bast songs,5,2026-08-29,2026-08-24,0.7909,0.1786,0.0305,negative,0.7909
Google Play,67838899-9e97-407c-96fe-c3a9718d6b3e,2026-08-29 22:27:39,4,so far I do like Spotify.it Spotifys me,Siphelele Goodman,9.1.72.1891,so far i do like spotify it spotifys me,9,2026-08-29,2026-08-24,0.0055,0.0705,0.9239,positive,0.9239
Google Play,cc67520f-bf41-4b7b-a73b-043a143f75a8,2026-08-29 22:23:49,5,I love it so much 💗,Asma Sabah,9.1.72.1891,i love it so much,5,2026-08-29,2026-08-24,0.0063,0.0115,0.9821,positive,0.9821
Google Play,c268625f-de5b-4aa9-a3d3-ee7ad2ee0656,2026-08-29 22:23:33,5,this app is very useful for song,Suresh Wadi,,this app is very useful for song,7,2026-08-29,2026-08-24,0.0029,0.0518,0.9453,positive,0.9453
Google Play,6c0b2179-185a-41d8-a0ea-5259bb01ad3a,2026-08-28 23:55:05,5,I'm able to make my own playlists with songs I like and listen to music how I like to. The free app is really amazing once you learn how to use it 👍 The only thing annoying is ads but that's why there's premium 😁,lizzie lacy,9.1.78.2218,i'm able to make my own playlists with songs i like and listen to music how i like to the free app is really amazing once you learn how to use it the only thing annoying is ads but that's why there's premium,43,2026-08-28,2026-08-24,0.0034,0.0289,0.9677,positive,0.9677
Google Play,b0db02d5-bc00-4405-97ee-7a1c809ded9b,2026-08-28 23:53:55,1,"When ever I try to listen to the song always ads interepet the music before app has spouse to give 30 minutes to 1 hour uninterrupted ads free break from listening to the music now it is not give uninterrupted ads free music. A request to the developers there are many poor people in the world and india who can't afford to premium plans in your app, so please keep that in mind and give again uninterrupted music for 30 minutes to 1 hour like past time you're given for free listeners its mandatory.",MANIDEEP,9.1.76.2055,when ever i try to listen to the song always ads interepet the music before app has spouse to give 30 minutes to 1 hour uninterrupted ads free break from listening to the music now it is not give uninterrupted ads free music a request to the developers there are many poor people in the world and india who can't afford to premium plans in your app so please keep that in mind and give again uninterrupted music for 30 minutes to 1 hour like past time you're given for free listeners its mandatory,94,2026-08-28,2026-08-24,0.491,0.45485,0.0542,negative,0.491
Google Play,033c8228-df6e-4cc4-adf4-28462d7a8942,2026-08-28 23:53:52,5,this is way cool and it doesnt use much data Im ao happy using it,Opara Obinna,9.1.76.2055,this is way cool and it doesnt use much data im ao happy using it,15,2026-08-28,2026-08-24,0.0048,0.0123,0.9829,positive,0.9829
Google Play,4218951d-4761-4bed-8afc-72c4e707dc12,2026-08-28 23:51:14,3,"I love spotify but I hate all the stuff you can't do without premium when before, you could do the stuff without premium.",Talia E.,9.1.78.2218,i love spotify but i hate all the stuff you can't do without premium when before you could do the stuff without premium,23,2026-08-28,2026-08-24,0.7143,0.2106,0.0751,negative,0.7143
Google Play,b0e5b389-af7d-49d8-9be3-977c4c5ef789,2026-08-28 23:49:58,5,best app for listening to music.,emiley Blackwell,9.1.78.2218,best app for listening to music,6,2026-08-28,2026-08-24,0.0032,0.0548,0.942,positive,0.942
Google Play,49ecfdc2-530a-44a1-99d1-5ddc8361f3f6,2026-08-28 23:49:11,5,wow this is the best 📍📍🥳🫣,Comfort Chiloane,9.1.78.2218,wow this is the best,5,2026-08-28,2026-08-24,0.0048,0.0081,0.987,positive,0.987
Google Play,82be2bf6-e49f-4282-b5f1-44ae9f40d889,2026-08-28 23:49:11,1,"Atp Im using other apps cuz Spotify is literally giving soooo many adds, irritating is what I would call it not to mention it's practically being fully p2w. like wdym after picking a few songs i have to wait another day to listen to the songs I want and in mobile they won't let you pick the song where you want from nor there is the option for songs one by one. its only ""smart shuffle"". Look, dont remove the adds but at least add more features for phone if possible. its a great app but many probs",Abdullah Moeen,9.1.64.1676,atp im using other apps cuz spotify is literally giving soooo many adds irritating is what i would call it not to mention it's practically being fully p2w like wdym after picking a few songs i have to wait another day to listen to the songs i want and in mobile they won't let you pick the song where you want from nor there is the option for songs one by one its only smart shuffle look dont remove the adds but at least add more features for phone if possible its a great app but many probs,98,2026-08-28,2026-08-24,0.6470333333333333,0.2718,0.08120000000000001,negative,0.647
Google Play,6ed15070-12e0-4394-a720-b6a7764f4e26,2026-08-28 23:49:09,2,"I honestly love Spotify and the paid premium version gives me pretty much all the music and music suggestions to make me happy. What I really don't like is their downloaded offline settings don't work very well. Music tends to work mostly fine if it's downloaded and I have no signal. And audiobooks do as well, but only if I'm already listening to the audiobook before I lose signal. With the audiobooks, if I'm in an area with no signal, I can't even pull up or play the book. It's super annoying.",Indigo Wolf,9.1.78.2218,i honestly love spotify and the paid premium version gives me pretty much all the music and music suggestions to make me happy what i really don't like is their downloaded offline settings don't work very well music tends to work mostly fine if it's downloaded and i have no signal and audiobooks do as well but only if i'm already listening to the audiobook before i lose signal with the audiobooks if i'm in an area with no signal i can't even pull up or play the book it's super annoying,92,2026-08-28,2026-08-24,0.417,0.19595,0.38705,negative,0.417
Google Play,ae37c479-586a-4a74-9993-04320337a248,2026-08-28 23:47:25,5,very Amazing music player online,Rdx Turjo Ahmed Sakib Mondol 8,9.1.78.2218,very amazing music player online,5,2026-08-28,2026-08-24,0.0036,0.0235,0.9729,positive,0.9729
Google Play,c7094f3f-78d5-418b-b117-d22a93277594,2026-08-28 23:46:13,5,fun fact: if you are feeling nauseous you can just open Spotify and hear music it will come you down 😭✨🤌🥀,Sahina Ajmin,9.1.76.2055,fun fact if you are feeling nauseous you can just open spotify and hear music it will come you down,20,2026-08-28,2026-08-24,0.0269,0.1853,0.7878,positive,0.7878
Google Play,56a2887d-c89a-49a8-bc81-cf237e33dcac,2026-08-28 23:43:37,5,"Beautiful & relaxing music on this app, just love the old time favorites ❤️",Shaun Rajah,9.1.76.2055,beautiful relaxing music on this app just love the old time favorites,12,2026-08-28,2026-08-24,0.0036,0.0084,0.988,positive,0.988
Google Play,203d7c63-8366-41cb-bd93-c5a68b6e3636,2026-08-28 23:42:45,2,I don't like the pay part,Best Tufffr,9.1.78.2218,i don't like the pay part,6,2026-08-28,2026-08-24,0.8361,0.1481,0.0158,negative,0.8361
Google Play,aad978e5-7a19-4f2d-8c35-76fe648f33e4,2026-08-28 23:41:44,5,Best app for music.Great playlist 😄.Also an Ai DJ which helps you pick songs .Has all the songs with the correct lyrics.It is good.,Kelvin Kimani,9.1.72.1891,best app for music great playlist also an ai dj which helps you pick songs has all the songs with the correct lyrics it is good,26,2026-08-28,2026-08-24,0.0032,0.0215,0.9753,positive,0.9753
Google Play,b81131b2-ea65-4d13-85db-29a4db889fdf,2026-08-28 23:39:53,1,"don't even try to subscribe on it's premium, it'll auto renew within a month without giving a notice to your phone.",Hans Christian Almonia,9.1.78.2218,don't even try to subscribe on it's premium it'll auto renew within a month without giving a notice to your phone,21,2026-08-28,2026-08-24,0.4917,0.4815,0.0268,negative,0.4917
Google Play,c0a8babf-ee39-4a94-b6d1-d557a617d599,2026-08-28 23:38:11,1,Im very much dissatisfied with the limits of listening to a songs,RUBIKA . S,9.1.78.2218,im very much dissatisfied with the limits of listening to a songs,12,2026-08-28,2026-08-24,0.8946,0.0973,0.0081,negative,0.8946
Google Play,beee2b65-f32d-4dc8-874a-d45cf70c7b8c,2026-08-28 23:33:47,5,It can't get any better than this for listening to music.,Gita Rani Satara,,it can't get any better than this for listening to music,11,2026-08-28,2026-08-24,0.0043,0.0193,0.9764,positive,0.9764
Google Play,8b95576b-1584-4f5c-9939-64988a78e780,2026-08-28 23:31:12,4,I love the app but too many ads and add more free skips,Fabian Raymond (fabs),9.1.76.2055,i love the app but too many ads and add more free skips,13,2026-08-28,2026-08-24,0.389,0.284,0.327,negative,0.389
Google Play,72fca46d-bef8-4caa-93df-a61482badd9c,2026-08-28 23:25:10,4,"pretty good app to listen to music but I feel like shuffle isn't really shuffle, it only ever plays the same songs. needs improvement",Alyssa “TangoWithTheMango” Mika,9.1.78.2218,pretty good app to listen to music but i feel like shuffle isn't really shuffle it only ever plays the same songs needs improvement,24,2026-08-28,2026-08-24,0.7539,0.2087,0.0374,negative,0.7539
Google Play,f8afa275-bfe7-497c-9658-dd160baf3518,2026-08-28 23:24:28,5,great song app👍,Shade Oguntade,9.1.78.2218,great song app,3,2026-08-28,2026-08-24,0.0057,0.0197,0.9746,positive,0.9746
Google Play,f0ff5cd0-ecb7-4b9e-afc3-ee55a9486489,2026-08-28 23:19:56,5,Spotify is best place to relax from all the stress and tiredness l love it,Melisa Makoz,9.1.78.2218,spotify is best place to relax from all the stress and tiredness l love it,15,2026-08-28,2026-08-24,0.0136,0.0315,0.9549,positive,0.9549
Google Play,c73ac68f-8f35-438e-85de-ee0528d59098,2026-08-28 23:19:16,5,this is a best music platform I am very satisfied thank you,Tanu Maity,,this is a best music platform i am very satisfied thank you,12,2026-08-28,2026-08-24,0.0036,0.0083,0.988,positive,0.988
Google Play,1d406a39-43ec-4d54-a8c7-f6be49414337,2026-08-28 23:09:13,5,easy access for my favourite music's love rhe features..,Rodelyn Rosales,9.1.78.2218,easy access for my favourite music's love rhe features,9,2026-08-28,2026-08-24,0.002,0.0355,0.9626,positive,0.9626
Google Play,3b5823d3-c632-46d1-a8b4-2a1858f22b6b,2026-08-28 23:01:33,5,Best! Supreme! Top Tier! Loyal user since the beginning!!! Wouldn't switch for any other app!,John Villarreal,9.1.78.2218,best supreme top tier loyal user since the beginning wouldn't switch for any other app,15,2026-08-28,2026-08-24,0.0049,0.013,0.9821,positive,0.9821
Google Play,7dd395f7-9322-44ac-b8a1-574fbad49080,2026-08-28 22:59:49,5,spotify the very nice app 🎶,Praveen venu,,spotify the very nice app,5,2026-08-28,2026-08-24,0.0024,0.0206,0.9769,positive,0.9769
Google Play,56cbc5c9-c4ab-44cf-92ed-d11d12fc7d3a,2026-08-28 22:57:52,1,creepy and evil app im returning to physical media,Cheese Boy,,creepy and evil app im returning to physical media,9,2026-08-28,2026-08-24,0.9046,0.0842,0.0112,negative,0.9046
Google Play,39f878f4-6e3b-455e-9a03-e8009cfe01e2,2026-08-28 22:57:36,3,i liked the app but the prices are just going up and up the hell thy are turning greedy,Rafael Rafa,9.1.76.2055,i liked the app but the prices are just going up and up the hell thy are turning greedy,19,2026-08-28,2026-08-24,0.9154,0.0755,0.0091,negative,0.9154
Google Play,2ea38a4e-c0dc-4d1b-8c00-1dbed2e02fb5,2026-08-28 22:55:27,1,"I am getting quite annoyed with this app as of the last 2 days. Everytime I switch to a different app on my phone, Spotify closes. What is the point of paying for a music app where I can't listen to it in the background while doing other stuff on my phone? Isn't that the whole point of a music app? When I go back to Spotify and hit the play button again, then go back to the internet or any other app again, Spotify closes.",Arthi Singh,9.1.78.2218,i am getting quite annoyed with this app as of the last 2 days everytime i switch to a different app on my phone spotify closes what is the point of paying for a music app where i can't listen to it in the background while doing other stuff on my phone isn't that the whole point of a music app when i go back to spotify and hit the play button again then go back to the internet or any other app again spotify closes,86,2026-08-28,2026-08-24,0.72515,0.2578,0.01705,negative,0.7252
Google Play,9b206a9a-6a11-4ded-a3c9-9df4c8488008,2026-08-28 22:53:49,1,aplikasi aneh satu lagu sejuta iklan,Granitya Queenza,,aplikasi aneh satu lagu sejuta iklan,6,2026-08-28,2026-08-24,0.23,0.7059,0.0642,neutral,0.7059
Google Play,3aed5b78-5123-4917-94aa-c9b01facc2a4,2026-08-28 22:52:53,2,This new version of release radar is absolute trash. Spotify is making it harder to justify paying for premium. When will corporations learn to just leave things alone that work fine. I am currently in the market for a new music playing medium. I am over spotify at this point.,Richard Rafter,9.1.78.2218,this new version of release radar is absolute trash spotify is making it harder to justify paying for premium when will corporations learn to just leave things alone that work fine i am currently in the market for a new music playing medium i am over spotify at this point,50,2026-08-28,2026-08-24,0.9021,0.0863,0.0115,negative,0.9021
Google Play,a13f90ab-b790-492e-a342-19126f7acfa3,2026-08-28 22:51:41,3,OK Spotify really wants. U to get premium no more norm features for free! Like I can't even play a Playlist,Ahana Sindhu,9.1.78.2218,ok spotify really wants u to get premium no more norm features for free like i can't even play a playlist,21,2026-08-28,2026-08-24,0.5819,0.3444,0.0737,negative,0.5819
Google Play,7e201b6d-cebe-4876-968a-5bbbf37e418e,2026-08-28 22:51:29,5,it is the best music app,Phumelele Success,,it is the best music app,6,2026-08-28,2026-08-24,0.0055,0.0124,0.9821,positive,0.9821
Google Play,739d492b-4986-49ec-aee2-cf9af5726073,2026-08-28 22:50:12,5,lower ads,C B Vinayak,,lower ads,2,2026-08-28,2026-08-24,0.3534,0.5712,0.0754,neutral,0.5712
Google Play,f3c246e8-f001-4315-b595-d8b7900d2dc9,2026-08-28 22:45:57,5,top class. great app.,Pat Val Robinson,9.1.76.2055,top class great app,4,2026-08-28,2026-08-24,0.0055,0.0127,0.9819,positive,0.9819
Google Play,64846c94-2dd4-4807-87f2-a9bf8d40bc4f,2026-08-28 22:44:38,5,sooo... good app,Gita Music Gujarati,,sooo good app,3,2026-08-28,2026-08-24,0.0035,0.0331,0.9634,positive,0.9634
Google Play,2e7d9c44-dcef-4386-bf0e-b0d62e023e3a,2026-08-28 22:39:16,5,it's good but there are too much adds,Annu,9.1.76.2055,it's good but there are too much adds,8,2026-08-28,2026-08-24,0.3086,0.3274,0.364,positive,0.364
Google Play,b4c753ed-efbb-4af3-9434-8102e327f20c,2026-08-28 22:27:24,5,perfect music partner with great recommendations,blaise crettex,9.1.76.2055,perfect music partner with great recommendations,6,2026-08-28,2026-08-24,0.0031,0.0126,0.9843,positive,0.9843
Google Play,d7ead84e-194b-4928-870e-731026e647f1,2026-08-28 22:26:01,5,i love your music,Adekunle Ojedeji,9.1.76.2055,i love your music,4,2026-08-28,2026-08-24,0.004,0.0331,0.963,positive,0.963
Google Play,c6ffb275-d51f-43c0-8366-4a92e0f21114,2026-08-28 22:24:56,5,It makes best playlistt!!! loved it!❤,Simran Lather,9.1.76.2055,it makes best playlistt loved it,6,2026-08-28,2026-08-24,0.0043,0.0073,0.9884,positive,0.9884
Google Play,2b35cbb2-e661-417d-bc4d-478f7a483bd3,2026-08-28 22:24:14,5,excellent besides poping up of advertising inbetween the song,Mbulelo Rungqu,9.1.76.2055,excellent besides poping up of advertising inbetween the song,9,2026-08-28,2026-08-24,0.0092,0.1033,0.8875,positive,0.8875
Google Play,508f7a83-cd90-4a9f-a6a3-7f6ae6165d4e,2026-08-28 22:23:13,1,"Every episode of my podcast has ads, even though I have premium",Rico,9.1.76.2055,every episode of my podcast has ads even though i have premium,12,2026-08-28,2026-08-24,0.2581,0.6685,0.0734,neutral,0.6685
Google Play,f7e51941-af01-4060-a0e9-a6aecaa79968,2026-08-28 22:21:32,4,"I love Spotify so much, but one problem I had is that sometimes a person can't play music with out data offline",Daniel Biden,9.1.78.2218,i love spotify so much but one problem i had is that sometimes a person can't play music with out data offline,22,2026-08-28,2026-08-24,0.2961,0.3561,0.3478,neutral,0.3561
Google Play,22ac490b-f7e8-4aba-9432-fb535d30e323,2026-08-28 22:19:39,3,"Hey Spotify Gods, PLEASE save us from accidental taps. 😭 I hate losing my carefully curated queue because I accidentally play a song instead of hitting “Add to Queue.” PLEEEASE give us Premium users a full queue history/restore button so we can recover our previous queue from beginning to end, and pleeeeease let us turn our current queue into a playlist directly from the mobile app! I’ll happily change this to 5 stars when we get these features. 🙏",Lisa Marie,9.1.78.2218,hey spotify gods please save us from accidental taps i hate losing my carefully curated queue because i accidentally play a song instead of hitting add to queue pleeease give us premium users a full queue history restore button so we can recover our previous queue from beginning to end and pleeeeease let us turn our current queue into a playlist directly from the mobile app i ll happily change this to 5 stars when we get these features,79,2026-08-28,2026-08-24,0.29964999999999997,0.370375,0.329975,neutral,0.3704
Google Play,c1cfc043-ee44-4b96-b0a1-50b6e9a77f34,2026-08-27 23:55:53,5,love how I can create my Playlist for long drives,Cynthia Zammarrelli,9.1.78.2218,love how i can create my playlist for long drives,10,2026-08-27,2026-08-24,0.0051,0.0528,0.942,positive,0.942
Google Play,34c132de-cf7c-4978-8cb4-d6f338b39b95,2026-08-27 23:55:21,1,maruk iklan bejirrr,ShuiLong,9.1.76.2055,maruk iklan bejirrr,3,2026-08-27,2026-08-24,0.1096,0.7835,0.1069,neutral,0.7835
Google Play,7b5ebaf6-8a34-4b91-a906-cb38ab1916f2,2026-08-27 23:55:08,1,"Horrible irrelevant convoluted GUI. In the playlist/queue you can only scroll forward, you can't scroll up, can't see songs already played or go back to replay them without pushing the back button several times to restart the playlist. When I search for a song, Spotify gives me a list showing the same song over and over and over again, many low audio quality. Would like to see original release year and album title of songs both on now playing screen and when searching. Can't delete history!",J Dit,9.1.78.2218,horrible irrelevant convoluted gui in the playlist queue you can only scroll forward you can't scroll up can't see songs already played or go back to replay them without pushing the back button several times to restart the playlist when i search for a song spotify gives me a list showing the same song over and over and over again many low audio quality would like to see original release year and album title of songs both on now playing screen and when searching can't delete history,87,2026-08-27,2026-08-24,0.84675,0.14365,0.009600000000000001,negative,0.8468
Google Play,36e333f0-022d-4bf6-89c7-6bc268dfb51c,2026-08-27 23:55:05,5,Very good overall.,Eric Gamliel,9.1.76.2055,very good overall,3,2026-08-27,2026-08-24,0.0075,0.0312,0.9613,positive,0.9613
Google Play,2bdc9f32-5208-43ba-9c79-c208a89210ba,2026-08-27 23:47:03,5,I like spotify and the best part is I can do anything while listening to music .and this one is a really great app also easy to use,Thisarani Aloka,9.1.78.2218,i like spotify and the best part is i can do anything while listening to music and this one is a really great app also easy to use,28,2026-08-27,2026-08-24,0.0026,0.0099,0.9875,positive,0.9875
Google Play,da2217bd-4156-4715-8753-9903c24fa687,2026-08-27 23:45:39,1,worst music app,bhanu sogarwal,9.1.58.1567,worst music app,3,2026-08-27,2026-08-24,0.8995,0.0849,0.0156,negative,0.8995
Google Play,433ffb75-bade-4527-8e31-b0a69cc13ea5,2026-08-27 23:43:34,5,I really enjoy my Spotify hook up!!,Patrick Paasche,,i really enjoy my spotify hook up,7,2026-08-27,2026-08-24,0.0028,0.0088,0.9884,positive,0.9884
Google Play,d8854535-3906-44b2-9c18-be7f19211470,2026-08-27 23:36:05,5,"nice app for good music and lyrics, fast play",Elvis Zondiwe Chingaila,9.1.72.1891,nice app for good music and lyrics fast play,9,2026-08-27,2026-08-24,0.0042,0.0272,0.9686,positive,0.9686
Google Play,30dc1640-404f-462b-b13a-8ac8167661ae,2026-08-27 23:33:13,1,My liked music got removed all of a sudden. they're not downloading and it's not nice,Martins Daniel,9.1.78.2218,my liked music got removed all of a sudden they're not downloading and it's not nice,16,2026-08-27,2026-08-24,0.9162,0.0786,0.0052,negative,0.9162
Google Play,e4b4aa8c-1caa-4fe9-b807-1e785dded9fc,2026-08-27 23:29:37,5,very excellent aap,Komal Komal,,very excellent aap,3,2026-08-27,2026-08-24,0.0112,0.0365,0.9523,positive,0.9523
Google Play,631bc3e6-1390-47c0-9f7c-fd7dd589053a,2026-08-27 23:29:16,5,this very good 👍🏻,Gouri Goutham,9.1.76.2055,this very good,3,2026-08-27,2026-08-24,0.0043,0.0118,0.9839,positive,0.9839
Google Play,2712bcad-ec3a-44e0-ac75-69e7570dea60,2026-08-27 23:25:10,1,stupid app,Sayandeep Dey,9.1.76.2055,stupid app,2,2026-08-27,2026-08-24,0.871,0.1133,0.0157,negative,0.871
Google Play,2d1613d8-7bbd-4ecf-bd72-f72bc601e325,2026-08-27 23:24:14,1,"Shuffle feature doesn't work, constant issues with this app renders it useless. I'm certain not everyone wants to listen to songs in alphabetical order. Absolute garbage!",Ashley Stone,9.1.78.2218,shuffle feature doesn't work constant issues with this app renders it useless i'm certain not everyone wants to listen to songs in alphabetical order absolute garbage,26,2026-08-27,2026-08-24,0.9341,0.0593,0.0065,negative,0.9341
Google Play,3e99a77d-3a41-47da-a9b1-d0ca6ca63c57,2026-08-27 23:24:02,5,best song experience,Naheel Muhammad Naheel 8120,9.1.52.1394,best song experience,3,2026-08-27,2026-08-24,0.0043,0.0363,0.9594,positive,0.9594
Google Play,0f85a95b-ccf6-4a23-9508-be8d98e0084d,2026-08-27 23:22:38,5,the best app songs,Rodrigo Dos Santos Alves,9.1.76.2055,the best app songs,4,2026-08-27,2026-08-24,0.0061,0.0259,0.968,positive,0.968
Google Play,5047fa77-1feb-4b7b-ba1f-9fba083490b6,2026-08-27 23:21:28,2,"App enabled auto quality adjustments for music quality, turning off configuration for lossless. Had to discover and turn it back on.",Jon BLueSS,9.1.76.2055,app enabled auto quality adjustments for music quality turning off configuration for lossless had to discover and turn it back on,21,2026-08-27,2026-08-24,0.0659,0.7809,0.1532,neutral,0.7809
Google Play,d7cacfe2-8873-425e-9479-61c368d447c2,2026-08-27 23:20:51,4,"overall, a good experience.",Kevin Archer,9.1.72.1891,overall a good experience,4,2026-08-27,2026-08-24,0.0055,0.0238,0.9707,positive,0.9707
Google Play,53630e00-da76-4e3c-b1b3-7e5aced69e54,2026-08-27 23:12:57,5,I'm speechless 😶🤯 it's so good!!!!!!!!!,Zeeshan Salamat,,i'm speechless it's so good,5,2026-08-27,2026-08-24,0.0064,0.0122,0.9814,positive,0.9814
Google Play,269c1d47-254a-4b5f-908b-6510b30d4516,2026-08-27 23:11:33,5,Just do something with add it interupt the feel of song just make it alter 30 min of playing,Samar Shukla,9.1.76.2055,just do something with add it interupt the feel of song just make it alter 30 min of playing,19,2026-08-27,2026-08-24,0.1386,0.7634,0.0979,neutral,0.7634
Google Play,db1c5463-9115-4318-8fe3-7c066f49d953,2026-08-27 23:11:14,4,only downside was that some songs were not there,Gypsies,9.1.76.2055,only downside was that some songs were not there,9,2026-08-27,2026-08-24,0.7351,0.2434,0.0215,negative,0.7351
Google Play,9944e690-6501-4410-b2c2-1e2ef497897b,2026-08-27 23:08:49,2,used to be good now it is heavy-and I mean too heavy on adds-. premium is no longer value for money so will use Amazon music. shame this has gone backwards as an experience and value,Will Huntley,9.1.78.2218,used to be good now it is heavy and i mean too heavy on adds premium is no longer value for money so will use amazon music shame this has gone backwards as an experience and value,37,2026-08-27,2026-08-24,0.9059,0.0828,0.0113,negative,0.9059
Google Play,5e804aaa-4380-441d-a224-caa8b031e638,2026-08-27 23:03:03,5,nice very good nice nice nice,Dr Sandeep Shinde,9.1.68.1888,nice very good nice nice nice,6,2026-08-27,2026-08-24,0.0131,0.0394,0.9476,positive,0.9476
Google Play,2281e329-3b64-4c07-b610-8b30543f0c16,2026-08-27 23:01:09,1,I can't log in this app,Adib Zahwan,9.1.78.2218,i can't log in this app,6,2026-08-27,2026-08-24,0.6494,0.3285,0.0221,negative,0.6494
Google Play,736cf1fe-1257-4341-a325-ace7094e5616,2026-08-27 23:00:07,5,why That Instol Again Why,Rajesh Roy,,why that instol again why,5,2026-08-27,2026-08-24,0.8017,0.189,0.0093,negative,0.8017
Google Play,3baacb0d-cd23-44bc-87dd-e75a0c44f18d,2026-08-27 22:58:53,1,unplayable due to adds,Phuck Yu,9.1.76.2055,unplayable due to adds,4,2026-08-27,2026-08-24,0.7945,0.1923,0.0132,negative,0.7945
Google Play,19ca3f8a-de85-4890-ac79-e714099100e9,2026-08-27 22:57:09,5,This is the best app for listening songs. But sometimes ads makes me annoying.,Black Wolf,9.1.72.1891,this is the best app for listening songs but sometimes ads makes me annoying,14,2026-08-27,2026-08-24,0.3033,0.2697,0.427,positive,0.427
Google Play,beb7e02d-1a36-4d63-8613-cbde7b296995,2026-08-27 22:55:14,1,"this app sucks. it has so many bugs I don't even know where to begin. IT JUST SHUTS OFF! that's it. I cannot listen to more than 2 minutes before IT SHUTS OFF! It's maddening. I have to open the phone, turn it on and 2 minutes later ITS OFF! I've switched to Audible because Spotify is so bad it's unusable. podcasts won't stream.",Rob B,9.1.76.2055,this app sucks it has so many bugs i don't even know where to begin it just shuts off that's it i cannot listen to more than 2 minutes before it shuts off it's maddening i have to open the phone turn it on and 2 minutes later its off i've switched to audible because spotify is so bad it's unusable podcasts won't stream,64,2026-08-27,2026-08-24,0.9348,0.056,0.0092,negative,0.9348
Google Play,833667da-f972-435d-a26b-774e75438a9a,2026-08-27 22:54:24,1,it does not play the songs,Veronica Dlamini,9.1.78.2218,it does not play the songs,6,2026-08-27,2026-08-24,0.5886,0.3936,0.0178,negative,0.5886
Google Play,fc406607-0d9b-44a8-ab52-a41ba7579f1d,2026-08-27 22:53:38,1,"If negative stars existed, I’d give Spotify that. It’s unbearable: Repeat/Queue removed, ads after almost every song, daily limits, barely any song choice, and constant crashes. What’s next, restricting likes or album creation? Music is for relaxing, not frustration! If Premium is the goal, make it paid instead of ruining free users’ experience. ₹799/year isn’t worth this. I’m fed up, switching. If this isn’t fixed, we’re planning consumer court action. 1000+ complaints if reviews had no limit.",Anshu Priye,9.1.78.2218,if negative stars existed i d give spotify that it s unbearable repeat queue removed ads after almost every song daily limits barely any song choice and constant crashes what s next restricting likes or album creation music is for relaxing not frustration if premium is the goal make it paid instead of ruining free users experience 799 year isn t worth this i m fed up switching if this isn t fixed we re planning consumer court action 1000 complaints if reviews had no limit,86,2026-08-27,2026-08-24,0.8433333333333334,0.14393333333333333,0.012700000000000001,negative,0.8433
Google Play,32f19448-445e-401b-9fc2-635098d073be,2026-08-27 22:53:13,5,best music 🎶 aap,DM DER,9.1.78.2218,best music aap,3,2026-08-27,2026-08-24,0.0034,0.0358,0.9608,positive,0.9608
Google Play,b0b86cb7-1aef-4e6f-8dd7-6710412eaa22,2026-08-27 22:49:46,1,"1 month premium too pricy in our country right now, expenses getting to high and this one joins. I don't need to pay to listen to music it supposed to be free at least reduce the ads.",Ac Ac,9.1.78.2218,1 month premium too pricy in our country right now expenses getting to high and this one joins i don't need to pay to listen to music it supposed to be free at least reduce the ads,37,2026-08-27,2026-08-24,0.8597,0.1276,0.0127,negative,0.8597
Google Play,2bd43d5d-9594-44d0-a87a-3ad0278ea42a,2026-08-27 22:48:09,5,nice but spotify should give option to remove previous devices that already used previously,Being a Pakistani,9.1.76.2055,nice but spotify should give option to remove previous devices that already used previously,14,2026-08-27,2026-08-24,0.0474,0.5514,0.4012,neutral,0.5514
Google Play,5fc1888b-56ab-4d02-b470-2b17369b0ca4,2026-08-27 22:45:25,1,I am not saying That this app is useless. This is a very good music app but it has a lot of ads which are very useless.,Ankit Kumar,,i am not saying that this app is useless this is a very good music app but it has a lot of ads which are very useless,27,2026-08-27,2026-08-24,0.7954,0.1733,0.0313,negative,0.7954
Google Play,a9634c57-244c-4c49-bdb4-aa4e93932ae8,2026-08-27 22:35:04,5,Great app I'm enjoying using it,Muhammad Ibrahim Muhammad,9.1.68.1888,great app i'm enjoying using it,6,2026-08-27,2026-08-24,0.0035,0.0092,0.9873,positive,0.9873
Google Play,fe7b15d2-1e42-4e49-8979-99e0715c240c,2026-08-27 22:34:13,5,A masterpiece program,Juliet Mohamed,9.1.78.2218,a masterpiece program,3,2026-08-27,2026-08-24,0.0101,0.073,0.9169,positive,0.9169
Google Play,30d51f7e-4698-4d23-aca9-e0addf2a030f,2026-08-27 22:32:55,5,"I love spotify, it's part of my daily life! The only thing I dislike it the jam function! Please let us turn it off so to her cannot change our music on us when on the same network. Thank you!",C T,9.1.78.2218,i love spotify it's part of my daily life the only thing i dislike it the jam function please let us turn it off so to her cannot change our music on us when on the same network thank you,40,2026-08-27,2026-08-24,0.1144,0.1646,0.721,positive,0.721
Google Play,520fd392-fa74-471e-a19f-3853d0bd0aa2,2026-08-27 22:32:02,5,I love the app I just want more bass,Petrus Uunona (Mr Monate),9.1.76.2055,i love the app i just want more bass,9,2026-08-27,2026-08-24,0.0082,0.0239,0.968,positive,0.968
Google Play,888e9ef9-74c8-46c3-b61a-658298739f3e,2026-08-27 22:27:57,3,didn't expect I'll bump into ads after not getting them for a week,Simnikiwe Godlwana,9.1.76.2055,didn't expect i'll bump into ads after not getting them for a week,13,2026-08-27,2026-08-24,0.6714,0.3052,0.0234,negative,0.6714
Google Play,54d4ff71-0b3a-426e-8a60-eff3fddff567,2026-08-27 22:24:12,5,like a good friend ...always there...when you need it!,Georgianna Floyd,9.1.76.2055,like a good friend always there when you need it,10,2026-08-27,2026-08-24,0.0073,0.0482,0.9444,positive,0.9444
Google Play,0fbcf7e8-ab83-4142-a93a-74e9f87c6caa,2026-08-27 22:20:10,1,"hapus pembaruan langganan otomatis, ini memberatkan saya. tanpa persejutuan saya, spotify menggunakan paylater!",Austin's,9.1.76.2055,hapus pembaruan langganan otomatis ini memberatkan saya tanpa persejutuan saya spotify menggunakan paylater,13,2026-08-27,2026-08-24,0.0419,0.8294,0.1287,neutral,0.8294
Google Play,57946790-c498-46f0-9b44-cad0ac89f093,2026-08-27 22:18:33,5,Love love 😍 😍 I have been enjoying Spotify since 2015 still loving to wake up with it on Alexa and in my car while traveling while I'm doing my work at home with my headset on loving it loving it,Deborah Hardy,9.1.78.2218,love love i have been enjoying spotify since 2015 still loving to wake up with it on alexa and in my car while traveling while i'm doing my work at home with my headset on loving it loving it,39,2026-08-27,2026-08-24,0.0026,0.0108,0.9866,positive,0.9866
Google Play,0e4482f3-7d8c-4927-9db0-466c40209353,2026-08-27 22:18:20,5,"I'm in Indiana but can listen to my favorite folk songwriter and singer from Scotland, Adam Holmes. It's as if I am setting in the intimate entertainment hall with 50 other concert go-ers, there in Edinburgh. First time I've used Spotify for music, what an event for me. Adam sent me a list of a few of his songs to listen to. I can't get to Edinburgh to hear him in person, but Spotify can place me there in my mind. Great Service. Thank You, Spotify.",Mary Baughman McCoy,9.1.72.1891,i'm in indiana but can listen to my favorite folk songwriter and singer from scotland adam holmes it's as if i am setting in the intimate entertainment hall with 50 other concert go ers there in edinburgh first time i've used spotify for music what an event for me adam sent me a list of a few of his songs to listen to i can't get to edinburgh to hear him in person but spotify can place me there in my mind great service thank you spotify,87,2026-08-27,2026-08-24,0.0039,0.04605,0.95,positive,0.95
Google Play,8a988edc-31f4-4e39-8486-c45b8cdf7e6e,2026-08-26 23:56:48,5,fantastic list of songs,David Veverka,9.1.76.2055,fantastic list of songs,4,2026-08-26,2026-08-24,0.0052,0.0143,0.9805,positive,0.9805
Google Play,57ed97fb-fb5c-45e2-9cff-e9ca901f36d1,2026-08-26 23:52:33,4,good one but sometimes advertisement disturbs,Swapna Tikadar1234,9.1.76.2055,good one but sometimes advertisement disturbs,6,2026-08-26,2026-08-24,0.4891,0.3723,0.1386,negative,0.4891
Google Play,bdf7e824-c742-432f-8c48-6e4f08a3dbce,2026-08-26 23:50:59,5,excellent ap,Mahalakshmi Ganesan,9.1.76.2055,excellent ap,2,2026-08-26,2026-08-24,0.014,0.0458,0.9402,positive,0.9402
Google Play,e223c9e9-b1e7-45a1-94ed-37c06b749291,2026-08-26 23:50:32,1,the app is insisting to buy premium,Rovart Basumatary,9.1.76.2055,the app is insisting to buy premium,7,2026-08-26,2026-08-24,0.4252,0.5482,0.0266,neutral,0.5482
Google Play,e59f806e-53b1-4810-8bf3-633c617ac210,2026-08-26 23:47:42,5,They are helping me a lot as an artist,MINI RUGGED RECORDS,9.1.52.1394,they are helping me a lot as an artist,9,2026-08-26,2026-08-24,0.004,0.0376,0.9584,positive,0.9584
Google Play,33409c44-3e32-4e00-9a84-6f9c342c9a59,2026-08-26 23:47:05,1,it's Sow Bad,nadir airer,,it's sow bad,3,2026-08-26,2026-08-24,0.8932,0.0944,0.0124,negative,0.8932
Google Play,50a72d51-0d9a-4c0c-aa6c-79158d0fa952,2026-08-26 23:35:44,5,block karna hai problem ho raha hai,Raj King,,block karna hai problem ho raha hai,7,2026-08-26,2026-08-24,0.3354,0.6405,0.0241,neutral,0.6405
Google Play,875fd0f8-54bd-4bea-bc81-45e568ec0987,2026-08-26 23:35:09,1,thrash service,Abhay patel,,thrash service,2,2026-08-26,2026-08-24,0.3628,0.5733,0.0639,neutral,0.5733
Google Play,fd7eb36b-05ea-4f41-9712-811428de9e12,2026-08-26 23:30:06,2,"Used to be a great app. All of a sudden the last couple months if glitches out my phone. The ads always glitch now and sometimes the musica and the app, to the point I have to restart my phone. Its the only app that does it. Guess I'll start my library over on Prime Music, cuz this is ridiculous",Corey Becker,9.1.76.2055,used to be a great app all of a sudden the last couple months if glitches out my phone the ads always glitch now and sometimes the musica and the app to the point i have to restart my phone its the only app that does it guess i'll start my library over on prime music cuz this is ridiculous,60,2026-08-26,2026-08-24,0.9308,0.059,0.0101,negative,0.9308
Google Play,2e672291-4db3-4f73-8427-a59089e8d1c0,2026-08-26 23:29:54,5,The best among the bests,Muhammed Hussain,9.1.76.2055,the best among the bests,5,2026-08-26,2026-08-24,0.006,0.0378,0.9562,positive,0.9562
Google Play,afbe54b0-0172-47d4-9cf1-abd5b5a2e247,2026-08-26 23:29:24,5,Favorite app to listen while driving on the road.,Travis Brown,9.1.76.2055,favorite app to listen while driving on the road,9,2026-08-26,2026-08-24,0.0045,0.0795,0.916,positive,0.916
Google Play,d7018a3b-aa83-4457-a98a-3da4c23dd639,2026-08-26 23:27:40,4,why downloaded videos don't work offline,yared habtom,9.1.72.1891,why downloaded videos don't work offline,6,2026-08-26,2026-08-24,0.7647,0.226,0.0092,negative,0.7647
Google Play,5cf90f64-0cfa-493e-a41f-dd4b8d95a09b,2026-08-26 23:17:09,5,I love listening to Spotify,Renee Bruce,9.1.76.2055,i love listening to spotify,5,2026-08-26,2026-08-24,0.0034,0.0166,0.98,positive,0.98
Google Play,68be36a4-7aa5-4c91-bf0b-92cf85e0f4e0,2026-08-26 23:16:47,1,They are getting greedy day by day,rajan rawat,,they are getting greedy day by day,7,2026-08-26,2026-08-24,0.763,0.2148,0.0222,negative,0.763
Google Play,1bf862be-8941-4ee7-a3a4-883b9e4444ab,2026-08-26 23:15:22,5,it's excellent,Likith,,it's excellent,2,2026-08-26,2026-08-24,0.0084,0.0373,0.9542,positive,0.9542
Google Play,961436b8-79ac-43a4-a674-bd003cfb5e58,2026-08-26 23:14:31,1,3000 songs on the playlist and shuffle mode plays the same 25 songs over and over. yet they keep increasing the subscription price while decreasing the value,Jody Scott,9.1.76.2055,3000 songs on the playlist and shuffle mode plays the same 25 songs over and over yet they keep increasing the subscription price while decreasing the value,27,2026-08-26,2026-08-24,0.5316,0.4305,0.0379,negative,0.5316
Google Play,6545d644-6a64-4af4-891a-0b9c077bd92d,2026-08-26 23:14:03,1,They keep cutting my money for subscription and when I tried to opt out and Renew as a student they won't allow me . And that is how I have been facing challenges with this app 😡🤬 Pls Spotify try and Notify the owner of the account before you Renew,Lekia Bariadoora,9.1.24.1739,they keep cutting my money for subscription and when i tried to opt out and renew as a student they won't allow me and that is how i have been facing challenges with this app pls spotify try and notify the owner of the account before you renew,48,2026-08-26,2026-08-24,0.933,0.062,0.005,negative,0.933
Google Play,0efb5107-baac-4087-adc1-42381121ab44,2026-08-26 23:13:42,5,My feelings are connected with this app whenever I use this app i feel like my all memories are in front of my eyes thank you to Spotify... plz use this app...,Neha Patil,9.1.72.1891,my feelings are connected with this app whenever i use this app i feel like my all memories are in front of my eyes thank you to spotify plz use this app,32,2026-08-26,2026-08-24,0.0046,0.0377,0.9578,positive,0.9578
Google Play,b150767b-a602-4d4c-8785-ba95c2b74c25,2026-08-26 23:09:50,1,"too many ads, everything is needed to be paid for now..",Sarah,9.1.76.2055,too many ads everything is needed to be paid for now,11,2026-08-26,2026-08-24,0.7546,0.2242,0.0213,negative,0.7546
Google Play,e229d2cd-ab0f-4fb0-9cda-3684262e86e2,2026-08-26 23:07:10,1,if disappointment is an app. there are far better music apps out there.,Chiranjeevi P,,if disappointment is an app there are far better music apps out there,13,2026-08-26,2026-08-24,0.6868,0.2037,0.1095,negative,0.6868
Google Play,a9954ec1-24e3-4b69-8292-4efecb140f1b,2026-08-26 23:06:36,3,so many bugs ever since I started paying for it,ly,9.1.76.2055,so many bugs ever since i started paying for it,10,2026-08-26,2026-08-24,0.9265,0.0663,0.0071,negative,0.9265
Google Play,84386b72-6a9f-4b2b-bb0c-8eddce923bad,2026-08-26 23:04:07,4,the number of ads 🫨🫨🫨,jaimin baurasi,9.1.76.2055,the number of ads,4,2026-08-26,2026-08-24,0.8642,0.125,0.0107,negative,0.8642
Google Play,5bd74b58-b7ed-4318-8860-c7c03c8308d0,2026-08-26 23:03:05,5,very nice app I use it constantly for music and everything music or video related when I'm trying to focus or just when I'm bored and I enjoy using the app for these reasons only,Saucerapple225,9.1.76.2055,very nice app i use it constantly for music and everything music or video related when i'm trying to focus or just when i'm bored and i enjoy using the app for these reasons only,35,2026-08-26,2026-08-24,0.0049,0.0357,0.9594,positive,0.9594
Google Play,4a348014-b066-4ae7-b819-598a3ef2ca14,2026-08-26 23:01:12,4,excellent but i don't like subscription,Muhammad Furqan,9.1.76.2055,excellent but i don't like subscription,6,2026-08-26,2026-08-24,0.4881,0.3643,0.1476,negative,0.4881
Google Play,10d209b6-76bf-4bba-869d-35ce0580bf3d,2026-08-26 22:59:10,1,"I keep getting hacked , and i keep losing my playlist",Siyolise Mahlaba,9.1.76.2055,i keep getting hacked and i keep losing my playlist,10,2026-08-26,2026-08-24,0.9025,0.0896,0.0079,negative,0.9025
Google Play,209d4122-cbc2-4a69-a965-8f34dc1a777c,2026-08-26 22:58:39,1,can't play in any order is the worst thing in spotity I am deleting this aap now this app asks for premium membership everytime,Adhyan Mishra,9.1.76.2055,can't play in any order is the worst thing in spotity i am deleting this aap now this app asks for premium membership everytime,24,2026-08-26,2026-08-24,0.9386,0.0548,0.0066,negative,0.9386
Google Play,a73c4565-64de-45ae-ae48-1920b2f0cd2c,2026-08-26 22:56:32,1,I hated it,Usi Sirataza,9.1.64.1676,i hated it,3,2026-08-26,2026-08-24,0.8053,0.1583,0.0364,negative,0.8053
Google Play,82ef0e3f-02a5-4b14-a654-8b90c65f6ca4,2026-08-26 22:56:01,1,They replaced the functional widget with a slower and buggier widget. It forgets where I was in a playlist after not having played a song/podcast for a while. At times it's faster to just open the app as the widget is stuck in a loading spinner,Henry Bui,,they replaced the functional widget with a slower and buggier widget it forgets where i was in a playlist after not having played a song podcast for a while at times it's faster to just open the app as the widget is stuck in a loading spinner,47,2026-08-26,2026-08-24,0.7847,0.2003,0.015,negative,0.7847
Google Play,74f73c27-e587-4615-92ad-c6da2d31e254,2026-08-26 22:53:44,5,It is too good than other music apps,Vivek Mehra,9.1.64.1676,it is too good than other music apps,8,2026-08-26,2026-08-24,0.0097,0.0422,0.9481,positive,0.9481
Google Play,8d96451d-1cb2-40fb-92ca-c08a027c8b4c,2026-08-26 22:49:26,5,even free version great,Stevien Backup,9.1.64.1676,even free version great,4,2026-08-26,2026-08-24,0.0044,0.0355,0.9601,positive,0.9601
Google Play,d21956d9-557a-4a8c-8d29-f37624ece31b,2026-08-26 22:44:01,1,first at all I think it was fun but I delete it and I download it again it didn't download,Jayra Dela Cruz,,first at all i think it was fun but i delete it and i download it again it didn't download,20,2026-08-26,2026-08-24,0.5917,0.3287,0.0796,negative,0.5917
Google Play,3e0f8c45-d5c0-4423-a6ba-cfe5f6be9104,2026-08-26 22:42:42,5,soo good yr,Poorvi Yadav,9.1.76.2055,soo good yr,3,2026-08-26,2026-08-24,0.0054,0.0171,0.9776,positive,0.9776
Google Play,4a367380-1f0d-4f0f-85c0-c4901bc434ab,2026-08-26 22:39:58,1,"worst, company is full of greed for money, that it restricts even basic features in the app like: 1. Repeat a song 2. Go back to the previous song 3. Shuffle 4. Play songs in order 5. Listen to a specific part of the song worst , why dont you guys put a price tag in the playstore itself",Abdul Rahman,,worst company is full of greed for money that it restricts even basic features in the app like 1 repeat a song 2 go back to the previous song 3 shuffle 4 play songs in order 5 listen to a specific part of the song worst why dont you guys put a price tag in the playstore itself,58,2026-08-26,2026-08-24,0.8992,0.0936,0.0072,negative,0.8992
Google Play,19cfe0c6-0b13-4a32-9cd9-cda29483b9ef,2026-08-26 22:39:19,1,without premium this app is useless limited listening time ads awful experience 😓,Raj Bora,,without premium this app is useless limited listening time ads awful experience,12,2026-08-26,2026-08-24,0.9542,0.0404,0.0055,negative,0.9542
Google Play,34c18d1e-ca87-49b3-829d-a84c63b535ab,2026-08-26 22:36:14,5,very splendid app. would recommend⭐️⭐️⭐️⭐️,Ella Bella,9.1.76.2055,very splendid app would recommend,5,2026-08-26,2026-08-24,0.0057,0.0114,0.9829,positive,0.9829
Google Play,1378a82a-aa94-4a94-9bc8-e20bc88b0f40,2026-08-26 22:34:03,1,"the app just logged me out of my account and no matter what I do I can't log back in. if I try to contact costumer support, it asks me to LOG IN!!! I can't even cancel my subscription because it wont let me log in to do it. nothing I have done to fix this has worked. when I try to contact costumer service, it brings me to the log in page.",brianna mcculloch,9.0.30.642,the app just logged me out of my account and no matter what i do i can't log back in if i try to contact costumer support it asks me to log in i can't even cancel my subscription because it wont let me log in to do it nothing i have done to fix this has worked when i try to contact costumer service it brings me to the log in page,73,2026-08-26,2026-08-24,0.90715,0.08665,0.00615,negative,0.9072
Google Play,32b17377-c277-4db5-8ded-dea315d6475f,2026-08-26 22:32:48,1,This app is so bad it only just keep forcing you to buy premium.We use to listen music for freshness but spotify use to irritate you by interupting in between your song by ads.,Meshw Patel,9.1.64.1676,this app is so bad it only just keep forcing you to buy premium we use to listen music for freshness but spotify use to irritate you by interupting in between your song by ads,35,2026-08-26,2026-08-24,0.9208,0.0723,0.0068,negative,0.9208
Google Play,ed37cb87-0c6f-45e4-a8f2-4bf86ad6e889,2026-08-26 22:32:31,4,"I'm enjoying it when I can log in. Sometimes, I can't open the app, which is frustrating. The sound also breaks for a couple of seconds during the song. I'm not sure what the issue is.",Patricia Smyth,9.1.76.2055,i'm enjoying it when i can log in sometimes i can't open the app which is frustrating the sound also breaks for a couple of seconds during the song i'm not sure what the issue is,36,2026-08-26,2026-08-24,0.2348,0.3925,0.3728,neutral,0.3925
Google Play,2aa4a098-262b-4054-97eb-75aabe71dbe1,2026-08-26 22:32:10,1,"shittest update, too many ads, so many limitations just to listen to music peacefully.",Faisal Siddiqui,8.7.64.478,shittest update too many ads so many limitations just to listen to music peacefully,14,2026-08-26,2026-08-24,0.9432,0.0504,0.0064,negative,0.9432
Google Play,4ad07bda-90a0-4dcb-8518-504d03fb328a,2026-08-26 22:28:20,1,"Everytime I open this app I feel so amazing, best app👍🙏",DIPAK MANDAL,9.1.76.2055,everytime i open this app i feel so amazing best app,11,2026-08-26,2026-08-24,0.0038,0.0067,0.9896,positive,0.9896
Google Play,38ab5996-c34e-4729-8765-740fb7f1e30e,2026-08-26 22:28:10,1,"it's a bug or sometimes the music is not working properly in the background. the app stops working middle of a song,when it's running in the background and takes longer time to restart it. it destroys my flow mode. it works properly when in the app on screen and still stuck and back by his own",Lucky Gamer,,it's a bug or sometimes the music is not working properly in the background the app stops working middle of a song when it's running in the background and takes longer time to restart it it destroys my flow mode it works properly when in the app on screen and still stuck and back by his own,57,2026-08-26,2026-08-24,0.8322,0.157,0.0108,negative,0.8322
Google Play,f8f2230b-49ff-4a5b-a1e0-3713d70cd953,2026-08-26 22:27:07,5,this app is good,ShadowGamerZ,,this app is good,4,2026-08-26,2026-08-24,0.0043,0.0281,0.9676,positive,0.9676
Google Play,19bf47d5-e989-48a2-80e6-acecdea1d167,2026-08-26 22:26:42,5,I'm happy,Siyabonga Dlamini,9.1.76.2055,i'm happy,2,2026-08-26,2026-08-24,0.0078,0.0324,0.9598,positive,0.9598
Google Play,c8ba1e71-5f37-44ee-89da-462f7be850eb,2026-08-26 22:22:49,5,JUST PEAK-That's La Peace,Ranz Padilla,,just peak that's la peace,5,2026-08-26,2026-08-24,0.0178,0.2556,0.7267,positive,0.7267
Google Play,9830bc85-1479-4e3a-b896-ae082d3b238a,2026-08-26 22:22:09,3,Music would stop at random times and just go blank,Qudesiyah Latief,,music would stop at random times and just go blank,10,2026-08-26,2026-08-24,0.5859,0.3875,0.0267,negative,0.5859
Google Play,e9ea71d1-8ce1-4a3e-872f-71a7da86f7bc,2026-08-26 22:15:10,5,it's awesome and great!😆👍,Rahim Ajam,,it's awesome and great,4,2026-08-26,2026-08-24,0.0038,0.0078,0.9883,positive,0.9883
Google Play,fb0c47fe-8bf1-45f6-9167-39a864b2020a,2026-08-26 22:13:46,5,i love this app and i have great music,Ann Jennex-Roberts,9.1.76.2055,i love this app and i have great music,9,2026-08-26,2026-08-24,0.0038,0.0077,0.9885,positive,0.9885
Google Play,52afd619-c9aa-41d5-9039-96dc8ee6d9a1,2026-08-26 22:13:23,1,app keeps crashing,Annie D,9.1.76.2055,app keeps crashing,3,2026-08-26,2026-08-24,0.7886,0.1771,0.0343,negative,0.7886
Google Play,96e851d4-a924-4fb2-8078-edd0ad3d6387,2026-08-26 22:02:03,5,ads boring for not taking premium other wise10/10,Swastika Saha,,ads boring for not taking premium other wise10 10,9,2026-08-26,2026-08-24,0.8652,0.1237,0.0111,negative,0.8652
Google Play,562b7e86-2645-4c50-b30c-ae3a5a183766,2026-08-26 21:58:59,1,"won't open when I need it too, freezes 😭",Mya Yazzie,9.1.76.2055,won't open when i need it too freezes,8,2026-08-26,2026-08-24,0.9017,0.0907,0.0076,negative,0.9017
Google Play,0885bc69-48dd-4c12-9dd1-81bdce5cb0e4,2026-08-25 23:59:05,2,update has caused issues with Android Auto. I have premium.,Javi,9.1.76.2055,update has caused issues with android auto i have premium,10,2026-08-25,2026-08-24,0.7466,0.2385,0.0149,negative,0.7466
Google Play,34472026-a278-44eb-9541-06d0d12740f0,2026-08-25 23:57:09,1,crashing recklessly and not always active,Ebuka Francis,9.1.76.2055,crashing recklessly and not always active,6,2026-08-25,2026-08-24,0.7914,0.193,0.0156,negative,0.7914
Google Play,ed1f0d81-01c0-4320-b441-fde0808f842e,2026-08-25 23:54:25,1,"I cannot leasing or watching any podcast because it crash over and over every try to play it, impossible use the lastest version please dev put more attention to stability, unusable app",Xavier C. Llano,9.1.76.2055,i cannot leasing or watching any podcast because it crash over and over every try to play it impossible use the lastest version please dev put more attention to stability unusable app,32,2026-08-25,2026-08-24,0.9261,0.0634,0.0105,negative,0.9261
Google Play,1b1c0a34-35fd-45d2-8738-a8cadbb72905,2026-08-25 23:53:01,1,New update causes glitches and screen hangs when scrolling now. It's also hot garbage. If something is fine you don't have to shove a bunch more junk in it. Why do podcasts now have captions I can't turn off? I just want to go back to the Spotify version from two years ago. It was literally a better version.,Travis Wheeler,9.1.72.1891,new update causes glitches and screen hangs when scrolling now it's also hot garbage if something is fine you don't have to shove a bunch more junk in it why do podcasts now have captions i can't turn off i just want to go back to the spotify version from two years ago it was literally a better version,59,2026-08-25,2026-08-24,0.4739,0.0797,0.4464,negative,0.4739
Google Play,2a151ad4-b188-4fb7-b111-1041f26168b0,2026-08-25 23:48:13,1,I installed this app because they wouldn't let me edit my playlists without it. I still couldn't edit my playlists with it because it wouldn't sync. I can't listen to the music I choose. It opens and plays songs randomly even with background usage turned off.,evrlastinq,9.1.76.2055,i installed this app because they wouldn't let me edit my playlists without it i still couldn't edit my playlists with it because it wouldn't sync i can't listen to the music i choose it opens and plays songs randomly even with background usage turned off,46,2026-08-25,2026-08-24,0.8985,0.0958,0.0057,negative,0.8985
Google Play,6f3815f4-526e-4950-ae86-4786e91c30f3,2026-08-25 23:44:44,5,has my favorite songs,TSHEPISO SINVULA,9.1.68.1888,has my favorite songs,4,2026-08-25,2026-08-24,0.0042,0.0383,0.9575,positive,0.9575
Google Play,82ae903a-5061-476c-b2b0-e4d6edee6f76,2026-08-25 23:43:36,5,amezing experience 🥰,Vrushil Kalsariya,9.1.4.1171,amezing experience,2,2026-08-25,2026-08-24,0.0037,0.0181,0.9782,positive,0.9782
Google Play,04d279a5-6c1c-42a3-9407-37cd2106146f,2026-08-25 23:41:03,2,most of the time it gives me recommend songs date I don't even have ever listened and every 4 days it stops working I have to uninstall and reinstall it,Michael Vorster,9.1.76.2055,most of the time it gives me recommend songs date i don't even have ever listened and every 4 days it stops working i have to uninstall and reinstall it,30,2026-08-25,2026-08-24,0.8709,0.1201,0.009,negative,0.8709
Google Play,de902cb8-caeb-42fb-ac87-bd8d2a73e693,2026-08-25 23:39:47,5,good aap👍,Anant Yadav,9.1.72.1891,good aap,2,2026-08-25,2026-08-24,0.0104,0.0483,0.9413,positive,0.9413
Google Play,4dedd94b-67fc-4da0-8733-2e905d3aa5e7,2026-08-25 23:39:46,1,"useless app, basic authentication with OTP not working, use YouTube instead",Smruti snigdha Dash,9.1.68.1888,useless app basic authentication with otp not working use youtube instead,11,2026-08-25,2026-08-24,0.9505,0.0444,0.0052,negative,0.9505
Google Play,c6082ca8-2164-4547-ae90-86d30294f6ff,2026-08-25 23:33:55,5,amazing music app,Felix Wix developer,,amazing music app,3,2026-08-25,2026-08-24,0.0061,0.019,0.9748,positive,0.9748
Google Play,5a3820bb-3d68-4d18-9ea8-229d5d448af4,2026-08-25 23:28:46,5,"as someone who has premium, best $7 i spend a month. I use this app AT LEAST 3 times a day.",hallie,9.1.76.2055,as someone who has premium best 7 i spend a month i use this app at least 3 times a day,21,2026-08-25,2026-08-24,0.2249,0.3499,0.4252,positive,0.4252
Google Play,29c66106-9b33-4711-8a61-211a86775a93,2026-08-25 23:23:03,5,You brought my childhood back to life.,Josh Mendiola,9.1.76.2055,you brought my childhood back to life,7,2026-08-25,2026-08-24,0.0033,0.0264,0.9703,positive,0.9703
Google Play,eaa3e051-a15a-4f33-aa9b-bb9e780bfcd1,2026-08-25 23:20:16,5,great app ig,Legacydk,9.1.76.2055,great app ig,3,2026-08-25,2026-08-24,0.006,0.0221,0.9719,positive,0.9719
Google Play,a7844b2a-da62-486b-a4c0-1a3e97ab25a4,2026-08-25 23:14:06,5,"this app is really awesome it even have olden days songs, PHONK songs and even theme songs but the premium and auto shuffle is a big problem",Marvelous Jimmy,9.1.76.2055,this app is really awesome it even have olden days songs phonk songs and even theme songs but the premium and auto shuffle is a big problem,27,2026-08-25,2026-08-24,0.0401,0.0866,0.8733,positive,0.8733
Google Play,117066fa-f87b-4ab5-831d-d1950e772f6b,2026-08-25 23:10:17,1,"if u are abt to install spotify, u must get premium cuz if u don't it will treat u like trash...",vicky rana,9.1.34.2060,if u are abt to install spotify u must get premium cuz if u don't it will treat u like trash,21,2026-08-25,2026-08-24,0.6671,0.2988,0.034,negative,0.6671
Google Play,d24f8dfe-37cd-4b82-9681-8a6e7f7e00eb,2026-08-25 23:10:14,5,so perfect 😚😚,Tom Hardy,9.1.72.1891,so perfect,2,2026-08-25,2026-08-24,0.0107,0.0164,0.9729,positive,0.9729
Google Play,e67767a1-a555-42b3-8efd-07240c0c9c09,2026-08-25 23:02:26,5,it's exceptional I love it but the payment system to become a premium user should have more options,Fira,9.1.72.1891,it's exceptional i love it but the payment system to become a premium user should have more options,18,2026-08-25,2026-08-24,0.009,0.063,0.928,positive,0.928
Google Play,f3407579-19ae-4ade-9545-5d07dd6335b3,2026-08-25 23:01:19,1,i hate Arabic sponsors,Walaa N.,9.1.76.2055,i hate arabic sponsors,4,2026-08-25,2026-08-24,0.9193,0.0704,0.0103,negative,0.9193
Google Play,4cb2ce84-f7f2-458d-bf4c-c4752e2a8410,2026-08-25 22:58:07,5,"""I love this app! It's great for making playlists filled with my favourite bands and classic tracks. Listening to old songs always makes me happy because my mother used to hum them.""",Raghu Bagha,9.1.16.1450,i love this app it's great for making playlists filled with my favourite bands and classic tracks listening to old songs always makes me happy because my mother used to hum them,32,2026-08-25,2026-08-24,0.0028,0.0108,0.9864,positive,0.9864
Google Play,05a67d45-9632-49f4-8a87-046bd2fd3169,2026-08-25 22:56:51,5,Best collection,SUJATA KAWADE,9.1.72.1891,best collection,2,2026-08-25,2026-08-24,0.0085,0.0549,0.9365,positive,0.9365
Google Play,4eb0cbe9-1884-48cb-808b-e9d9ee1a97ca,2026-08-25 22:56:29,1,worst app ever. Now you can't even play your choice after listening to so many ads. uninstalled,Ramendra Sinha,9.0.86.1358,worst app ever now you can't even play your choice after listening to so many ads uninstalled,17,2026-08-25,2026-08-24,0.9508,0.0442,0.005,negative,0.9508
Google Play,383b26aa-e9a3-413f-9c29-62038bc7d9ca,2026-08-25 22:54:49,1,"it's just unusable, to slow to do anything, I hope to change to another music app soon.",Arturo Viloria,9.1.76.2055,it's just unusable to slow to do anything i hope to change to another music app soon,17,2026-08-25,2026-08-24,0.9448,0.0484,0.0068,negative,0.9448
Google Play,2211b357-7a2e-40fd-8770-d71de7a9966b,2026-08-25 22:50:02,5,this is a good app,Mbongeleni Raphael,9.1.76.2055,this is a good app,5,2026-08-25,2026-08-24,0.0045,0.0242,0.9713,positive,0.9713
Google Play,0e4d993a-d579-42ea-8fed-95dfae8cfc72,2026-08-25 22:47:29,4,quite awesone but not the that level am expecting,Silas Odongo,9.1.76.2055,quite awesone but not the that level am expecting,9,2026-08-25,2026-08-24,0.2451,0.5276,0.2273,neutral,0.5276
Google Play,e9d6621b-f40d-499a-92e3-7474ea24699a,2026-08-25 22:46:43,5,The app hold all the verity of music lover,Abeera,9.1.76.2055,the app hold all the verity of music lover,9,2026-08-25,2026-08-24,0.0178,0.4651,0.5171,positive,0.5171
Google Play,63c0c39c-0f9b-490c-8525-2498fc9bb654,2026-08-25 22:46:19,3,"I use a stop almost Every Day for my music. But after one of the recent updates with the transitions, it has been messing up my flow. I turn them off in both my settings and my playlist and it's still doing it, customer support has been contacted, but vote for some reason.Thecustomer support has been contacted but for some reason my account is coming up as free instead of paid for, so it feels like I'm getting less attention since it apers I'm not paying for premium.",Tiney Tara,9.1.76.2055,i use a stop almost every day for my music but after one of the recent updates with the transitions it has been messing up my flow i turn them off in both my settings and my playlist and it's still doing it customer support has been contacted but vote for some reason thecustomer support has been contacted but for some reason my account is coming up as free instead of paid for so it feels like i'm getting less attention since it apers i'm not paying for premium,89,2026-08-25,2026-08-24,0.7292333333333333,0.2576333333333333,0.0131,negative,0.7292
Google Play,954a3bea-9f49-472b-b57b-fa37fe72cdfe,2026-08-25 22:45:55,5,may u plz let new comers be let to download plz,Margaret Monare,9.1.68.1888,may u plz let new comers be let to download plz,11,2026-08-25,2026-08-24,0.0207,0.559,0.4203,neutral,0.559
Google Play,0bc4ea20-4fa3-4efc-ad5f-582edea81c95,2026-08-25 22:44:15,3,Premium is big problem 😭,Sliman Abd,9.1.76.2055,premium is big problem,4,2026-08-25,2026-08-24,0.824,0.1609,0.0151,negative,0.824
Google Play,516f7957-76c7-4c2c-b287-fe9416ccb605,2026-08-25 22:42:35,1,ye app song change karne ke liye bhi primium mangta hai ek dham bakvash app hai ye me isko -5 star rating deta hu,SHIVPAL THAKUR,9.1.76.2055,ye app song change karne ke liye bhi primium mangta hai ek dham bakvash app hai ye me isko 5 star rating deta hu,24,2026-08-25,2026-08-24,0.2598,0.7036,0.0365,neutral,0.7036
Google Play,f69717f9-99f4-461f-a0b9-e998f712701d,2026-08-25 22:40:25,3,"good app ""if! on premium""",Habeebullah,,good app if on premium,5,2026-08-25,2026-08-24,0.0028,0.0386,0.9587,positive,0.9587
Google Play,3844826e-2fec-4e58-90d7-f0874ea85ade,2026-08-25 22:40:11,5,Total Vibe,Victoria Redbird,9.0.86.1358,total vibe,2,2026-08-25,2026-08-24,0.0372,0.3633,0.5995,positive,0.5995
Google Play,6ea7437e-65ea-4ddc-ba52-15df73838ee5,2026-08-25 22:39:54,5,Spotify is one of the best in music this app any kind of music you want you got here any I give this app 90/100%,Thobile,9.1.76.2055,spotify is one of the best in music this app any kind of music you want you got here any i give this app 90 100,26,2026-08-25,2026-08-24,0.0055,0.0126,0.9819,positive,0.9819
Google Play,fd7e2dd4-ac4e-41b2-8a5f-ab836a0e7e19,2026-08-25 22:39:10,1,"you've gone 2 far with the Ads, we pay for the account and its constant !! possibly off to YouTube if you keep the ads after every 3rd song !! Yep !! YouTube music has less ads even on a free account !! changed 4ever.",David King,9.1.76.2055,you've gone 2 far with the ads we pay for the account and its constant possibly off to youtube if you keep the ads after every 3rd song yep youtube music has less ads even on a free account changed 4ever,41,2026-08-25,2026-08-24,0.7356,0.2264,0.038,negative,0.7356
Google Play,9f82b52a-f51d-4534-a3a6-165f7bddbb6f,2026-08-25 22:38:23,3,Please don't auto make original version songs change to another language song... both of them are different time releases..... please fix the bug,Jing Tong,9.1.72.1891,please don't auto make original version songs change to another language song both of them are different time releases please fix the bug,23,2026-08-25,2026-08-24,0.7236,0.2624,0.014,negative,0.7236
Google Play,6e625df4-db08-4bd8-a6aa-20292fef5bda,2026-08-25 22:37:57,4,of you can not limit for premium plsss,Jagdish Pahwa,9.1.76.2055,of you can not limit for premium plsss,8,2026-08-25,2026-08-24,0.278,0.6579,0.0641,neutral,0.6579
Google Play,40d7b3bc-5eb1-4a8f-b61b-0640e60f18cd,2026-08-25 22:37:13,5,"Left several other apps for Spotify, they have everything amd the largest library of pods, music and genres.",Lightning,9.1.76.2055,left several other apps for spotify they have everything amd the largest library of pods music and genres,18,2026-08-25,2026-08-24,0.0162,0.2969,0.6869,positive,0.6869
Google Play,919a5774-60c1-43c0-9af5-d757c46d4aa5,2026-08-25 22:36:50,1,"without premium the app is really bad, I can't keep 1 song in loop, I cant take the shufful off and worst of all is the adds, every 2 songs you get 1-3 adds inbetween.",Aleena Alam123,9.1.76.2055,without premium the app is really bad i can't keep 1 song in loop i cant take the shufful off and worst of all is the adds every 2 songs you get 1 3 adds inbetween,36,2026-08-25,2026-08-24,0.9238,0.0698,0.0064,negative,0.9238
Google Play,d90fc85a-9a84-4764-91fb-7fe868909dc6,2026-08-25 22:34:10,1,Unnecessary ads to force you to pay for premium. Unable to select songs and it's plays the song which is said not to be played for 30 days. At this point Spotify is becoming more annoying,Kausthub,9.1.76.2055,unnecessary ads to force you to pay for premium unable to select songs and it's plays the song which is said not to be played for 30 days at this point spotify is becoming more annoying,36,2026-08-25,2026-08-24,0.91,0.0838,0.0061,negative,0.91
Google Play,08087138-3d07-4aa0-ae4b-47fa7255df1b,2026-08-25 22:30:00,3,some podcasts causing the app to crash,Colin McCormack,9.1.76.2055,some podcasts causing the app to crash,7,2026-08-25,2026-08-24,0.8147,0.1718,0.0135,negative,0.8147
Google Play,2d3d4116-7f2f-4c6c-ac6c-b8191ae7104d,2026-08-25 22:25:48,1,ads problem,Sekhar Bhusi,9.1.76.2055,ads problem,2,2026-08-25,2026-08-24,0.3914,0.531,0.0777,neutral,0.531
Google Play,9fdb37b2-e6d0-4ad0-956a-ee09bb769224,2026-08-25 22:22:43,4,"Has lots of song and music selection, laggy on old watches",Alx,,has lots of song and music selection laggy on old watches,11,2026-08-25,2026-08-24,0.3252,0.5495,0.1253,neutral,0.5495
Google Play,e489b34b-0f19-4a86-822a-debf977897d9,2026-08-25 22:20:22,5,very best,Narendar Singh,9.1.76.2055,very best,2,2026-08-25,2026-08-24,0.0135,0.0841,0.9024,positive,0.9024
Google Play,a42ad10a-287b-46e4-8662-862096da1396,2026-08-25 22:19:12,5,very good experience,Santosh,9.1.72.1891,very good experience,3,2026-08-25,2026-08-24,0.0089,0.0288,0.9624,positive,0.9624
Google Play,7023bf0e-ac5d-4169-ad78-9984aa45ea62,2026-08-25 22:18:35,1,"Ads keep coming again and again in between the song, that too 3 ads, I listen to more than one ad in the song, it was fine earlier and then there is a successful problem also, the song keeps changing again and again, any song comes in between and the song which I want to listen does not play, I have to take premium, the app is getting worse day by day, improve it.",Dharmraj Dhanka,9.1.76.2055,ads keep coming again and again in between the song that too 3 ads i listen to more than one ad in the song it was fine earlier and then there is a successful problem also the song keeps changing again and again any song comes in between and the song which i want to listen does not play i have to take premium the app is getting worse day by day improve it,74,2026-08-25,2026-08-24,0.8625,0.12655,0.011,negative,0.8625
Google Play,c89f1414-70e1-40ce-987d-dcc9a8c21da9,2026-08-25 22:17:01,1,"me estresa tanto la ia q utilizan para colocar musica, me cambia el ritmo cada canción y aparte la de no sirve",alejandro Usuga S.,9.1.76.2055,me estresa tanto la ia q utilizan para colocar musica me cambia el ritmo cada canci n y aparte la de no sirve,23,2026-08-25,2026-08-24,0.0914,0.799,0.1096,neutral,0.799
Google Play,5b7fcddb-cea6-4036-8a23-93d1178109ca,2026-08-24 23:59:22,5,really good suggestions of song....,Deepak Prajapati,9.1.72.1891,really good suggestions of song,5,2026-08-24,2026-08-24,0.0034,0.0219,0.9747,positive,0.9747
Google Play,a2893862-dd26-4f2a-85e3-1215098f9ee3,2026-08-24 23:57:05,5,the best music player ever 😎,Khadidja Hoceine,9.1.76.2055,the best music player ever,5,2026-08-24,2026-08-24,0.0037,0.0195,0.9769,positive,0.9769
Google Play,b1eef599-5eac-4068-ad46-ece5c981b93b,2026-08-24 23:54:33,1,Bhai song se Jada ad hi aate hai,Milan,,bhai song se jada ad hi aate hai,8,2026-08-24,2026-08-24,0.1195,0.8223,0.0583,neutral,0.8223
Google Play,4a18e2d2-5dfa-43f8-8269-9cdf9fb7bc01,2026-08-24 23:51:48,1,stop changing my settings,Randy Panter,,stop changing my settings,4,2026-08-24,2026-08-24,0.8249,0.165,0.0101,negative,0.8249
Google Play,d1f793a6-a024-443c-87ac-048cfd35be1c,2026-08-24 23:51:27,2,"I pay for Spotify every month. Still hear ads, yes I can get my phone out and skip them manually but I pay for no ads. I shouldn't have to manually skip when listening to anything other than music. I'm sick of ads being shoved down my throat. DO BETTER SPOTIFY. Started a free trail on YouTube. If the program goes away on that platform Spotify will be canceled.",Stevie Ottosen,9.1.76.2055,i pay for spotify every month still hear ads yes i can get my phone out and skip them manually but i pay for no ads i shouldn't have to manually skip when listening to anything other than music i'm sick of ads being shoved down my throat do better spotify started a free trail on youtube if the program goes away on that platform spotify will be canceled,69,2026-08-24,2026-08-24,0.6761,0.30125,0.02265,negative,0.6761
Google Play,2149046b-276f-411e-8beb-10bc0f4ed205,2026-08-24 23:43:56,1,rubbish app doesn't allow to do anything without paying and making ads on how interrupting ads are is next level bs,Metip,9.1.76.2055,rubbish app doesn't allow to do anything without paying and making ads on how interrupting ads are is next level bs,21,2026-08-24,2026-08-24,0.9346,0.0594,0.0059,negative,0.9346
Google Play,446aa2d0-d69f-4f51-aaac-8bf38938254b,2026-08-24 23:39:02,4,music and podcasts are there can usually find the artists i want. wish they divested in weapons manufacturing though so my favorite artist would return to the platform.,Brian “Ratmand0” Gman,9.1.76.2055,music and podcasts are there can usually find the artists i want wish they divested in weapons manufacturing though so my favorite artist would return to the platform,28,2026-08-24,2026-08-24,0.0119,0.2128,0.7753,positive,0.7753
Google Play,4592d73c-c0f2-4ea5-a898-0d64cb2033ec,2026-08-24 23:37:12,5,beats the breaks off of YouTube music. wish more artist would put their music on here though.,Matt Marshall,9.1.76.2055,beats the breaks off of youtube music wish more artist would put their music on here though,17,2026-08-24,2026-08-24,0.0526,0.5875,0.36,neutral,0.5875
Google Play,92266e2a-76ef-468d-99ae-9ca331803675,2026-08-24 23:33:53,4,imi place foarte mult aplicatia e ok dar din cand in cand nu Mai se Mai incarc (adica nu Mai vad unele muzici),razvan,9.1.76.2055,imi place foarte mult aplicatia e ok dar din cand in cand nu mai se mai incarc adica nu mai vad unele muzici,23,2026-08-24,2026-08-24,0.0179,0.9184,0.0637,neutral,0.9184
Google Play,858fac18-437e-4473-9eac-efaaf851cd00,2026-08-24 23:29:46,1,"way too many ads, inconsistent numbers of skips, and selection is not even remotely close to random like it is supposed to be.",Tyler Packer,9.1.76.2055,way too many ads inconsistent numbers of skips and selection is not even remotely close to random like it is supposed to be,23,2026-08-24,2026-08-24,0.894,0.0984,0.0076,negative,0.894
Google Play,7eb08895-8089-41e6-9e4f-6046491495cf,2026-08-24 23:24:55,5,"This app is great for music lovers, and with premium, you can play ▶️ some tunes without data 😁",Motse Mosco,9.1.76.2055,this app is great for music lovers and with premium you can play some tunes without data,17,2026-08-24,2026-08-24,0.0013,0.0172,0.9815,positive,0.9815
Google Play,7d67e629-de6a-4fc0-be82-36e432b378e8,2026-08-24 23:24:39,5,this app is fire 🔥👌😍,Ashutosh Nayak,,this app is fire,4,2026-08-24,2026-08-24,0.0051,0.0133,0.9816,positive,0.9816
Google Play,f174947e-ddc8-4f28-8f46-a03287ba25f2,2026-08-24 23:23:09,4,"very good experience, just can do good in the lyrics part...",Viraj Habbu,9.1.76.2055,very good experience just can do good in the lyrics part,11,2026-08-24,2026-08-24,0.0037,0.0159,0.9804,positive,0.9804
Google Play,466854b1-f94f-4a76-b3b0-8da083b1bd47,2026-08-24 23:21:00,5,"Best music streaming App, highly recommend.",Trés Belle,,best music streaming app highly recommend,6,2026-08-24,2026-08-24,0.0034,0.0119,0.9847,positive,0.9847
Google Play,6fcbca47-c339-46ac-836a-2f1ff20072f2,2026-08-24 23:19:16,4,I enjoy using this app I can play all the music that I like to listen to 👌,Georgina Nyananyo,9.1.76.2055,i enjoy using this app i can play all the music that i like to listen to,17,2026-08-24,2026-08-24,0.0018,0.0134,0.9848,positive,0.9848
Google Play,24bce2ee-471b-47c9-a737-2fd25acbd590,2026-08-24 23:14:42,5,very goooooooood music I feel into that,susan shibu,9.1.76.2055,very goooooooood music i feel into that,7,2026-08-24,2026-08-24,0.0043,0.0156,0.9801,positive,0.9801
Google Play,cdbfcca6-d052-44fd-bd26-bd5fdef6bc6a,2026-08-24 23:08:14,5,very good but long ads but very recommended,Ayabukwa Nkosana,9.1.76.2055,very good but long ads but very recommended,8,2026-08-24,2026-08-24,0.007,0.0237,0.9693,positive,0.9693
Google Play,4f9d36e1-d3d3-45c9-8303-d3d32a1d5917,2026-08-24 23:07:16,5,it really fun you get to watch favourite shows or you favourate song get nowwww,Archie Gritt,9.1.72.1891,it really fun you get to watch favourite shows or you favourate song get nowwww,15,2026-08-24,2026-08-24,0.0032,0.015,0.9819,positive,0.9819
Google Play,189f2ba9-2a0a-460a-bdf5-ea5a8f4ad7dc,2026-08-24 23:06:47,5,all the chris brown i want. love it,Da Dred,9.1.76.2055,all the chris brown i want love it,8,2026-08-24,2026-08-24,0.0045,0.0335,0.9621,positive,0.9621
Google Play,f20a7ff1-7fe8-4605-8f16-9b299dca75fb,2026-08-24 23:06:16,5,damn crazy dude,Janhvi Chetiwal,9.1.76.2055,damn crazy dude,3,2026-08-24,2026-08-24,0.7297,0.2173,0.053,negative,0.7297
Google Play,a1dff41f-eb6d-488d-bf4f-5e675c362561,2026-08-24 23:05:08,3,removed 2 for ads,Hardik Sharma,9.1.76.2055,removed 2 for ads,4,2026-08-24,2026-08-24,0.0832,0.8451,0.0718,neutral,0.8451
Google Play,1f35e465-1488-4e38-8b23-674ec1d81ded,2026-08-24 23:02:17,5,This is the best music app I have ever seen 10/10 ❤️❤️❤️ love it .,Jeet Sarkar,,this is the best music app i have ever seen 10 10 love it,14,2026-08-24,2026-08-24,0.0045,0.0067,0.9888,positive,0.9888
Google Play,4a2d8547-09c4-4235-a5ca-f26a5dfb0986,2026-08-24 23:00:50,1,There is not a bit control in this app.,RANJAN KUMAR RABHA,9.1.72.1891,there is not a bit control in this app,9,2026-08-24,2026-08-24,0.7966,0.1843,0.0192,negative,0.7966
Google Play,24640db4-62ca-470e-b8db-69ad1005daa3,2026-08-24 22:59:53,5,"for a music lover, this is great, listen to so much, discover so much. and it doesn't stop you from buying CD's or albums.",VulcanFaux,9.1.76.2055,for a music lover this is great listen to so much discover so much and it doesn't stop you from buying cd's or albums,24,2026-08-24,2026-08-24,0.0047,0.0263,0.9691,positive,0.9691
Google Play,be1b5403-57fa-4005-ac3f-4aa08fb37cfe,2026-08-24 22:56:48,5,well worth the price and you get to send 3 months free to a friend,Christopher Dirham,9.1.72.1891,well worth the price and you get to send 3 months free to a friend,15,2026-08-24,2026-08-24,0.0047,0.1077,0.8876,positive,0.8876
Google Play,ad613f18-a8cd-44d5-94e3-18e0c03e4bf1,2026-08-24 22:56:20,5,I love this app so much this is one of dey best music app,George Edem,9.1.76.2055,i love this app so much this is one of dey best music app,14,2026-08-24,2026-08-24,0.0044,0.0072,0.9884,positive,0.9884
Google Play,0f5b1246-0c47-4586-8294-9c2d15a435b0,2026-08-24 22:55:41,2,it's good but only sometimes because whenever i get in the app I HOPE it actually works because most of the times it's just pure black screen even when I retry again and again I even waited for 5 minutes and it was still a pure black screen I also updated it recently and I only could use the app one time then it turned all black again I really hope you could fix this Spotify I used to LOVE your app,Hanasa Hatam,9.1.76.2055,it's good but only sometimes because whenever i get in the app i hope it actually works because most of the times it's just pure black screen even when i retry again and again i even waited for 5 minutes and it was still a pure black screen i also updated it recently and i only could use the app one time then it turned all black again i really hope you could fix this spotify i used to love your app,82,2026-08-24,2026-08-24,0.5606,0.24345,0.19595,negative,0.5606
Google Play,f46b8b4f-58e7-4fe4-b5bb-a02906919deb,2026-08-24 22:53:40,5,broad range,Graduate Gamer,,broad range,2,2026-08-24,2026-08-24,0.0438,0.7478,0.2084,neutral,0.7478
Google Play,d04f7164-d40d-4c4d-b689-295f1a9e289f,2026-08-24 22:53:05,5,Only complaint is they don't pay the artists enough 🤷‍♂️👎,Jesse,9.1.76.2055,only complaint is they don't pay the artists enough,9,2026-08-24,2026-08-24,0.895,0.0984,0.0066,negative,0.895
Google Play,d8a99057-c857-478a-b6cb-66d385dd399e,2026-08-24 22:49:27,1,Needs major improvements the DJ feature Is terrible goes out sync after spending hours of building a mix making sure all the keys and bpm were checked. also it's to cluttered up now. Sound quality isn't good even when using the right headphones and DACs. Switched over to Tidal and Apple music just for the sound quality best move I've made.,Francisco Ortiz,9.1.72.1891,needs major improvements the dj feature is terrible goes out sync after spending hours of building a mix making sure all the keys and bpm were checked also it's to cluttered up now sound quality isn't good even when using the right headphones and dacs switched over to tidal and apple music just for the sound quality best move i've made,61,2026-08-24,2026-08-24,0.4479,0.09055,0.46155,positive,0.4616
Google Play,39bc3b77-9c64-4178-b8ab-f528ca1bf40c,2026-08-24 22:48:56,4,the app is hard to close when not in use.,m g,9.1.76.2055,the app is hard to close when not in use,10,2026-08-24,2026-08-24,0.759,0.2257,0.0153,negative,0.759
Google Play,f7f56b9a-58cc-481f-a525-ebbf8809b47b,2026-08-24 22:48:01,5,lit enhance subscription so that everyone can afford,Gilbert Kipkirui,9.1.76.2055,lit enhance subscription so that everyone can afford,8,2026-08-24,2026-08-24,0.0279,0.5034,0.4686,neutral,0.5034
Google Play,13ba2537-a875-46c2-ab93-f61e713b6259,2026-08-24 22:46:18,1,fix your application it kills my battery it consumes about 30% even when my phone screen is off,Stephen R,9.1.76.2055,fix your application it kills my battery it consumes about 30 even when my phone screen is off,18,2026-08-24,2026-08-24,0.9375,0.0563,0.0063,negative,0.9375
Google Play,3dec7f0e-a2bd-4542-9261-caf13d414f66,2026-08-24 22:45:56,1,the app doesn't let me listen music and is let me to premium,Roblox core Firex,,the app doesn't let me listen music and is let me to premium,13,2026-08-24,2026-08-24,0.8169,0.1736,0.0094,negative,0.8169
Google Play,1fc8b08f-7d6a-472f-b317-8ceb28d00f22,2026-08-24 22:44:11,5,Duo Premium .... No ads at all!,Amanda Hoffmann,9.1.76.2055,duo premium no ads at all,6,2026-08-24,2026-08-24,0.0047,0.1015,0.8938,positive,0.8938
Google Play,16bd17dc-a2e1-4351-b7d8-f5eea70b1789,2026-08-24 22:43:09,5,Good vibes every time,Stetson Hazel,9.1.76.2055,good vibes every time,4,2026-08-24,2026-08-24,0.0043,0.0181,0.9776,positive,0.9776
Google Play,053bab94-6964-49a4-a57c-c1e39052fc87,2026-08-24 22:41:04,5,song are good,Amit Dabla,9.1.76.2055,song are good,3,2026-08-24,2026-08-24,0.009,0.104,0.887,positive,0.887
Google Play,9f4ec437-f274-421d-b004-ae5add9dd319,2026-08-24 22:37:25,5,really good recommendations,Dave,9.1.76.2055,really good recommendations,3,2026-08-24,2026-08-24,0.0089,0.0464,0.9447,positive,0.9447
Google Play,90978c4b-8d0b-4ddb-b8bc-3edc0fbdaf4e,2026-08-24 22:36:15,4,I have used Spotify for years and it never disappoints! I love that YOU decide what you're listening to... not an app or program doing it for you. but I just renewed my subscription... paid the higher rate with no questions asked... now my app won't load. it said if I uninstall it it's going to cancel my subscription which I just paid for 2 days ago.,Trisha Shockley,9.1.76.2055,i have used spotify for years and it never disappoints i love that you decide what you're listening to not an app or program doing it for you but i just renewed my subscription paid the higher rate with no questions asked now my app won't load it said if i uninstall it it's going to cancel my subscription which i just paid for 2 days ago,67,2026-08-24,2026-08-24,0.4679,0.08545,0.4466,negative,0.4679
Google Play,771fd50b-6746-43b0-9f59-1f0fdfa8cac9,2026-08-24 22:35:14,1,it was great and now its not like I cant even have control over my Playlist like this has gone bad,di an chew,9.1.64.1676,it was great and now its not like i cant even have control over my playlist like this has gone bad,21,2026-08-24,2026-08-24,0.2736,0.2594,0.467,positive,0.467
Google Play,997fdca0-4294-46f6-a14c-73ddadabe375,2026-08-24 22:32:49,4,"this music app is very good algorithm for music, need to reduce ads",Faizan AMF,9.1.72.1891,this music app is very good algorithm for music need to reduce ads,13,2026-08-24,2026-08-24,0.0124,0.0857,0.9019,positive,0.9019
Google Play,58c5e7af-b296-44ac-8977-02b2faefd975,2026-08-24 22:28:06,5,best app guyzzzzz 🤙,Ajay Sing,9.1.76.2055,best app guyzzzzz,3,2026-08-24,2026-08-24,0.0045,0.0171,0.9784,positive,0.9784
Google Play,7268f410-b90c-4e89-99fc-bc5bc446f803,2026-08-24 22:27:30,5,I use it everyday,Sandi Miller,9.1.76.2055,i use it everyday,4,2026-08-24,2026-08-24,0.0112,0.5609,0.4279,neutral,0.5609
Google Play,6bffb4af-62f3-4dab-820f-8f2ec498bb56,2026-08-24 22:27:06,5,one of the most amazing apps,maryann oguta,9.1.76.2055,one of the most amazing apps,6,2026-08-24,2026-08-24,0.0078,0.0183,0.9739,positive,0.9739
Google Play,05af5835-fe94-464c-8a97-731eb405b1fd,2026-08-24 22:25:00,5,"Excellent .. i enjoy it very much, love it",Awie Tan,9.1.76.2055,excellent i enjoy it very much love it,8,2026-08-24,2026-08-24,0.0046,0.0084,0.9871,positive,0.9871
Google Play,ff52bfb2-0c97-4944-84c1-217c8d68a05f,2026-08-24 22:18:42,2,"Poor, my biggest problem is the shuffle I have over 2000 songs, I should not be hearing the same song twice in the same WEEK. don't play to my interests, don't check my most played lists. when I hit shuffle? I WANT SHUFFLE. there is nothing I can do to stop it playing the same queue over and over??? completely infuriating",Clay Möre,9.1.76.2055,poor my biggest problem is the shuffle i have over 2000 songs i should not be hearing the same song twice in the same week don't play to my interests don't check my most played lists when i hit shuffle i want shuffle there is nothing i can do to stop it playing the same queue over and over completely infuriating,61,2026-08-24,2026-08-24,0.9129499999999999,0.07655,0.010499999999999999,negative,0.913
Google Play,5b72f4f3-2257-4291-9f6d-23c4ab16750c,2026-08-24 22:18:31,5,i love this app because i use to love music too,Jennifer Felias,9.1.72.1891,i love this app because i use to love music too,11,2026-08-24,2026-08-24,0.0053,0.024,0.9708,positive,0.9708
Google Play,a2e5f692-34bd-44c6-ab68-fccb41dbc10d,2026-08-24 22:17:53,3,little improvement for a price that increase every year...,julien bille,9.1.76.2055,little improvement for a price that increase every year,9,2026-08-24,2026-08-24,0.6449,0.3225,0.0326,negative,0.6449
Google Play,97c197ff-f419-4e38-8c44-200d2b9afef3,2026-08-23 23:59:57,4,its amazing no words for express my great experience.,Hitesh Gurjar,9.1.76.2055,its amazing no words for express my great experience,9,2026-08-23,2026-08-17,0.0085,0.0131,0.9783,positive,0.9783
Google Play,ec2b26f8-f34c-424e-b88b-71898565234a,2026-08-23 23:58:58,5,great selection,Chris Zeigler,9.1.76.2055,great selection,2,2026-08-23,2026-08-17,0.0152,0.0621,0.9228,positive,0.9228
Google Play,35218ea6-e114-4d60-b5c5-352f8c90970c,2026-08-23 23:57:47,5,"This is a good app. I love to use Spotify for the podcasts. Even though I know that a lot of the ones I watch are not owned by the people in the videos, it is still pretty convenient. The music is also amazing for alarms. The ads are annoying, but if you use it to watch podcasts/ videos, you can skip through them. Also, every month or so it asks if you want to buy premium. But still all in all better than any other music platforms. Edit: Have tried other apps, still the best",Mason,9.1.76.2055,this is a good app i love to use spotify for the podcasts even though i know that a lot of the ones i watch are not owned by the people in the videos it is still pretty convenient the music is also amazing for alarms the ads are annoying but if you use it to watch podcasts videos you can skip through them also every month or so it asks if you want to buy premium but still all in all better than any other music platforms edit have tried other apps still the best,96,2026-08-23,2026-08-17,0.03,0.09834999999999999,0.8715999999999999,positive,0.8716
Google Play,ed3f4291-3967-4dc7-87e2-685c04b65701,2026-08-23 23:55:15,5,The app is wonderful,Ekundayo Oluwayomi,,the app is wonderful,4,2026-08-23,2026-08-17,0.007,0.0151,0.9779,positive,0.9779
Google Play,2effc590-8725-4d42-b7eb-0c51d9927842,2026-08-23 23:54:12,5,I'm a fiend for some Spotify,Nicholas Woodall,,i'm a fiend for some spotify,6,2026-08-23,2026-08-17,0.1253,0.3265,0.5482,positive,0.5482
Google Play,39b24618-4942-4954-b181-ba61ca40dd4d,2026-08-23 23:54:07,5,super app and new song offline song free,Pavan Bangady,9.1.72.1891,super app and new song offline song free,8,2026-08-23,2026-08-17,0.0032,0.242,0.7548,positive,0.7548
Google Play,2c9aaff4-ca41-4002-a4ac-0d0a72fc1d76,2026-08-23 23:51:55,1,It has just gotten worse. I didn't mind the advertisement before but now I can't even choose the songs I want to play in the playlist? not only that if I try to over come this thing by skipping songs to get to the song I want to play from the Playlist it gives me only 6 skips per hour? I mean what is this? this is really bad. First I can't even choose what songs I want to play and I have only 6 skips? this is absurd and ridiculous. With 3 long ads? Disappointed at you Spotify.,Birdy,,it has just gotten worse i didn't mind the advertisement before but now i can't even choose the songs i want to play in the playlist not only that if i try to over come this thing by skipping songs to get to the song i want to play from the playlist it gives me only 6 skips per hour i mean what is this this is really bad first i can't even choose what songs i want to play and i have only 6 skips this is absurd and ridiculous with 3 long ads disappointed at you spotify,99,2026-08-23,2026-08-17,0.90215,0.089175,0.008675,negative,0.9022
Google Play,03263d7d-e50e-4d71-8f49-1d61c9908f06,2026-08-23 23:50:20,5,got all my fav songs and the ads aren't that bad,Uzenenkosi Mfusi,9.1.76.2055,got all my fav songs and the ads aren't that bad,11,2026-08-23,2026-08-17,0.0089,0.0547,0.9364,positive,0.9364
Google Play,37c68733-abe7-42e1-a721-d8470353f642,2026-08-23 23:49:51,5,I like the music from this app,Sabavat Kavitha,,i like the music from this app,7,2026-08-23,2026-08-17,0.0051,0.1323,0.8626,positive,0.8626
Google Play,0f5ea4b1-7411-468f-ae8e-331bdb9fb3b3,2026-08-23 23:45:54,5,I want to write one thing only please show lyrics of every song,Dibyangshu Kashyap,9.1.76.2055,i want to write one thing only please show lyrics of every song,13,2026-08-23,2026-08-17,0.1206,0.6956,0.1838,neutral,0.6956
Google Play,6b7a9c71-724c-4d39-ab9b-0626618b6217,2026-08-23 23:45:37,4,suffle is annoying keeps the top 100 in cycle even though my playlists are well above 3k. for the dev response on 23Aug2026 idk how to do a chain reply but i pay for the full app.,Reyoso A,9.1.76.2055,suffle is annoying keeps the top 100 in cycle even though my playlists are well above 3k for the dev response on 23aug2026 idk how to do a chain reply but i pay for the full app,37,2026-08-23,2026-08-17,0.8419,0.144,0.014,negative,0.8419
Google Play,5ba590d6-121d-4884-ba27-bb788d524adf,2026-08-23 23:42:03,5,awesome application,Sheikh81 Amin,9.1.76.2055,awesome application,2,2026-08-23,2026-08-17,0.0107,0.0363,0.953,positive,0.953
Google Play,c94cd4ef-c473-4e56-bdf7-ba82c4fe9293,2026-08-23 23:41:41,4,The best app for music But my problem is I cant afford premium [but one day I will afford it] otherwise the best app,Lotanang,9.1.76.2055,the best app for music but my problem is i cant afford premium but one day i will afford it otherwise the best app,24,2026-08-23,2026-08-17,0.1415,0.2689,0.5896,positive,0.5896
Google Play,90dcc031-62c3-4386-ba1a-ef03b953b2f8,2026-08-23 23:40:15,5,It of the best music app,SHIHAB ARVION,,it of the best music app,6,2026-08-23,2026-08-17,0.0076,0.0389,0.9535,positive,0.9535
Google Play,9c88eb59-59fd-4696-b8af-2c56f934fce0,2026-08-23 23:36:14,5,very organized playlist,Jonez Ohuru,9.1.76.2055,very organized playlist,3,2026-08-23,2026-08-17,0.018,0.4417,0.5402,positive,0.5402
Google Play,6e1ac781-bba5-4a91-a78c-925b039b1cdf,2026-08-23 23:34:36,5,love it but don't love the premiums I hate it please stop making it thanks,Zachary Loubser,,love it but don't love the premiums i hate it please stop making it thanks,15,2026-08-23,2026-08-17,0.8411,0.1323,0.0266,negative,0.8411
Google Play,7e2d8f2c-0ae2-42d7-bdb7-097b78137b1b,2026-08-23 23:33:21,5,Absolutely gorgeous thank you 🥰,Robert,9.1.62.1601,absolutely gorgeous thank you,4,2026-08-23,2026-08-17,0.0082,0.0132,0.9786,positive,0.9786
Google Play,e3f0579a-3158-43c6-bbc2-711a3ca04e0f,2026-08-23 23:30:56,5,absolutely enjoying musi6,Thalenta Buthelezi,9.1.72.1891,absolutely enjoying musi6,3,2026-08-23,2026-08-17,0.0034,0.016,0.9806,positive,0.9806
Google Play,8b340226-97f6-48b3-aaa1-58b905968f94,2026-08-23 23:30:34,4,"very good music app, just wish it showed comments of reviews like youtube music!",Majd,9.1.76.2055,very good music app just wish it showed comments of reviews like youtube music,14,2026-08-23,2026-08-17,0.0052,0.0261,0.9688,positive,0.9688
Google Play,01e44258-f99f-46af-b08d-a236dbca796f,2026-08-23 23:23:40,3,"Good for listening to music, but free version is almost unusable unless using a playlist. Want to play a song you found? Hope you get lucky and you pull the 1/1000 chance of the spotify mix. My brother somehow got the long end of the stick and managed to actually choose his songs. I've tried uninstalling, signing out, everything possible, and same version as him too. Edit: Hi Spotify developers, I did clean reinstall and nothing happened. This is horrible for THE most popular music app.",Simon Chang,9.1.76.2055,good for listening to music but free version is almost unusable unless using a playlist want to play a song you found hope you get lucky and you pull the 1 1000 chance of the spotify mix my brother somehow got the long end of the stick and managed to actually choose his songs i've tried uninstalling signing out everything possible and same version as him too edit hi spotify developers i did clean reinstall and nothing happened this is horrible for the most popular music app,87,2026-08-23,2026-08-17,0.6946,0.24155,0.06385,negative,0.6946
Google Play,86dec589-9918-46b7-9f1c-d15c86245648,2026-08-23 23:23:17,5,it's the best 👍 ever you can to listen to musicwhen ur off the app,Josejrsantiago S,9.1.76.2055,it's the best ever you can to listen to musicwhen ur off the app,14,2026-08-23,2026-08-17,0.0051,0.0153,0.9797,positive,0.9797
Google Play,c15836d4-0eb3-4c08-be62-45b81cbc5701,2026-08-23 23:21:45,5,is Soo good I will recommend this,Yoselin Fernandez,9.1.76.2055,is soo good i will recommend this,7,2026-08-23,2026-08-17,0.0045,0.0104,0.9851,positive,0.9851
Google Play,36853caa-5a14-413c-8fce-e5766094fd48,2026-08-23 23:17:58,2,too many ads that are unnecessary,Hildah Barasa,9.1.76.2055,too many ads that are unnecessary,6,2026-08-23,2026-08-17,0.8757,0.1136,0.0106,negative,0.8757
Google Play,2ffc32a7-f4d7-4368-bf11-b0f36bea9f13,2026-08-23 23:17:35,2,Spotify...i hope you are reading my review. you guys are literally repeating ads after every single song which I am playing right now. I know you want to earn more by seeking more ads but please let the music remain music with its true feel. there is limit for everything.,SURENDRA` YADAV,9.1.68.1888,spotify i hope you are reading my review you guys are literally repeating ads after every single song which i am playing right now i know you want to earn more by seeking more ads but please let the music remain music with its true feel there is limit for everything,51,2026-08-23,2026-08-17,0.7647,0.2113,0.0241,negative,0.7647
Google Play,3f85f7be-b15b-44d1-8686-56280b881dde,2026-08-23 23:16:45,5,sp dam good with we are one PIECE,Sangeetha Bobby,9.1.76.2055,sp dam good with we are one piece,8,2026-08-23,2026-08-17,0.0505,0.2494,0.7001,positive,0.7001
Google Play,838487e1-7987-4340-b59a-2d35fc04abfb,2026-08-23 23:16:39,5,if we had everything it would be perfect,Suhaas Buddepu,9.1.76.2055,if we had everything it would be perfect,8,2026-08-23,2026-08-17,0.0184,0.0889,0.8928,positive,0.8928
Google Play,65791b7c-0c0e-4550-81b5-50d8de175039,2026-08-23 23:13:58,1,"The amount of glitches and times it just doesn't preform as intended is infuriating. Its a nice platform but I don't pay for premium for this app to break everytime I open it. it takes forever to start playing songs, crashes constantly, and just straight up refuses to load, even in offline mode. It also undownloads my music half the time. *I wrote this review a few months ago and it keeps doing it. it undownloads all my songs at random.",kenzi hope,9.1.76.2055,the amount of glitches and times it just doesn't preform as intended is infuriating its a nice platform but i don't pay for premium for this app to break everytime i open it it takes forever to start playing songs crashes constantly and just straight up refuses to load even in offline mode it also undownloads my music half the time i wrote this review a few months ago and it keeps doing it it undownloads all my songs at random,81,2026-08-23,2026-08-17,0.8775,0.11284999999999999,0.0097,negative,0.8775
Google Play,ae4b90d1-23a3-4f05-b4e2-9465a39f7739,2026-08-23 23:07:43,5,very nice appp,Urvee Mehta,9.1.76.2055,very nice appp,3,2026-08-23,2026-08-17,0.0106,0.0284,0.961,positive,0.961
Google Play,5cbb9b99-4ff3-459e-9426-6fd48ff069ab,2026-08-23 23:05:58,5,i love being able to create my own playlist!,Braylee Watson,9.1.76.2055,i love being able to create my own playlist,9,2026-08-23,2026-08-17,0.0032,0.0137,0.9831,positive,0.9831
Google Play,e855d260-0588-4503-818b-2d2803d45450,2026-08-23 23:00:07,1,Its a really awful app which keeps on disabling features on by one to convince to to buy the premium version. 😠,Dilith Vithanage,9.1.72.1891,its a really awful app which keeps on disabling features on by one to convince to to buy the premium version,21,2026-08-23,2026-08-17,0.9394,0.0544,0.0062,negative,0.9394
Google Play,c69c38cc-7675-4a23-8c84-decba4694676,2026-08-23 22:57:48,5,"I like this app and I am using it from 2022 probably but it had to many ads I am little bother but I like the app 10/10.They are asking for payment to upgrade this app to premium,but what should those who do not have credit or debit cards and those under the age o f 18 do? some of listeners did not have credit card.And why do you want 0 PKR ? please remove this ad Thank You",Ramish Khan,9.1.76.2055,i like this app and i am using it from 2022 probably but it had to many ads i am little bother but i like the app 10 10 they are asking for payment to upgrade this app to premium but what should those who do not have credit or debit cards and those under the age o f 18 do some of listeners did not have credit card and why do you want 0 pkr please remove this ad thank you,82,2026-08-23,2026-08-17,0.35995000000000005,0.21305000000000002,0.42700000000000005,positive,0.427
Google Play,e1dc06f8-1208-4a52-970f-92104a7b9ebc,2026-08-23 22:52:49,5,this app is amazing amazing amazing you can see the lyrics and when you're offline you can still hear it:) you can pick your favorite song and hear it!!! I love this app!!!!!,Zenitsu chan Sigma lnosuke,9.1.76.2055,this app is amazing amazing amazing you can see the lyrics and when you're offline you can still hear it you can pick your favorite song and hear it i love this app,33,2026-08-23,2026-08-17,0.0035,0.0104,0.9861,positive,0.9861
Google Play,26f91e18-15d2-400c-b2c2-6459cf652c0d,2026-08-23 22:42:34,5,its very nice,yogesh sharma,9.1.76.2055,its very nice,3,2026-08-23,2026-08-17,0.0092,0.034,0.9567,positive,0.9567
Google Play,2e522dcb-5342-4dd9-a4ce-e510410e2e44,2026-08-23 22:38:25,2,"nge lag banget cokk mau apa"" delay patah"" lag parahh (bukan soal internet) emg apknya lag banget cokk",Jay Condones,,nge lag banget cokk mau apa delay patah lag parahh bukan soal internet emg apknya lag banget cokk,18,2026-08-23,2026-08-17,0.397,0.575,0.028,neutral,0.575
Google Play,c9c94738-e0ea-4946-93cf-68cf73892c54,2026-08-23 22:38:14,4,Best music streaming app I have experienced.,Ashish Jain,9.1.76.2055,best music streaming app i have experienced,7,2026-08-23,2026-08-17,0.0026,0.013,0.9844,positive,0.9844
Google Play,824f6497-94dd-4902-9df1-96817f055d7b,2026-08-23 22:36:46,1,TOO MANY ADS IM JUST TRYING TO WATCH SOME VIDEOS BUT EVERY 30S I GET A AD,Liam Barnes,,too many ads im just trying to watch some videos but every 30s i get a ad,17,2026-08-23,2026-08-17,0.8307,0.1532,0.0161,negative,0.8307
Google Play,5ac39a10-f647-4061-8251-60460ca48209,2026-08-23 22:34:19,5,love Spotify! just wish they didn't raise the price on is every year...,Nick Taoras,9.1.76.2055,love spotify just wish they didn't raise the price on is every year,13,2026-08-23,2026-08-17,0.1104,0.1713,0.7183,positive,0.7183
Google Play,8a9973ce-edf4-431b-aa1f-ee71667ce19e,2026-08-23 22:34:17,5,I love spotify sm,Aleah Huerta,9.1.72.1891,i love spotify sm,4,2026-08-23,2026-08-17,0.0059,0.0151,0.979,positive,0.979
Google Play,3d3eccbb-2f7e-4ee1-b1b2-03e66d701fee,2026-08-23 22:33:11,1,app shows all my podcasts as deleted.,Freda Velzen,,app shows all my podcasts as deleted,7,2026-08-23,2026-08-17,0.78,0.2072,0.0127,negative,0.78
Google Play,b1c41e93-da47-4e75-b83a-e098ce317b55,2026-08-23 22:31:49,1,"It hurts my heart while listening, Not good😔",Jhon Andrew,,it hurts my heart while listening not good,8,2026-08-23,2026-08-17,0.9313,0.0599,0.0088,negative,0.9313
Google Play,22eacbe4-091a-4228-b71e-cf0b3df7b903,2026-08-23 22:31:48,5,Best music app I've ever used. Thumbs up to the developer,Akingbaso Tokunbo,9.1.60.1970,best music app i've ever used thumbs up to the developer,11,2026-08-23,2026-08-17,0.0042,0.0112,0.9846,positive,0.9846
Google Play,dc95ff30-3edd-4bc0-ad99-3b3e96451e1e,2026-08-23 22:31:12,5,an excellent app. easy to use.,Ahmad Arafa,9.1.76.2055,an excellent app easy to use,6,2026-08-23,2026-08-17,0.0036,0.0118,0.9846,positive,0.9846
Google Play,2619378c-d8d0-4bce-ad37-41a1dd1f2a02,2026-08-23 22:31:02,5,"MUSIC already good without premium as it gives you a bunch of features but premium opens so many more options for how you listen to music, also gets rid of the ads. I don't make reviews so I'm not telling the features, L.",Alan,,music already good without premium as it gives you a bunch of features but premium opens so many more options for how you listen to music also gets rid of the ads i don't make reviews so i'm not telling the features l,43,2026-08-23,2026-08-17,0.0344,0.2418,0.7238,positive,0.7238
Google Play,37042b82-1cb5-4626-b53c-ae6d6384612e,2026-08-23 22:30:58,5,thanks for all,Jyoti Singh,9.1.62.1601,thanks for all,3,2026-08-23,2026-08-17,0.0057,0.0324,0.9619,positive,0.9619
Google Play,6117d37e-6a77-4029-a891-b42a46dd9f54,2026-08-23 22:30:41,5,life changing. I did the three month free trial going ad free. and I couldn't turn back.,Matthew Crocamo,9.1.76.2055,life changing i did the three month free trial going ad free and i couldn't turn back,17,2026-08-23,2026-08-17,0.0062,0.0741,0.9196,positive,0.9196
Google Play,f80212c9-e918-4f4c-b950-e21da1cd62ce,2026-08-22 23:53:42,5,It's really good I loved it so much! it honestly made me feel morre mature and I it's useful!,SAFI CLEANING,9.1.72.1891,it's really good i loved it so much it honestly made me feel morre mature and i it's useful,19,2026-08-22,2026-08-17,0.0042,0.0078,0.988,positive,0.988
Google Play,0a06bccd-9c33-46ed-a3cf-126a0c7d93b2,2026-08-22 23:50:56,4,the app treats you real miserably if you dont have the premium version,Meera Biswakarma,,the app treats you real miserably if you dont have the premium version,13,2026-08-22,2026-08-17,0.8547,0.1358,0.0095,negative,0.8547
Google Play,754f6159-379e-45dc-b2d7-58ed68531422,2026-08-22 23:47:27,5,"some music I can't find on Spotify. overall updates on new album releases, concert's and no commercials is great 🤘🤘🤘",Robert Fava,9.1.76.2055,some music i can't find on spotify overall updates on new album releases concert's and no commercials is great,19,2026-08-22,2026-08-17,0.0279,0.13,0.842,positive,0.842
Google Play,4ab9c499-1309-460d-935f-375c2e19134b,2026-08-22 23:42:14,5,best app for music but too much adds,Suman sukh,9.1.72.1891,best app for music but too much adds,8,2026-08-22,2026-08-17,0.4839,0.3206,0.1955,negative,0.4839
Google Play,e7014b2e-6b66-4b51-8438-e43b9df091f4,2026-08-22 23:41:19,5,one of the finest apps for seamless and break free music yes you get breaks but not like youtube music where you have to watch ads to every song. yes you can minimize the app,Ravi Kiran,9.1.76.2055,one of the finest apps for seamless and break free music yes you get breaks but not like youtube music where you have to watch ads to every song yes you can minimize the app,35,2026-08-22,2026-08-17,0.028,0.1882,0.7838,positive,0.7838
Google Play,353e5e29-4ca5-4215-8790-cf1937315d8e,2026-08-22 23:37:26,5,"Spotify is my main way of listening to music. It has easy to use features, I can make personal playlists easily, and it has a massive library of songs. However if you don't pay for premium it is a little annoying, after a certain amount of time each day you can pick specific songs anymore and there are quite a few ads but less than on youtube music. These things don't really bother me but they are important to know about.",Dolton Fayerweather,9.1.76.2055,spotify is my main way of listening to music it has easy to use features i can make personal playlists easily and it has a massive library of songs however if you don't pay for premium it is a little annoying after a certain amount of time each day you can pick specific songs anymore and there are quite a few ads but less than on youtube music these things don't really bother me but they are important to know about,81,2026-08-22,2026-08-17,0.3648,0.15225,0.48295000000000005,positive,0.483
Google Play,af42c349-1b34-4332-9b8f-a4260c3280d5,2026-08-22 23:34:45,2,"worked fine at first but now every time a click on the app nothing shows up but a blank screen,so I tried to uninstall it and redownload it it worked until the same issue occurred.",Chloe Burke,9.1.76.2055,worked fine at first but now every time a click on the app nothing shows up but a blank screen so i tried to uninstall it and redownload it it worked until the same issue occurred,36,2026-08-22,2026-08-17,0.6148,0.3549,0.0303,negative,0.6148
Google Play,59a51bdf-ccf1-4ea4-8a60-64487438b3cf,2026-08-22 23:34:32,4,"IF IT HAD 0 OUT OF 1000000² I WILL GIVE IT 0 ,IT WAS MY FAVORITE APP BUT THIS UPDATE CHANGED IT I WAS USED TO LISTEN MUSIC PODCASTS AND LYRICS BUT NOW IT IS ASKING FOR PREMIUM TO PLAY LYRICS",Gagan Sai,9.1.76.2055,if it had 0 out of 1000000 i will give it 0 it was my favorite app but this update changed it i was used to listen music podcasts and lyrics but now it is asking for premium to play lyrics,41,2026-08-22,2026-08-17,0.7805,0.1796,0.0399,negative,0.7805
Google Play,c3651222-3438-4a5c-a1ad-ec81f0b429be,2026-08-22 23:33:29,2,Tooo many ads yaar 1 song plus 3 ads 😵‍💫,Aamish Rock,9.1.72.1891,tooo many ads yaar 1 song plus 3 ads,9,2026-08-22,2026-08-17,0.7795,0.2,0.0205,negative,0.7795
Google Play,17885c2d-d5a6-47b9-94e1-6c8d7bfc5494,2026-08-22 23:30:43,1,very helpful at depressed situation🙃 but very bad at free version!!! too many ads no proper shuffling of music and even no choice of music it depends on which song they want to play!!! It's a very bad thing!!!!!!!!! worst thing ever😒,Aarush Rajak,9.1.72.1891,very helpful at depressed situation but very bad at free version too many ads no proper shuffling of music and even no choice of music it depends on which song they want to play it's a very bad thing worst thing ever,42,2026-08-22,2026-08-17,0.9452,0.0485,0.0063,negative,0.9452
Google Play,0ecb0dc1-70fc-4fa1-bff5-b83e7014544f,2026-08-22 23:27:23,5,excellent but expensive,Sparrow Lane,9.1.76.2055,excellent but expensive,3,2026-08-22,2026-08-17,0.2341,0.2861,0.4798,positive,0.4798
Google Play,b1394757-8b59-4a9d-bf8c-a9b5f1bf474a,2026-08-22 23:23:04,1,"the worst app for listening music, you can't even choose your own music if you don't have premium honestly old Spotify was better but nowadays it's only filled of ads begging you to buy premium. I wish I could give this app 0 star..",Arnav Nagdeote,,the worst app for listening music you can't even choose your own music if you don't have premium honestly old spotify was better but nowadays it's only filled of ads begging you to buy premium i wish i could give this app 0 star,44,2026-08-22,2026-08-17,0.9409,0.0532,0.0059,negative,0.9409
Google Play,61fe7d18-ca2d-495c-9cef-77f93536a60d,2026-08-22 23:21:54,1,basic features disabled worst upgrade Spotify you will soon see your downfall all the best,GUJUROTHU ADITHYA,9.1.72.1891,basic features disabled worst upgrade spotify you will soon see your downfall all the best,15,2026-08-22,2026-08-17,0.937,0.0536,0.0094,negative,0.937
Google Play,caccef88-ac66-4b4c-8d27-1e5263c98acd,2026-08-22 23:20:09,5,best of all,Mercy Njeru,9.1.76.2055,best of all,3,2026-08-22,2026-08-17,0.0351,0.2788,0.6862,positive,0.6862
Google Play,91791951-ebe3-4cb5-a3b2-4bc39714f7b4,2026-08-22 23:16:46,4,I like this app,Purniima J,9.1.72.1891,i like this app,4,2026-08-22,2026-08-17,0.0064,0.047,0.9466,positive,0.9466
Google Play,b2cb498f-ce04-409d-9224-957844f77a3b,2026-08-22 23:15:31,5,always use it but better get premium the ads ruin the vibe l,jay,9.1.76.2055,always use it but better get premium the ads ruin the vibe l,13,2026-08-22,2026-08-17,0.7479,0.2215,0.0305,negative,0.7479
Google Play,5e1bdbcd-ca38-4116-a3b9-a98fbcf74e73,2026-08-22 23:15:03,5,Absolutely love it!!,Heather Lindsey,9.1.76.2055,absolutely love it,3,2026-08-22,2026-08-17,0.0048,0.0139,0.9813,positive,0.9813
Google Play,09fd3937-d9cc-4349-922f-0acf4cc9f1b5,2026-08-22 23:14:52,4,it's cool but I wish you could choose music on mobile without premium,Elliot,9.1.72.1891,it's cool but i wish you could choose music on mobile without premium,13,2026-08-22,2026-08-17,0.0387,0.4493,0.512,positive,0.512
Google Play,0a7b62ca-3745-4cd2-a6e2-e99cf4e1978a,2026-08-22 23:12:09,1,very bad experience i can not listen multiple times my favorite song 👎,Touqeer Alam,9.1.62.1601,very bad experience i can not listen multiple times my favorite song,12,2026-08-22,2026-08-17,0.9261,0.0642,0.0097,negative,0.9261
Google Play,e8c459d2-37a6-4284-aca8-0e483d6e149a,2026-08-22 23:11:46,4,too many ads but one of the best,Rajkumar Agarwal,9.1.76.2055,too many ads but one of the best,8,2026-08-22,2026-08-17,0.0281,0.0707,0.9012,positive,0.9012
Google Play,129ae936-56b7-463c-b9cf-4fbb35e0f901,2026-08-22 23:09:42,5,the music is clear as crystal. And the overall experience was fantastic,Renuka Nair,,the music is clear as crystal and the overall experience was fantastic,12,2026-08-22,2026-08-17,0.0031,0.0109,0.986,positive,0.986
Google Play,8c3383ea-ec62-4cd9-b806-27d7bdf788f5,2026-08-22 23:07:40,5,AWSome app,Poco Squall,,awsome app,2,2026-08-22,2026-08-17,0.0626,0.8193,0.1181,neutral,0.8193
Google Play,42c0a34a-882c-4778-8b83-9630c4754048,2026-08-22 23:05:40,4,overall experience is good but this ad man it always kills the mood. but if u purchase premium then its awesome. 5 star in premium version,Shivam Bhardwaj,9.1.72.1891,overall experience is good but this ad man it always kills the mood but if u purchase premium then its awesome 5 star in premium version,26,2026-08-22,2026-08-17,0.3436,0.2408,0.4155,positive,0.4155
Google Play,df19ca1f-c453-4149-90db-105f3131029a,2026-08-22 23:04:44,4,"there's this song of karan aujla ""who they?"" from the album ""four me"" which has disappeared from Spotify (was there 3-4 days back). It's still written ""4 songs"" on the album but in the content, only 3 songs are visible. kindly look into the matter.",Hiten Jhamb,9.1.76.2055,there's this song of karan aujla who they from the album four me which has disappeared from spotify was there 3 4 days back it's still written 4 songs on the album but in the content only 3 songs are visible kindly look into the matter,46,2026-08-22,2026-08-17,0.4395,0.5466,0.0139,neutral,0.5466
Google Play,3548c2a2-503e-498f-87ef-52359e0e6b06,2026-08-22 23:04:19,5,“Spotify makes it easy to discover music and enjoy playlists based on different moods and interests. The interface is simple to navigate.”,Sadhu Mounika,,spotify makes it easy to discover music and enjoy playlists based on different moods and interests the interface is simple to navigate,22,2026-08-22,2026-08-17,0.0027,0.036,0.9613,positive,0.9613
Google Play,e119cc6e-be1b-4169-a1a7-b816e53e44b9,2026-08-22 23:04:04,5,I'm personally a musickin and this app helps with that! and it's amazing if your sad,Emelia Weaver,9.1.76.2055,i'm personally a musickin and this app helps with that and it's amazing if your sad,16,2026-08-22,2026-08-17,0.0181,0.051,0.9309,positive,0.9309
Google Play,4106172b-f42d-440f-b316-ca945c0b01c4,2026-08-22 23:03:22,5,"I definitely had my addiction to all the other music streaming, podcast,However @SPOTIFY has been my go to since the 1st day i was introduced to this app I promote to my friends & share anytime I have 2 or 3 month premium trial. Like they say, ""Once you try SPOTIFY your gonna wonder why we wasted time with the others. All the other feel so obsolete now. To anyone complaining bout adds (Try this) If you let it play & try not to skip l songs back to back it cuts back. not happy...u have radio! lol",Heart Breakr So deal with it,9.1.72.1891,i definitely had my addiction to all the other music streaming podcast however spotify has been my go to since the 1st day i was introduced to this app i promote to my friends share anytime i have 2 or 3 month premium trial like they say once you try spotify your gonna wonder why we wasted time with the others all the other feel so obsolete now to anyone complaining bout adds try this if you let it play try not to skip l songs back to back it cuts back not happy u have radio lol,98,2026-08-22,2026-08-17,0.388,0.18130000000000002,0.43065,positive,0.4306
Google Play,409d85bf-ba90-4fe6-a8d1-6a07c14d661e,2026-08-22 23:01:25,5,my favorite app,rajes wary,9.1.72.1891,my favorite app,3,2026-08-22,2026-08-17,0.0063,0.0204,0.9733,positive,0.9733
Google Play,2022b758-fcf1-449e-8033-3c000f8fdbef,2026-08-22 23:01:20,5,good choices good price good service,Dawne Kastein,9.1.76.2055,good choices good price good service,6,2026-08-22,2026-08-17,0.0282,0.0943,0.8775,positive,0.8775
Google Play,a68b28b2-3353-4af0-a413-db02282c2fff,2026-08-22 22:56:30,5,I Like music 🎶🎶🎶🎶😄😄😄😄😄 Einjo mind in headphone all song 🎵🎵🎵🎵🎵 happiness 😊☺️,Parag Patkar,,i like music einjo mind in headphone all song happiness,10,2026-08-22,2026-08-17,0.0029,0.0156,0.9816,positive,0.9816
Google Play,93ec35c4-b883-4830-a62f-a2122be05e1c,2026-08-22 22:52:55,5,best experiece less ads,Amita Khirale,9.1.76.2055,best experiece less ads,4,2026-08-22,2026-08-17,0.0355,0.1623,0.8022,positive,0.8022
Google Play,a514f237-8d6c-443d-b6bb-1de41b203456,2026-08-22 22:47:41,5,such a good app love. it fully n thoroughly,Girija Pandita,9.1.68.1888,such a good app love it fully n thoroughly,9,2026-08-22,2026-08-17,0.0074,0.0134,0.9792,positive,0.9792
Google Play,b5cd813e-5886-46da-9766-8060b7e391a0,2026-08-22 22:47:03,5,I enjoy ever playlist,Christiana Deborah,,i enjoy ever playlist,4,2026-08-22,2026-08-17,0.0044,0.0366,0.9589,positive,0.9589
Google Play,b1e626b6-f81f-4f6b-9e95-f49765955a61,2026-08-22 22:44:45,1,"can't give a negative star so giving the least one. it's an app made by greedy people and its living upto that by itself. it's only purpose was streaming music, they decided why not make people pay to listen to music we didn't make. not worth it if you value your time.",Tanishka,,can't give a negative star so giving the least one it's an app made by greedy people and its living upto that by itself it's only purpose was streaming music they decided why not make people pay to listen to music we didn't make not worth it if you value your time,52,2026-08-22,2026-08-17,0.8838,0.1077,0.0086,negative,0.8838
Google Play,0830edfe-df50-417d-8a5d-e771690a9156,2026-08-22 22:44:43,5,good broo,Vishnu G Nair,,good broo,2,2026-08-22,2026-08-17,0.0278,0.1812,0.791,positive,0.791
Google Play,a2d9b007-cc31-48aa-8231-1d5c4a019ee3,2026-08-22 22:44:40,1,worst one. no freedom. cant even choose the song you want to play like why even open Spotify then?,JOYAL JOHNSON,9.1.72.1891,worst one no freedom cant even choose the song you want to play like why even open spotify then,19,2026-08-22,2026-08-17,0.9173,0.0771,0.0055,negative,0.9173
Google Play,40017759-06a9-4148-84ec-4c5e5cd19000,2026-08-22 22:44:01,1,lord have mercy to thos who don't have premium,Aditya,9.1.64.1676,lord have mercy to thos who don't have premium,9,2026-08-22,2026-08-17,0.5438,0.3834,0.0728,negative,0.5438
Google Play,397dd5ef-d864-4188-9faa-a8d8919f4f5c,2026-08-22 22:43:59,2,can only use it in offline mode. as it always pauses at the end of songs. have done everything to figure it out nothing online works,Andrew Thomson,9.1.76.2055,can only use it in offline mode as it always pauses at the end of songs have done everything to figure it out nothing online works,26,2026-08-22,2026-08-17,0.877,0.1154,0.0076,negative,0.877
Google Play,a2500ac5-ab16-4ff8-989a-1af757b04fd6,2026-08-22 22:42:15,3,good but ads bahut ata hai,Abhiraj kumar Abhiraj kumar,9.1.72.1891,good but ads bahut ata hai,6,2026-08-22,2026-08-17,0.2508,0.5462,0.203,neutral,0.5462
Google Play,450f894b-7b64-4fe5-8d69-a2094379c29f,2026-08-22 22:39:36,5,this is good,Mukama Peter,9.1.76.2055,this is good,3,2026-08-22,2026-08-17,0.0086,0.0611,0.9303,positive,0.9303
Google Play,350d7192-ff18-4ee8-afa8-4d517d2e6f1f,2026-08-22 22:39:33,4,very good app for music but not all songs can be Found,San,9.1.76.2055,very good app for music but not all songs can be found,12,2026-08-22,2026-08-17,0.0595,0.2927,0.6478,positive,0.6478
Google Play,d3bda379-b45e-431f-a166-d64a69a781fa,2026-08-21 23:55:19,1,I cannot play the songs which I want in my phone,Viha Bhagatwala,9.1.76.2055,i cannot play the songs which i want in my phone,11,2026-08-21,2026-08-17,0.6795,0.2951,0.0254,negative,0.6795
Google Play,383e309d-e95e-471e-b737-7ca9f88b012c,2026-08-21 23:50:43,1,"Cant play my choice song,",Shubham Porji,9.1.68.1888,cant play my choice song,5,2026-08-21,2026-08-17,0.8545,0.1383,0.0072,negative,0.8545
Google Play,bf3f4893-cacb-4a00-b0b9-3f3d6c815565,2026-08-21 23:48:12,5,ma looove,Dipin K,9.1.76.2055,ma looove,2,2026-08-21,2026-08-17,0.0185,0.1022,0.8793,positive,0.8793
Google Play,c54882c9-bfc6-4c33-8dd8-45285496e3f0,2026-08-21 23:47:22,5,I love music. And I love Spotify 4 having the ULTIMATE collection n every genre of music. Bcuz we all know that u r not a true music fan if u dont listen 2 ALL types of music. Still love this app. Still loving Spotify. Love it so much I now hv a Duo plan 4 me & my other half! Keep up the awesome work.,Cherida Ambrose,9.1.72.1891,i love music and i love spotify 4 having the ultimate collection n every genre of music bcuz we all know that u r not a true music fan if u dont listen 2 all types of music still love this app still loving spotify love it so much i now hv a duo plan 4 me my other half keep up the awesome work,65,2026-08-21,2026-08-17,0.00485,0.014349999999999998,0.9807999999999999,positive,0.9808
Google Play,b0f7333d-5deb-4374-8e74-f9f06d4fc475,2026-08-21 23:47:05,1,They took out the sort feature in playlists. Made it harder to find songs. Got me looking for songs in traffic because I can't sort by Artist or nothing. Trash Can app.,Chris Hanleck,9.1.76.2055,they took out the sort feature in playlists made it harder to find songs got me looking for songs in traffic because i can't sort by artist or nothing trash can app,32,2026-08-21,2026-08-17,0.9202,0.0745,0.0054,negative,0.9202
Google Play,166dd7bc-0b91-4884-bd1c-b5108768f4ef,2026-08-21 23:47:04,1,Switching to other good apps .. not this one for sure,Aqeel,9.1.76.2055,switching to other good apps not this one for sure,10,2026-08-21,2026-08-17,0.3797,0.4149,0.2054,neutral,0.4149
Google Play,37168f64-a6a7-4fed-a2df-5aba9905150b,2026-08-21 23:46:38,5,yes this good app for song,Jishnu Mondal,9.1.64.1676,yes this good app for song,6,2026-08-21,2026-08-17,0.0026,0.0153,0.9821,positive,0.9821
Google Play,9738ebed-563f-4fde-82f2-70a90f013353,2026-08-21 23:44:47,5,good sound quality songs,Linesh Soni,9.1.72.1891,good sound quality songs,4,2026-08-21,2026-08-17,0.0066,0.086,0.9074,positive,0.9074
Google Play,0be34483-0808-49be-834f-22644f77497d,2026-08-21 23:37:12,1,to many adds i hate it,pasha f,,to many adds i hate it,6,2026-08-21,2026-08-17,0.8912,0.0957,0.0131,negative,0.8912
Google Play,c0ec4cea-17e5-4aab-971b-7e30537bb846,2026-08-21 23:34:59,5,best songs and very best app,Sunil Singh,9.1.76.2055,best songs and very best app,6,2026-08-21,2026-08-17,0.0046,0.0153,0.9801,positive,0.9801
Google Play,15a4fbc5-b0b6-4aed-8702-2a9237f9badb,2026-08-21 23:31:16,1,so much adds,Yashraj Yadav,9.1.76.2055,so much adds,3,2026-08-21,2026-08-17,0.1493,0.5376,0.3131,neutral,0.5376
Google Play,e3f676b3-c8e1-4ac5-9967-0847dd8ad14f,2026-08-21 23:30:53,5,great music thanks,Chansy Jordison,9.1.76.2055,great music thanks,3,2026-08-21,2026-08-17,0.0057,0.0188,0.9755,positive,0.9755
Google Play,a5a07c83-14a6-46de-ad3d-738a36de4572,2026-08-21 23:29:10,5,great time listening 🎶,Ricky Luther,9.1.76.2055,great time listening,3,2026-08-21,2026-08-17,0.0031,0.0126,0.9843,positive,0.9843
Google Play,bca8a6a9-e050-4782-91c2-1e7005215bcc,2026-08-21 23:26:27,4,"good app but sometimes when i download the music it won't let me it only shows me an ""!""",Juanita Badenhorst,9.1.76.2055,good app but sometimes when i download the music it won't let me it only shows me an,18,2026-08-21,2026-08-17,0.7246,0.2321,0.0433,negative,0.7246
Google Play,1781c881-b123-4bb5-9090-40d1ee5a802a,2026-08-21 23:26:07,1,this app sucks it is constantly shutting down for no reason.,Steve Smith,9.1.76.2055,this app sucks it is constantly shutting down for no reason,11,2026-08-21,2026-08-17,0.9622,0.0324,0.0055,negative,0.9622
Google Play,ab1bf598-04d5-428d-8bd0-0c9175bd86d9,2026-08-21 23:25:33,5,super sexy hot,Lipika Bhaliyea,9.1.52.1394,super sexy hot,3,2026-08-21,2026-08-17,0.0286,0.1075,0.8639,positive,0.8639
Google Play,95a5c55c-cdf6-4b57-8da4-20e016b2481f,2026-08-21 23:22:41,5,it's great I enjoy the music and everything,Scott Chorba,9.1.76.2055,it's great i enjoy the music and everything,8,2026-08-21,2026-08-17,0.0047,0.0112,0.984,positive,0.984
Google Play,8d40f694-ca27-4a8e-a2f8-015d7cff3412,2026-08-21 23:14:52,3,ota good but the ads and the price is also high .,Pyllo Neo,,ota good but the ads and the price is also high,11,2026-08-21,2026-08-17,0.8411,0.1453,0.0137,negative,0.8411
Google Play,0f1511c2-aadc-46f4-9752-77a928593203,2026-08-21 23:11:25,1,without primium this is now trash app,Alie Das,,without primium this is now trash app,7,2026-08-21,2026-08-17,0.9194,0.0733,0.0073,negative,0.9194
Google Play,5a578f64-1101-460e-9b51-7602e4c623cb,2026-08-21 23:09:21,5,the best music station!,Carlton Smith,9.1.76.2055,the best music station,4,2026-08-21,2026-08-17,0.0028,0.0102,0.987,positive,0.987
Google Play,0a54c477-3691-4c70-9210-126774a68fb2,2026-08-21 23:08:26,1,"worst app , ads are ok but now we can not play we want , for that we have to take subscription",Dishant Rajput,9.0.80.1343,worst app ads are ok but now we can not play we want for that we have to take subscription,20,2026-08-21,2026-08-17,0.9236,0.0698,0.0066,negative,0.9236
Google Play,025c2f1b-126a-47b3-a8ed-b909021c4ada,2026-08-21 23:02:28,1,It has become SO slow and barely works without internet on even if you have things downloaded. Going to find a new app if they don't fix it soon.,Nick Smith,9.1.76.2055,it has become so slow and barely works without internet on even if you have things downloaded going to find a new app if they don't fix it soon,29,2026-08-21,2026-08-17,0.9304,0.0625,0.0071,negative,0.9304
Google Play,a6d3b5f5-f211-43e0-890a-48f70b80c93a,2026-08-21 23:02:07,5,great app for music and all song like it,samie malik,9.1.76.2055,great app for music and all song like it,9,2026-08-21,2026-08-17,0.0036,0.0172,0.9792,positive,0.9792
Google Play,5919bcc3-5e70-4318-8b2e-92ab10922b64,2026-08-21 23:01:58,1,for selling their premium they trapped Us and do whenever they want pls raise voice against it and tooo much ads,Shivam Fojdar,9.1.72.1891,for selling their premium they trapped us and do whenever they want pls raise voice against it and tooo much ads,21,2026-08-21,2026-08-17,0.7396,0.2467,0.0137,negative,0.7396
Google Play,5d77a3ff-41c0-4e04-901a-9b85e19b4c56,2026-08-21 23:00:06,1,I had to get premium just to play songs and I played 1 song today and now all of a sudden I can't it says I must chose songs for tomorrow by getting premium and can't even play the songs in liked songs that I wanna play if this doesn't get updated soon I'm afraid I'm gonna delete this app,Khomotso Hlanyane,9.1.76.2055,i had to get premium just to play songs and i played 1 song today and now all of a sudden i can't it says i must chose songs for tomorrow by getting premium and can't even play the songs in liked songs that i wanna play if this doesn't get updated soon i'm afraid i'm gonna delete this app,60,2026-08-21,2026-08-17,0.8302,0.1591,0.0108,negative,0.8302
Google Play,9e608a0f-3466-4288-8990-a05a1e5e5028,2026-08-21 22:55:00,1,worst update ever i can't choose my music after choosing 6-7 by myself. they are requesting premium to choose or skip music,Shreyansh G.,9.1.76.2055,worst update ever i can't choose my music after choosing 6 7 by myself they are requesting premium to choose or skip music,23,2026-08-21,2026-08-17,0.9011,0.0917,0.0072,negative,0.9011
Google Play,55525e23-8795-4710-9f25-07cafd589791,2026-08-21 22:52:43,1,"fix your app, I'm so tired of seeing Spotify ""downloading"" on my notifications bar. 3 Damm days",Mario Plaza,9.1.76.2055,fix your app i'm so tired of seeing spotify downloading on my notifications bar 3 damm days,17,2026-08-21,2026-08-17,0.9367,0.0564,0.0069,negative,0.9367
Google Play,9c1344bb-8250-44f6-aed3-5f1afbb7bf9c,2026-08-21 22:52:25,1,more advertisements then musics . the ads really irritating. we can't even play music which we want to play,HARDY & WABY,8.8.36.521,more advertisements then musics the ads really irritating we can't even play music which we want to play,18,2026-08-21,2026-08-17,0.9117,0.0825,0.0058,negative,0.9117
Google Play,b89c28b2-c9cf-423b-a1d9-2a5ecc5f9eed,2026-08-21 22:52:09,4,"I love love love spotify honestly, I'm a premium user and I have downloaded songs and playlist but everytime I leave the app and come back it doesn't want to load like at all it's just blank and at first I thought it was my phone but it happens to all my friends and family that also use spotify and I don't know what to do and I can't use the app cause it's not working",Chinonye Chukwu Arisi,9.1.76.2055,i love love love spotify honestly i'm a premium user and i have downloaded songs and playlist but everytime i leave the app and come back it doesn't want to load like at all it's just blank and at first i thought it was my phone but it happens to all my friends and family that also use spotify and i don't know what to do and i can't use the app cause it's not working,76,2026-08-21,2026-08-17,0.4331,0.18485000000000001,0.38205,negative,0.4331
Google Play,8fdc993b-dbbc-478a-a18f-bb1113636447,2026-08-21 22:51:40,5,Good enough..wish I could hit forward on all songs I don't care for.,Naomi Facey,9.1.76.2055,good enough wish i could hit forward on all songs i don't care for,14,2026-08-21,2026-08-17,0.2579,0.4616,0.2805,neutral,0.4616
Google Play,b7482ae9-820a-4f64-a14f-71e4776c8c0d,2026-08-21 22:50:50,1,worst app always ad,Soudip Mondal,9.1.72.1891,worst app always ad,4,2026-08-21,2026-08-17,0.9048,0.077,0.0182,negative,0.9048
Google Play,43230aa0-67b9-43f0-bf94-64d1919c008c,2026-08-21 22:49:35,5,so good quality,Laxmi Sri,9.1.72.1891,so good quality,3,2026-08-21,2026-08-17,0.0097,0.0628,0.9276,positive,0.9276
Google Play,75040ea4-e509-4930-95a9-795c931d01a6,2026-08-21 22:49:30,1,"Music good. App bad. I have removed every Permission known to stop the app staring on its own. But no, pause audiobook for another app then restart and I get Spotify instead.",Jon Huff,9.1.76.2055,music good app bad i have removed every permission known to stop the app staring on its own but no pause audiobook for another app then restart and i get spotify instead,32,2026-08-21,2026-08-17,0.7723,0.1957,0.032,negative,0.7723
Google Play,388411d4-cb28-49e2-b12f-ea7da6f4d17e,2026-08-21 22:45:46,5,I enjoyed listening to all kinds of music.,Ellie Nguyen,9.1.76.2055,i enjoyed listening to all kinds of music,8,2026-08-21,2026-08-17,0.0033,0.0221,0.9746,positive,0.9746
Google Play,a9f05004-c6b8-44a7-a4a5-a6b972e965be,2026-08-21 22:40:58,5,It's great.,Wayne Kardel,9.1.72.1891,it's great,2,2026-08-21,2026-08-17,0.0063,0.0259,0.9679,positive,0.9679
Google Play,6c6fd28b-46d1-47c3-bb4b-5a49e410019b,2026-08-21 22:39:22,5,no words ✨,Haadee Wani,9.1.62.1601,no words,2,2026-08-21,2026-08-17,0.0109,0.1204,0.8687,positive,0.8687
Google Play,46dd42e6-cce0-4764-a90b-1a4008cfd4bb,2026-08-21 22:37:40,1,very bad aap,Shivani Namdev,9.1.76.2055,very bad aap,3,2026-08-21,2026-08-17,0.8831,0.104,0.0129,negative,0.8831
Google Play,5dcb0e76-b3d7-477b-a4fa-3aa4cb328fa0,2026-08-21 22:36:36,5,it helped me move on from her,Rehan Khan,9.1.76.2055,it helped me move on from her,7,2026-08-21,2026-08-17,0.1074,0.6794,0.2132,neutral,0.6794
Google Play,f6f0432a-daf6-4124-93c5-ab3a9a6a3e62,2026-08-21 22:36:32,4,just Gen - Z g.o.a.t,Naveen,9.1.76.2055,just gen z g o a t,7,2026-08-21,2026-08-17,0.0481,0.8109,0.141,neutral,0.8109
Google Play,17303a71-1eff-4553-a043-7b2afd1e8adc,2026-08-21 22:32:25,3,i don't like pro version and it has limit😇😪,Sophia Obidiegwu,9.1.72.1891,i don't like pro version and it has limit,9,2026-08-21,2026-08-17,0.9244,0.0694,0.0062,negative,0.9244
Google Play,7e71d28d-8b5e-4b57-a874-9a244418021f,2026-08-21 22:31:22,3,I'm giving this a three stars because of these reasons 1.the ads.the ads are popping up every 2 songs and it's annoying 2.premium.now there's no problem with premium it's just that almost all the features are in premium 3.the auto shuffle.the shuffle IS ALL WAS ON IN MY PLAYLIST and it's pretty annoying when I try to switch it off it says I NEED premium please fix this the app is good but there are some things that are a problem like not being able to play music without premium or limited skips,Nathi Nxumalo,9.1.76.2055,i'm giving this a three stars because of these reasons 1 the ads the ads are popping up every 2 songs and it's annoying 2 premium now there's no problem with premium it's just that almost all the features are in premium 3 the auto shuffle the shuffle is all was on in my playlist and it's pretty annoying when i try to switch it off it says i need premium please fix this the app is good but there are some things that are a problem like not being able to play music without premium or limited skips,99,2026-08-21,2026-08-17,0.6719999999999999,0.21225,0.11575,negative,0.672
Google Play,d45f8869-796c-4c49-ac8e-368b0f5db605,2026-08-21 22:28:55,5,sooo Gooodddd✨🎀🌷,Ashok Ray,9.1.68.1888,sooo gooodddd,2,2026-08-21,2026-08-17,0.003,0.0089,0.9881,positive,0.9881
Google Play,f5607f13-d5ac-4aa0-94e5-fda3ed6584fd,2026-08-21 22:25:53,5,Alot of Ads But I love my music 😋😋😋😋,Kenzi Smith,9.1.76.2055,alot of ads but i love my music,8,2026-08-21,2026-08-17,0.0098,0.05,0.9402,positive,0.9402
Google Play,5a9d9959-9e7f-4bcd-9462-ddccd0314ba8,2026-08-21 22:22:53,1,"Modern corps always trying to fix what isn't broken. New widget is inferior in every way, they updated it to force people to use the new one but the block can be circumvented if you have the new one on the home screen lol pathetic software engineering. don't bother telling me to offer suggestions at your site, I'm not going to submit a suggestion just for it to get sent straight the shredder. 1 star.",Joel Gonzalez,,modern corps always trying to fix what isn't broken new widget is inferior in every way they updated it to force people to use the new one but the block can be circumvented if you have the new one on the home screen lol pathetic software engineering don't bother telling me to offer suggestions at your site i'm not going to submit a suggestion just for it to get sent straight the shredder 1 star,75,2026-08-21,2026-08-17,0.85895,0.12945,0.0116,negative,0.859
Google Play,2557e054-ff82-451f-9048-443ab6cedd5c,2026-08-21 22:20:06,3,app is good but when ads come it suck's broo i genuienly don't like that.,Harsh Chachapara,9.0.88.1405,app is good but when ads come it suck's broo i genuienly don't like that,15,2026-08-21,2026-08-17,0.9235,0.0661,0.0105,negative,0.9235
Google Play,19c4f0cc-2307-45c7-878c-6fead6d08505,2026-08-21 22:18:17,1,"This was advertised as 3 months free but I have already been charged for the first month, rather than in November.  How do I get a refund?",Elizabeth Stuart-Cairns,9.1.72.1891,this was advertised as 3 months free but i have already been charged for the first month rather than in november how do i get a refund,27,2026-08-21,2026-08-17,0.6538,0.3335,0.0127,negative,0.6538
Google Play,9e3513ab-53ce-49fb-bb5f-8cbee0c2f3ea,2026-08-21 22:15:58,1,It's become terrible there are too many ads now we have to get premium so we can listen to any song at any time,Ani Harucunyan,9.1.76.2055,it's become terrible there are too many ads now we have to get premium so we can listen to any song at any time,24,2026-08-21,2026-08-17,0.876,0.1139,0.0101,negative,0.876
Google Play,75a1c30d-bd65-459b-9516-d69af334b7c3,2026-08-21 22:13:39,2,"recently it has stopped playing songs on my android realme 9pro+ UI 5.0. The song plays but there's no audio. Only when I restart my phone , it plays for few seconds and then again stops. please fix this ASAP.",Dyuti Garai,9.1.76.2055,recently it has stopped playing songs on my android realme 9pro ui 5 0 the song plays but there's no audio only when i restart my phone it plays for few seconds and then again stops please fix this asap,40,2026-08-21,2026-08-17,0.8445,0.1455,0.01,negative,0.8445
Google Play,b9258e53-e249-4094-ba74-6794f80359e1,2026-08-21 22:12:30,5,the best music platform no doubt,Big Osas,9.0.98.1187,the best music platform no doubt,6,2026-08-21,2026-08-17,0.0053,0.0351,0.9596,positive,0.9596
Google Play,25316304-ccb2-430e-a635-0eababfc0795,2026-08-21 22:11:42,5,Cool and Affective details and tips for playlists,Izzie Almonte,9.1.72.1891,cool and affective details and tips for playlists,8,2026-08-21,2026-08-17,0.0115,0.4216,0.5669,positive,0.5669
